Pc_MPa,Tc_K,At_m2,Ae_m2,Expansion_ratio,Mach_exit,Mass_flow_kg_s,Exit_temperature_K,Exit_pressure_Pa,Exit_velocity_m_s,Thrust_N,Specific_impulse_s,System
3.0,2500.0,0.01,0.1,10.0,3.336459436476093,20.77504436356621,1123.8400871444746,35607.59416394956,2327.7278391710815,51919.408541482284,254.7526845022286,Chemical
3.0,2500.0,0.01,0.13333333333333333,13.333333333333332,3.546756238827447,20.77504436356621,1048.77087454043,24268.696590821128,2390.3733718178455,52895.93905711257,259.5442215659915,Chemical
3.0,2500.0,0.01,0.16666666666666669,16.666666666666668,3.709711353629565,20.77504436356621,994.5042042827118,18075.51433702869,2434.6555274825705,53592.6623162902,262.962829859436,Chemical
3.0,2500.0,0.01,0.2,20.0,3.8430877898689824,20.77504436356621,952.5168035314098,14229.912935990475,2468.3726188257324,54126.533249114786,265.58237151323016,Chemical
3.0,2500.0,0.01,0.23333333333333336,23.333333333333336,3.956182851387193,20.77504436356621,918.5597223608524,11635.278388323826,2495.307931891218,54555.03127640759,267.68488049442425,Chemical
3.0,2500.0,0.01,0.26666666666666666,26.666666666666664,4.054483234442571,20.77504436356621,890.2272294993583,9779.629836306032,2517.5612060878357,54910.34703414964,269.4283064246024,Chemical
3.0,2500.0,0.01,0.3,30.0,4.141502218403694,20.77504436356621,866.0334670175406,8393.911879622083,2536.4092468661697,55212.18819169085,270.9093488196722,Chemical
3.0,2500.0,0.01,0.33333333333333337,33.333333333333336,4.21962710390372,20.77504436356621,845.0005892415239,7324.060251945361,2552.68173567168,55473.42972195947,272.1911812405139,Chemical
3.0,2500.0,0.01,0.3666666666666667,36.66666666666667,4.290555185097192,20.77504436356621,826.45310637422,6475.904067091187,2566.9457614224684,55702.91023035346,273.3171720250121,Chemical
3.0,2500.0,0.01,0.4,40.0,4.355537019605814,20.77504436356621,809.9061762026558,5788.844394558281,2579.6046826925563,55906.9394812243,274.3182812601991,Chemical
3.0,2666.6666666666665,0.01,0.1,10.0,3.336459436476093,20.11535020920305,1198.762759620773,35607.59416394956,2404.0669748301266,51919.408541482284,263.1074411943369,Chemical
3.0,2666.6666666666665,0.01,0.13333333333333333,13.333333333333332,3.546756238827447,20.11535020920305,1118.6889328431253,24268.696590821128,2468.767002738183,52895.93905711258,268.05611939452075,Chemical
3.0,2666.6666666666665,0.01,0.16666666666666669,16.666666666666668,3.709711353629565,20.11535020920305,1060.804484568226,18075.51433702869,2514.501416451154,53592.6623162902,271.58684285791196,Chemical
3.0,2666.6666666666665,0.01,0.2,20.0,3.8430877898689824,20.11535020920305,1016.017923766837,14229.912935990475,2549.324278652387,54126.5332491148,274.2922938445364,Chemical
3.0,2666.6666666666665,0.01,0.23333333333333336,23.333333333333336,3.956182851387193,20.11535020920305,979.7970371849092,11635.278388323826,2577.1429503663885,54555.03127640759,276.46375578304736,Chemical
3.0,2666.6666666666665,0.01,0.26666666666666666,26.666666666666664,4.054483234442571,20.11535020920305,949.5757114659821,9779.629836306032,2600.126033129612,54910.34703414965,278.26435834116097,Chemical
3.0,2666.6666666666665,0.01,0.3,30.0,4.141502218403694,20.11535020920305,923.7690314853766,8393.911879622083,2619.5922059411128,55212.18819169087,279.793972349463,Chemical
3.0,2666.6666666666665,0.01,0.33333333333333337,33.333333333333336,4.21962710390372,20.11535020920305,901.3339618576256,7324.060251945361,2636.3983601131363,55473.429721959474,281.11784318107595,Chemical
3.0,2666.6666666666665,0.01,0.3666666666666667,36.66666666666667,4.290555185097192,20.11535020920305,881.5499801325013,6475.904067091187,2651.13018256185,55702.91023035346,282.2807614627678,Chemical
3.0,2666.6666666666665,0.01,0.4,40.0,4.355537019605814,20.11535020920305,863.8999212828328,5788.844394558281,2664.204260231183,55906.9394812243,283.31470263493145,Chemical
3.0,2833.3333333333335,0.01,0.1,10.0,3.336459436476093,19.51475614325517,1273.6854320970715,35607.59416394956,2478.0555170709317,51919.408541482284,271.20494273255963,Chemical
3.0,2833.3333333333335,0.01,0.13333333333333333,13.333333333333332,3.546756238827447,19.51475614325517,1188.6069911458208,24268.696590821128,2544.746779332263,52895.93905711257,276.305923464197,Chemical
3.0,2833.3333333333335,0.01,0.16666666666666669,16.666666666666668,3.709711353629565,19.51475614325517,1127.10476485374,18075.51433702869,2591.8887339483326,53592.6623162902,279.9453099077991,Chemical
3.0,2833.3333333333335,0.01,0.2,20.0,3.8430877898689824,19.51475614325517,1079.5190440022645,14229.912935990475,2627.7833187088354,54126.5332491148,282.73402495349524,Chemical
3.0,2833.3333333333335,0.01,0.23333333333333336,23.333333333333336,3.956182851387193,19.51475614325517,1041.0343520089662,11635.278388323826,2656.4581491691383,54555.03127640759,284.9723166871175,Chemical
3.0,2833.3333333333335,0.01,0.26666666666666666,26.666666666666664,4.054483234442571,19.51475614325517,1008.9241934326061,9779.629836306032,2680.148568627909,54910.34703414964,286.8283353213324,Chemical
3.0,2833.3333333333335,0.01,0.3,30.0,4.141502218403694,19.51475614325517,981.5045959532126,8393.911879622083,2700.2138402849946,55212.18819169085,288.4050253519958,Chemical
3.0,2833.3333333333335,0.01,0.33333333333333337,33.333333333333336,4.21962710390372,19.51475614325517,957.6673344737272,7324.060251945361,2717.5372274879114,55473.42972195946,289.7696401703494,Chemical
3.0,2833.3333333333335,0.01,0.3666666666666667,36.66666666666667,4.290555185097192,19.51475614325517,936.6468538907827,6475.904067091187,2732.7224424913848,55702.91023035346,290.9683488976938,Chemical
3.0,2833.3333333333335,0.01,0.4,40.0,4.355537019605814,19.51475614325517,917.89366636301,5788.844394558281,2746.1988932884324,55906.93948122429,292.03411106357015,Chemical
3.0,3000.0,0.01,0.1,10.0,3.336459436476093,18.964934051826287,1348.6081045733697,35607.59416394956,2549.8980904935174,51919.40854148229,279.06758377373467,Chemical
3.0,3000.0,0.01,0.13333333333333333,13.333333333333332,3.546756238827447,18.964934051826287,1258.525049448516,24268.696590821128,2618.5228332086353,52895.93905711258,284.31644964362465,Chemical
3.0,3000.0,0.01,0.16666666666666669,16.666666666666668,3.709711353629565,18.964934051826287,1193.405045139254,18075.51433702869,2667.0315043136848,53592.6623162902,288.0613473988122,Chemical
3.0,3000.0,0.01,0.2,20.0,3.8430877898689824,18.964934051826287,1143.0201642376917,14229.912935990475,2703.9667273179093,54126.53324911479,290.9309115070272,Chemical
3.0,3000.0,0.01,0.23333333333333336,23.333333333333336,3.956182851387193,18.964934051826287,1102.271666833023,11635.278388323826,2733.472884436769,54555.0312764076,293.2340946997416,Chemical
3.0,3000.0,0.01,0.26666666666666666,26.666666666666664,4.054483234442571,18.964934051826287,1068.27267539923,9779.629836306032,2757.8501249484393,54910.34703414964,295.1439221183375,Chemical
3.0,3000.0,0.01,0.3,30.0,4.141502218403694,18.964934051826287,1039.2401604210486,8393.911879622083,2778.4971191465816,55212.18819169087,296.76632277514,Chemical
3.0,3000.0,0.01,0.33333333333333337,33.333333333333336,4.21962710390372,18.964934051826287,1014.0007070898288,7324.060251945361,2796.3227375176384,55473.42972195948,298.17049983881293,Chemical
3.0,3000.0,0.01,0.3666666666666667,36.66666666666667,4.290555185097192,18.964934051826287,991.743727649064,6475.904067091187,2811.9481948467205,55702.91023035346,299.4039609432381,Chemical
3.0,3000.0,0.01,0.4,40.0,4.355537019605814,18.964934051826287,971.887411443187,5788.844394558281,2825.8153483133387,55906.939481224304,300.50062116451545,Chemical
3.0,3166.6666666666665,0.01,0.1,10.0,3.336459436476093,18.4591113212307,1423.530777049668,35607.59416394956,2619.7712491970155,51919.40854148228,286.71468686492125,Chemical
3.0,3166.6666666666665,0.01,0.13333333333333333,13.333333333333332,3.546756238827447,18.4591113212307,1328.4431077512113,24268.696590821128,2690.2764700208845,52895.939057112555,292.1073839095972,Chemical
3.0,3166.6666666666665,0.01,0.16666666666666669,16.666666666666668,3.709711353629565,18.4591113212307,1259.7053254247683,18075.51433702869,2740.114391925116,53592.662316290196,295.9549006032248,Chemical
3.0,3166.6666666666665,0.01,0.2,20.0,3.8430877898689824,18.4591113212307,1206.521284473119,14229.912935990475,2778.0617262401192,54126.533249114786,298.90309746507444,Chemical
3.0,3166.6666666666665,0.01,0.23333333333333336,23.333333333333336,3.956182851387193,18.4591113212307,1163.5089816570796,11635.278388323826,2808.3764209263363,54555.031276407586,301.269393252503,Chemical
3.0,3166.6666666666665,0.01,0.26666666666666666,26.666666666666664,4.054483234442571,18.4591113212307,1127.6211573658538,9779.629836306032,2833.4216547203173,54910.34703414964,303.23155439957753,Chemical
3.0,3166.6666666666665,0.01,0.3,30.0,4.141502218403694,18.4591113212307,1096.9757248888845,8393.911879622083,2854.6344247460247,55212.18819169085,304.8984126207807,Chemical
3.0,3166.6666666666665,0.01,0.33333333333333337,33.333333333333336,4.21962710390372,18.4591113212307,1070.3340797059304,7324.060251945361,2872.9485066623783,55473.42972195947,306.3410674131062,Chemical
3.0,3166.6666666666665,0.01,0.3666666666666667,36.66666666666667,4.290555185097192,18.4591113212307,1046.8406014073453,6475.904067091187,2889.00213798941,55702.91023035345,307.6083282304789,Chemical
3.0,3166.6666666666665,0.01,0.4,40.0,4.355537019605814,18.4591113212307,1025.881156523364,5788.844394558281,2903.2492838245666,55906.93948122429,308.73503950123575,Chemical
3.0,3333.333333333333,0.01,0.1,10.0,3.336459436476093,17.991716183597052,1498.453449525966,35607.59416394956,2687.82858909122,51919.408541482284,294.1630619482829,Chemical
3.0,3333.333333333333,0.01,0.13333333333333333,13.333333333333332,3.546756238827447,17.991716183597052,1398.3611660539066,24268.696590821128,2760.1654193654927,52895.93905711256,299.6958523754741,Chemical
3.0,3333.333333333333,0.01,0.16666666666666669,16.666666666666668,3.709711353629565,17.991716183597052,1326.0056057102822,18075.51433702869,2811.298048352144,53592.662316290196,303.6433212124222,Chemical
3.0,3333.333333333333,0.01,0.2,20.0,3.8430877898689824,17.991716183597052,1270.0224047085462,14229.912935990475,2850.2311918786763,54126.53324911479,306.6681073703653,Chemical
3.0,3333.333333333333,0.01,0.23333333333333336,23.333333333333336,3.956182851387193,17.991716183597052,1224.7462964811364,11635.278388323826,2881.3334123768054,54555.031276407586,309.09587562289727,Chemical
3.0,3333.333333333333,0.01,0.26666666666666666,26.666666666666664,4.054483234442571,17.991716183597052,1186.9696393324775,9779.629836306032,2907.029280072341,54910.34703414963,311.10901048309825,Chemical
3.0,3333.333333333333,0.01,0.3,30.0,4.141502218403694,17.991716183597052,1154.7112893567207,8393.911879622083,2928.793122906478,55212.18819169085,312.81917093404786,Chemical
3.0,3333.333333333333,0.01,0.33333333333333337,33.333333333333336,4.21962710390372,17.991716183597052,1126.667452322032,7324.060251945361,2947.582974490971,55473.42972195946,314.29930352050576,Chemical
3.0,3333.333333333333,0.01,0.3666666666666667,36.66666666666667,4.290555185097192,17.991716183597052,1101.9374751656267,6475.904067091187,2964.053652704862,55702.91023035346,315.599485685576,Chemical
3.0,3333.333333333333,0.01,0.4,40.0,4.355537019605814,17.991716183597052,1079.874901603541,5788.844394558281,2978.6709159107327,55906.93948122429,316.75546705842277,Chemical
3.0,3500.0,0.01,0.1,10.0,3.336459436476093,17.55811713604167,1573.3761220022645,35607.59416394956,2754.204721975638,51919.40854148229,301.4274412947979,Chemical
3.0,3500.0,0.01,0.13333333333333333,13.333333333333332,3.546756238827447,17.55811713604167,1468.279224356602,24268.696590821128,2828.327915814243,52895.93905711256,307.09686440537786,Chemical
3.0,3500.0,0.01,0.16666666666666669,16.666666666666668,3.709711353629565,17.55811713604167,1392.3058859957964,18075.51433702869,2880.723268990273,53592.6623162902,311.14181628761463,Chemical
3.0,3500.0,0.01,0.2,20.0,3.8430877898689824,17.55811713604167,1333.5235249439736,14229.912935990475,2920.6178694783143,54126.5332491148,314.24129977141456,Chemical
3.0,3500.0,0.01,0.23333333333333336,23.333333333333336,3.956182851387193,17.55811713604167,1285.9836113051933,11635.278388323826,2952.4881616939497,54555.0312764076,316.72902194690005,Chemical
3.0,3500.0,0.01,0.26666666666666666,26.666666666666664,4.054483234442571,17.55811713604167,1246.3181212991014,9779.629836306032,2978.8185908104256,54910.347034149636,318.79187132667164,Chemical
3.0,3500.0,0.01,0.3,30.0,4.141502218403694,17.55811713604167,1212.4468538245567,8393.911879622083,3001.119893410374,55212.18819169086,320.5442643209489,Chemical
3.0,3500.0,0.01,0.33333333333333337,33.333333333333336,4.21962710390372,17.55811713604167,1183.0008249381335,7324.060251945361,3020.3737618189725,55473.42972195946,322.0609488950015,Chemical
3.0,3500.0,0.01,0.3666666666666667,36.66666666666667,4.290555185097192,17.55811713604167,1157.034348923908,6475.904067091187,3037.2511846929433,55702.91023035347,323.39323915822683,Chemical
3.0,3500.0,0.01,0.4,40.0,4.355537019605814,17.55811713604167,1133.8686466837182,5788.844394558281,3052.229422333306,55906.9394812243,324.5777675796196,Chemical
3.0,3666.6666666666665,0.01,0.1,10.0,3.336459436476093,17.154428297384275,1648.298794478563,35607.59416394956,2819.018406603566,51919.40854148229,308.5208221761836,Chemical
3.0,3666.6666666666665,0.01,0.13333333333333333,13.333333333333332,3.546756238827447,17.154428297384275,1538.1972826592973,24268.696590821128,2894.885914243806,52895.93905711257,314.3236617312927,Chemical
3.0,3666.6666666666665,0.01,0.16666666666666669,16.666666666666668,3.709711353629565,17.154428297384275,1458.6061662813106,18075.51433702869,2948.5142679552077,53592.66231629021,318.4638019753599,Chemical
3.0,3666.6666666666665,0.01,0.2,20.0,3.8430877898689824,17.154428297384275,1397.024645179401,14229.912935990475,2989.347693372913,54126.5332491148,321.63622446163316,Chemical
3.0,3666.6666666666665,0.01,0.23333333333333336,23.333333333333336,3.956182851387193,17.154428297384275,1347.22092612925,11635.278388323826,3021.96797742909,54555.03127640759,324.1824892861953,Chemical
3.0,3666.6666666666665,0.01,0.26666666666666666,26.666666666666664,4.054483234442571,17.154428297384275,1305.6666032657254,9779.629836306032,3048.918030829577,54910.34703414964,326.29388294013387,Chemical
3.0,3666.6666666666665,0.01,0.3,30.0,4.141502218403694,17.154428297384275,1270.1824182923929,8393.911879622083,3071.744141764205,55212.188191690875,328.0875143528806,Chemical
3.0,3666.6666666666665,0.01,0.33333333333333337,33.333333333333336,4.21962710390372,17.154428297384275,1239.334197554235,7324.060251945361,3091.4511043618245,55473.42972195947,329.6398905060225,Chemical
3.0,3666.6666666666665,0.01,0.3666666666666667,36.66666666666667,4.290555185097192,17.154428297384275,1212.1312226821894,6475.904067091187,3108.725697407917,55702.91023035347,331.0035330649811,Chemical
3.0,3666.6666666666665,0.01,0.4,40.0,4.355537019605814,17.154428297384275,1187.8623917638952,5788.844394558281,3124.056412394266,55906.939481224304,332.2159365571428,Chemical
3.0,3833.333333333333,0.01,0.1,10.0,3.336459436476093,16.77736184969932,1723.2214669548612,35607.59416394956,2882.375045511342,51919.408541482284,315.45474012448716,Chemical
3.0,3833.333333333333,0.01,0.13333333333333333,13.333333333333332,3.546756238827447,16.77736184969932,1608.1153409619926,24268.696590821128,2959.9476538615086,52895.93905711257,321.38799685228014,Chemical
3.0,3833.333333333333,0.01,0.16666666666666669,16.666666666666668,3.709711353629565,16.77736184969932,1524.9064465668246,18075.51433702869,3014.781289607732,53592.6623162902,325.62118557373805,Chemical
3.0,3833.333333333333,0.01,0.2,20.0,3.8430877898689824,16.77736184969932,1460.5257654148281,14229.912935990475,3056.5324346768934,54126.53324911479,328.8649073553458,Chemical
3.0,3833.333333333333,0.01,0.23333333333333336,23.333333333333336,3.956182851387193,16.77736184969932,1408.4582409533068,11635.278388323826,3089.8858503625684,54555.03127640759,331.468398759442,Chemical
3.0,3833.333333333333,0.01,0.26666666666666666,26.666666666666664,4.054483234442571,16.77736184969932,1365.0150852323493,9779.629836306032,3117.4415985672613,54910.34703414964,333.62724538673166,Chemical
3.0,3833.333333333333,0.01,0.3,30.0,4.141502218403694,16.77736184969932,1327.9179827602288,8393.911879622083,3140.780719869174,55212.188191690875,335.4611881566106,Chemical
3.0,3833.333333333333,0.01,0.33333333333333337,33.333333333333336,4.21962710390372,16.77736184969932,1295.6675701703366,7324.060251945361,3160.930590860134,55473.42972195947,337.04845352337145,Chemical
3.0,3833.333333333333,0.01,0.3666666666666667,36.66666666666667,4.290555185097192,16.77736184969932,1267.2280964404706,6475.904067091187,3178.5934254839813,55702.91023035347,338.44274356196513,Chemical
3.0,3833.333333333333,0.01,0.4,40.0,4.355537019605814,16.77736184969932,1241.8561368440721,5788.844394558281,3194.268693940188,55906.9394812243,339.6823954786434,Chemical
3.0,4000.0,0.01,0.1,10.0,3.336459436476093,16.424114669978106,1798.1441394311596,35607.59416394956,2944.3686979050904,51919.408541482284,322.2394892277283,Chemical
3.0,4000.0,0.01,0.13333333333333333,13.333333333333332,3.546756238827447,16.424114669978106,1678.0333992646881,24268.696590821128,3023.6097252643744,52895.93905711256,328.3003574735707,Chemical
3.0,4000.0,0.01,0.16666666666666669,16.666666666666668,3.709711353629565,16.424114669978106,1591.206726852339,18075.51433702869,3079.6227139054376,53592.6623162902,332.6245929276611,Chemical
3.0,4000.0,0.01,0.2,20.0,3.8430877898689824,16.424114669978106,1524.0268856502557,14229.912935990475,3122.2718357935732,54126.53324911479,335.93808014833076,Chemical
3.0,4000.0,0.01,0.23333333333333336,23.333333333333336,3.956182851387193,16.424114669978106,1469.6955557773638,11635.278388323826,3156.3426113042233,54555.03127640759,338.5975670209441,Chemical
3.0,4000.0,0.01,0.26666666666666666,26.666666666666664,4.054483234442571,16.424114669978106,1424.3635671989732,9779.629836306032,3184.4910240472495,54910.347034149636,340.80284576940824,Chemical
3.0,4000.0,0.01,0.3,30.0,4.141502218403694,16.424114669978106,1385.6535472280648,8393.911879622083,3208.332119363757,55212.18819169085,342.6762326812849,Chemical
3.0,4000.0,0.01,0.33333333333333337,33.333333333333336,4.21962710390372,16.424114669978106,1352.0009427864384,7324.060251945361,3228.915370493759,55473.42972195946,344.2976366926878,Chemical
3.0,4000.0,0.01,0.3666666666666667,36.66666666666667,4.290555185097192,16.424114669978106,1322.324970198752,6475.904067091187,3246.9580944840727,55702.91023035345,345.7219148940374,Chemical
3.0,4000.0,0.01,0.4,40.0,4.355537019605814,16.424114669978106,1295.8498819242493,5788.844394558281,3262.970504057764,55906.93948122429,346.98822904196544,Chemical
4.0,2500.0,0.01,0.1,10.0,3.336459436476093,27.70005915142161,1123.8400871444746,47476.79221859941,2327.7278391710815,69225.8780553097,254.75268450222853,Chemical
4.0,2500.0,0.01,0.13333333333333333,13.333333333333332,3.546756238827447,27.70005915142161,1048.77087454043,32358.26212109484,2390.3733718178455,70527.91874281675,259.54422156599145,Chemical
4.0,2500.0,0.01,0.16666666666666669,16.666666666666668,3.709711353629565,27.70005915142161,994.5042042827118,24100.68578270492,2434.6555274825705,71456.88308838694,262.962829859436,Chemical
4.0,2500.0,0.01,0.2,20.0,3.8430877898689824,27.70005915142161,952.5168035314098,18973.2172479873,2468.3726188257324,72168.7109988197,265.58237151323016,Chemical
4.0,2500.0,0.01,0.23333333333333336,23.333333333333336,3.956182851387193,27.70005915142161,918.5597223608524,15513.704517765102,2495.307931891218,72740.04170187678,267.68488049442425,Chemical
4.0,2500.0,0.01,0.26666666666666666,26.666666666666664,4.054483234442571,27.70005915142161,890.2272294993583,13039.506448408043,2517.5612060878357,73213.79604553284,269.42830642460234,Chemical
4.0,2500.0,0.01,0.3,30.0,4.141502218403694,27.70005915142161,866.0334670175406,11191.882506162776,2536.4092468661697,73616.25092225446,270.9093488196721,Chemical
4.0,2500.0,0.01,0.33333333333333337,33.333333333333336,4.21962710390372,27.70005915142161,845.0005892415239,9765.413669260482,2552.68173567168,73964.57296261261,272.19118124051386,Chemical
4.0,2500.0,0.01,0.3666666666666667,36.66666666666667,4.290555185097192,27.70005915142161,826.45310637422,8634.538756121583,2566.9457614224684,74270.54697380461,273.3171720250121,Chemical
4.0,2500.0,0.01,0.4,40.0,4.355537019605814,27.70005915142161,809.9061762026558,7718.459192744374,2579.6046826925563,74542.58597496572,274.31828126019906,Chemical
4.0,2666.6666666666665,0.01,0.1,10.0,3.336459436476093,26.820466945604064,1198.762759620773,47476.79221859941,2404.0669748301266,69225.8780553097,263.1074411943369,Chemical
4.0,2666.6666666666665,0.01,0.13333333333333333,13.333333333333332,3.546756238827447,26.820466945604064,1118.6889328431253,32358.26212109484,2468.767002738183,70527.91874281676,268.0561193945208,Chemical
4.0,2666.6666666666665,0.01,0.16666666666666669,16.666666666666668,3.709711353629565,26.820466945604064,1060.804484568226,24100.68578270492,2514.501416451154,71456.88308838694,271.586842857912,Chemical
4.0,2666.6666666666665,0.01,0.2,20.0,3.8430877898689824,26.820466945604064,1016.017923766837,18973.2172479873,2549.324278652387,72168.71099881972,274.29229384453646,Chemical
4.0,2666.6666666666665,0.01,0.23333333333333336,23.333333333333336,3.956182851387193,26.820466945604064,979.7970371849092,15513.704517765102,2577.1429503663885,72740.04170187678,276.46375578304736,Chemical
4.0,2666.6666666666665,0.01,0.26666666666666666,26.666666666666664,4.054483234442571,26.820466945604064,949.5757114659821,13039.506448408043,2600.126033129612,73213.79604553286,278.264358341161,Chemical
4.0,2666.6666666666665,0.01,0.3,30.0,4.141502218403694,26.820466945604064,923.7690314853766,11191.882506162776,2619.5922059411128,73616.25092225448,279.793972349463,Chemical
4.0,2666.6666666666665,0.01,0.33333333333333337,33.333333333333336,4.21962710390372,26.820466945604064,901.3339618576256,9765.413669260482,2636.3983601131363,73964.57296261263,281.117843181076,Chemical
4.0,2666.6666666666665,0.01,0.3666666666666667,36.66666666666667,4.290555185097192,26.820466945604064,881.5499801325013,8634.538756121583,2651.13018256185,74270.54697380461,282.2807614627678,Chemical
4.0,2666.6666666666665,0.01,0.4,40.0,4.355537019605814,26.820466945604064,863.8999212828328,7718.459192744374,2664.204260231183,74542.58597496572,283.3147026349315,Chemical
4.0,2833.3333333333335,0.01,0.1,10.0,3.336459436476093,26.019674857673557,1273.6854320970715,47476.79221859941,2478.0555170709317,69225.8780553097,271.20494273255963,Chemical
4.0,2833.3333333333335,0.01,0.13333333333333333,13.333333333333332,3.546756238827447,26.019674857673557,1188.6069911458208,32358.26212109484,2544.746779332263,70527.91874281676,276.305923464197,Chemical
4.0,2833.3333333333335,0.01,0.16666666666666669,16.666666666666668,3.709711353629565,26.019674857673557,1127.10476485374,24100.68578270492,2591.8887339483326,71456.88308838694,279.9453099077992,Chemical
4.0,2833.3333333333335,0.01,0.2,20.0,3.8430877898689824,26.019674857673557,1079.5190440022645,18973.2172479873,2627.7833187088354,72168.71099881972,282.7340249534952,Chemical
4.0,2833.3333333333335,0.01,0.23333333333333336,23.333333333333336,3.956182851387193,26.019674857673557,1041.0343520089662,15513.704517765102,2656.4581491691383,72740.04170187678,284.9723166871174,Chemical
4.0,2833.3333333333335,0.01,0.26666666666666666,26.666666666666664,4.054483234442571,26.019674857673557,1008.9241934326061,13039.506448408043,2680.148568627909,73213.79604553284,286.82833532133236,Chemical
4.0,2833.3333333333335,0.01,0.3,30.0,4.141502218403694,26.019674857673557,981.5045959532126,11191.882506162776,2700.2138402849946,73616.25092225446,288.40502535199573,Chemical
4.0,2833.3333333333335,0.01,0.33333333333333337,33.333333333333336,4.21962710390372,26.019674857673557,957.6673344737272,9765.413669260482,2717.5372274879114,73964.5729626126,289.76964017034936,Chemical
4.0,2833.3333333333335,0.01,0.3666666666666667,36.66666666666667,4.290555185097192,26.019674857673557,936.6468538907827,8634.538756121583,2732.7224424913848,74270.54697380461,290.96834889769383,Chemical
4.0,2833.3333333333335,0.01,0.4,40.0,4.355537019605814,26.019674857673557,917.89366636301,7718.459192744374,2746.1988932884324,74542.58597496572,292.0341110635702,Chemical
4.0,3000.0,0.01,0.1,10.0,3.336459436476093,25.286578735768376,1348.6081045733697,47476.79221859941,2549.8980904935174,69225.8780553097,279.0675837737346,Chemical
4.0,3000.0,0.01,0.13333333333333333,13.333333333333332,3.546756238827447,25.286578735768376,1258.525049448516,32358.26212109484,2618.5228332086353,70527.91874281675,284.31644964362465,Chemical
4.0,3000.0,0.01,0.16666666666666669,16.666666666666668,3.709711353629565,25.286578735768376,1193.405045139254,24100.68578270492,2667.0315043136848,71456.88308838692,288.0613473988122,Chemical
4.0,3000.0,0.01,0.2,20.0,3.8430877898689824,25.286578735768376,1143.0201642376917,18973.2172479873,2703.9667273179093,72168.7109988197,290.9309115070272,Chemical
4.0,3000.0,0.01,0.23333333333333336,23.333333333333336,3.956182851387193,25.286578735768376,1102.271666833023,15513.704517765102,2733.472884436769,72740.04170187678,293.23409469974155,Chemical
4.0,3000.0,0.01,0.26666666666666666,26.666666666666664,4.054483234442571,25.286578735768376,1068.27267539923,13039.506448408043,2757.8501249484393,73213.79604553284,295.1439221183375,Chemical
4.0,3000.0,0.01,0.3,30.0,4.141502218403694,25.286578735768376,1039.2401604210486,11191.882506162776,2778.4971191465816,73616.25092225446,296.76632277513994,Chemical
4.0,3000.0,0.01,0.33333333333333337,33.333333333333336,4.21962710390372,25.286578735768376,1014.0007070898288,9765.413669260482,2796.3227375176384,73964.57296261263,298.17049983881293,Chemical
4.0,3000.0,0.01,0.3666666666666667,36.66666666666667,4.290555185097192,25.286578735768376,991.743727649064,8634.538756121583,2811.9481948467205,74270.5469738046,299.4039609432381,Chemical
4.0,3000.0,0.01,0.4,40.0,4.355537019605814,25.286578735768376,971.887411443187,7718.459192744374,2825.8153483133387,74542.58597496572,300.50062116451545,Chemical
4.0,3166.6666666666665,0.01,0.1,10.0,3.336459436476093,24.612148428307602,1423.530777049668,47476.79221859941,2619.7712491970155,69225.87805530972,286.71468686492136,Chemical
4.0,3166.6666666666665,0.01,0.13333333333333333,13.333333333333332,3.546756238827447,24.612148428307602,1328.4431077512113,32358.26212109484,2690.2764700208845,70527.91874281675,292.1073839095973,Chemical
4.0,3166.6666666666665,0.01,0.16666666666666669,16.666666666666668,3.709711353629565,24.612148428307602,1259.7053254247683,24100.68578270492,2740.114391925116,71456.88308838694,295.95490060322487,Chemical
4.0,3166.6666666666665,0.01,0.2,20.0,3.8430877898689824,24.612148428307602,1206.521284473119,18973.2172479873,2778.0617262401192,72168.7109988197,298.9030974650744,Chemical
4.0,3166.6666666666665,0.01,0.23333333333333336,23.333333333333336,3.956182851387193,24.612148428307602,1163.5089816570796,15513.704517765102,2808.3764209263363,72740.04170187678,301.269393252503,Chemical
4.0,3166.6666666666665,0.01,0.26666666666666666,26.666666666666664,4.054483234442571,24.612148428307602,1127.6211573658538,13039.506448408043,2833.4216547203173,73213.79604553286,303.23155439957753,Chemical
4.0,3166.6666666666665,0.01,0.3,30.0,4.141502218403694,24.612148428307602,1096.9757248888845,11191.882506162776,2854.6344247460247,73616.25092225448,304.8984126207807,Chemical
4.0,3166.6666666666665,0.01,0.33333333333333337,33.333333333333336,4.21962710390372,24.612148428307602,1070.3340797059304,9765.413669260482,2872.9485066623783,73964.57296261261,306.3410674131062,Chemical
4.0,3166.6666666666665,0.01,0.3666666666666667,36.66666666666667,4.290555185097192,24.612148428307602,1046.8406014073453,8634.538756121583,2889.00213798941,74270.54697380461,307.60832823047895,Chemical
4.0,3166.6666666666665,0.01,0.4,40.0,4.355537019605814,24.612148428307602,1025.881156523364,7718.459192744374,2903.2492838245666,74542.58597496572,308.73503950123575,Chemical
4.0,3333.333333333333,0.01,0.1,10.0,3.336459436476093,23.988954911462738,1498.453449525966,47476.79221859941,2687.82858909122,69225.87805530972,294.1630619482829,Chemical
4.0,3333.333333333333,0.01,0.13333333333333333,13.333333333333332,3.546756238827447,23.988954911462738,1398.3611660539066,32358.26212109484,2760.1654193654927,70527.91874281675,299.69585237547403,Chemical
4.0,3333.333333333333,0.01,0.16666666666666669,16.666666666666668,3.709711353629565,23.988954911462738,1326.0056057102822,24100.68578270492,2811.298048352144,71456.88308838694,303.6433212124222,Chemical
4.0,3333.333333333333,0.01,0.2,20.0,3.8430877898689824,23.988954911462738,1270.0224047085462,18973.2172479873,2850.2311918786763,72168.71099881972,306.66810737036525,Chemical
4.0,3333.333333333333,0.01,0.23333333333333336,23.333333333333336,3.956182851387193,23.988954911462738,1224.7462964811364,15513.704517765102,2881.3334123768054,72740.04170187678,309.0958756228972,Chemical
4.0,3333.333333333333,0.01,0.26666666666666666,26.666666666666664,4.054483234442571,23.988954911462738,1186.9696393324775,13039.506448408043,2907.029280072341,73213.79604553284,311.1090104830982,Chemical
4.0,3333.333333333333,0.01,0.3,30.0,4.141502218403694,23.988954911462738,1154.7112893567207,11191.882506162776,2928.793122906478,73616.25092225448,312.81917093404786,Chemical
4.0,3333.333333333333,0.01,0.33333333333333337,33.333333333333336,4.21962710390372,23.988954911462738,1126.667452322032,9765.413669260482,2947.582974490971,73964.57296261261,314.29930352050576,Chemical
4.0,3333.333333333333,0.01,0.3666666666666667,36.66666666666667,4.290555185097192,23.988954911462738,1101.9374751656267,8634.538756121583,2964.053652704862,74270.54697380461,315.5994856855759,Chemical
4.0,3333.333333333333,0.01,0.4,40.0,4.355537019605814,23.988954911462738,1079.874901603541,7718.459192744374,2978.6709159107327,74542.58597496574,316.7554670584228,Chemical
4.0,3500.0,0.01,0.1,10.0,3.336459436476093,23.410822848055556,1573.3761220022645,47476.79221859941,2754.204721975638,69225.87805530972,301.4274412947979,Chemical
4.0,3500.0,0.01,0.13333333333333333,13.333333333333332,3.546756238827447,23.410822848055556,1468.279224356602,32358.26212109484,2828.327915814243,70527.91874281675,307.0968644053779,Chemical
4.0,3500.0,0.01,0.16666666666666669,16.666666666666668,3.709711353629565,23.410822848055556,1392.3058859957964,24100.68578270492,2880.723268990273,71456.88308838694,311.1418162876147,Chemical
4.0,3500.0,0.01,0.2,20.0,3.8430877898689824,23.410822848055556,1333.5235249439736,18973.2172479873,2920.6178694783143,72168.71099881972,314.2412997714145,Chemical
4.0,3500.0,0.01,0.23333333333333336,23.333333333333336,3.956182851387193,23.410822848055556,1285.9836113051933,15513.704517765102,2952.4881616939497,72740.04170187678,316.7290219469,Chemical
4.0,3500.0,0.01,0.26666666666666666,26.666666666666664,4.054483234442571,23.410822848055556,1246.3181212991014,13039.506448408043,2978.8185908104256,73213.79604553284,318.79187132667164,Chemical
4.0,3500.0,0.01,0.3,30.0,4.141502218403694,23.410822848055556,1212.4468538245567,11191.882506162776,3001.119893410374,73616.25092225446,320.54426432094886,Chemical
4.0,3500.0,0.01,0.33333333333333337,33.333333333333336,4.21962710390372,23.410822848055556,1183.0008249381335,9765.413669260482,3020.3737618189725,73964.5729626126,322.06094889500145,Chemical
4.0,3500.0,0.01,0.3666666666666667,36.66666666666667,4.290555185097192,23.410822848055556,1157.034348923908,8634.538756121583,3037.2511846929433,74270.54697380461,323.3932391582268,Chemical
4.0,3500.0,0.01,0.4,40.0,4.355537019605814,23.410822848055556,1133.8686466837182,7718.459192744374,3052.229422333306,74542.58597496572,324.5777675796196,Chemical
4.0,3666.6666666666665,0.01,0.1,10.0,3.336459436476093,22.87257106317903,1648.298794478563,47476.79221859941,2819.018406603566,69225.87805530972,308.5208221761836,Chemical
4.0,3666.6666666666665,0.01,0.13333333333333333,13.333333333333332,3.546756238827447,22.87257106317903,1538.1972826592973,32358.26212109484,2894.885914243806,70527.91874281676,314.32366173129276,Chemical
4.0,3666.6666666666665,0.01,0.16666666666666669,16.666666666666668,3.709711353629565,22.87257106317903,1458.6061662813106,24100.68578270492,2948.5142679552077,71456.88308838694,318.4638019753599,Chemical
4.0,3666.6666666666665,0.01,0.2,20.0,3.8430877898689824,22.87257106317903,1397.024645179401,18973.2172479873,2989.347693372913,72168.71099881972,321.63622446163316,Chemical
4.0,3666.6666666666665,0.01,0.23333333333333336,23.333333333333336,3.956182851387193,22.87257106317903,1347.22092612925,15513.704517765102,3021.96797742909,72740.04170187678,324.1824892861953,Chemical
4.0,3666.6666666666665,0.01,0.26666666666666666,26.666666666666664,4.054483234442571,22.87257106317903,1305.6666032657254,13039.506448408043,3048.918030829577,73213.79604553286,326.2938829401339,Chemical
4.0,3666.6666666666665,0.01,0.3,30.0,4.141502218403694,22.87257106317903,1270.1824182923929,11191.882506162776,3071.744141764205,73616.25092225449,328.0875143528806,Chemical
4.0,3666.6666666666665,0.01,0.33333333333333337,33.333333333333336,4.21962710390372,22.87257106317903,1239.334197554235,9765.413669260482,3091.4511043618245,73964.57296261261,329.6398905060225,Chemical
4.0,3666.6666666666665,0.01,0.3666666666666667,36.66666666666667,4.290555185097192,22.87257106317903,1212.1312226821894,8634.538756121583,3108.725697407917,74270.54697380462,331.0035330649812,Chemical
4.0,3666.6666666666665,0.01,0.4,40.0,4.355537019605814,22.87257106317903,1187.8623917638952,7718.459192744374,3124.056412394266,74542.58597496574,332.21593655714287,Chemical
4.0,3833.333333333333,0.01,0.1,10.0,3.336459436476093,22.369815799599095,1723.2214669548612,47476.79221859941,2882.375045511342,69225.87805530972,315.45474012448716,Chemical
4.0,3833.333333333333,0.01,0.13333333333333333,13.333333333333332,3.546756238827447,22.369815799599095,1608.1153409619926,32358.26212109484,2959.9476538615086,70527.91874281676,321.3879968522802,Chemical
4.0,3833.333333333333,0.01,0.16666666666666669,16.666666666666668,3.709711353629565,22.369815799599095,1524.9064465668246,24100.68578270492,3014.781289607732,71456.88308838694,325.62118557373805,Chemical
4.0,3833.333333333333,0.01,0.2,20.0,3.8430877898689824,22.369815799599095,1460.5257654148281,18973.2172479873,3056.5324346768934,72168.71099881972,328.8649073553458,Chemical
4.0,3833.333333333333,0.01,0.23333333333333336,23.333333333333336,3.956182851387193,22.369815799599095,1408.4582409533068,15513.704517765102,3089.8858503625684,72740.04170187679,331.4683987594419,Chemical
4.0,3833.333333333333,0.01,0.26666666666666666,26.666666666666664,4.054483234442571,22.369815799599095,1365.0150852323493,13039.506448408043,3117.4415985672613,73213.79604553286,333.6272453867316,Chemical
4.0,3833.333333333333,0.01,0.3,30.0,4.141502218403694,22.369815799599095,1327.9179827602288,11191.882506162776,3140.780719869174,73616.25092225449,335.46118815661055,Chemical
4.0,3833.333333333333,0.01,0.33333333333333337,33.333333333333336,4.21962710390372,22.369815799599095,1295.6675701703366,9765.413669260482,3160.930590860134,73964.57296261263,337.04845352337145,Chemical
4.0,3833.333333333333,0.01,0.3666666666666667,36.66666666666667,4.290555185097192,22.369815799599095,1267.2280964404706,8634.538756121583,3178.5934254839813,74270.54697380462,338.44274356196513,Chemical
4.0,3833.333333333333,0.01,0.4,40.0,4.355537019605814,22.369815799599095,1241.8561368440721,7718.459192744374,3194.268693940188,74542.58597496574,339.68239547864346,Chemical
4.0,4000.0,0.01,0.1,10.0,3.336459436476093,21.89881955997081,1798.1441394311596,47476.79221859941,2944.3686979050904,69225.87805530972,322.2394892277283,Chemical
4.0,4000.0,0.01,0.13333333333333333,13.333333333333332,3.546756238827447,21.89881955997081,1678.0333992646881,32358.26212109484,3023.6097252643744,70527.91874281676,328.3003574735708,Chemical
4.0,4000.0,0.01,0.16666666666666669,16.666666666666668,3.709711353629565,21.89881955997081,1591.206726852339,24100.68578270492,3079.6227139054376,71456.88308838695,332.6245929276612,Chemical
4.0,4000.0,0.01,0.2,20.0,3.8430877898689824,21.89881955997081,1524.0268856502557,18973.2172479873,3122.2718357935732,72168.71099881973,335.93808014833076,Chemical
4.0,4000.0,0.01,0.23333333333333336,23.333333333333336,3.956182851387193,21.89881955997081,1469.6955557773638,15513.704517765102,3156.3426113042233,72740.04170187679,338.59756702094404,Chemical
4.0,4000.0,0.01,0.26666666666666666,26.666666666666664,4.054483234442571,21.89881955997081,1424.3635671989732,13039.506448408043,3184.4910240472495,73213.79604553286,340.80284576940824,Chemical
4.0,4000.0,0.01,0.3,30.0,4.141502218403694,21.89881955997081,1385.6535472280648,11191.882506162776,3208.332119363757,73616.25092225448,342.6762326812849,Chemical
4.0,4000.0,0.01,0.33333333333333337,33.333333333333336,4.21962710390372,21.89881955997081,1352.0009427864384,9765.413669260482,3228.915370493759,73964.57296261261,344.2976366926877,Chemical
4.0,4000.0,0.01,0.3666666666666667,36.66666666666667,4.290555185097192,21.89881955997081,1322.324970198752,8634.538756121583,3246.9580944840727,74270.54697380461,345.7219148940374,Chemical
4.0,4000.0,0.01,0.4,40.0,4.355537019605814,21.89881955997081,1295.8498819242493,7718.459192744374,3262.970504057764,74542.58597496572,346.98822904196544,Chemical
5.0,2500.0,0.01,0.1,10.0,3.336459436476093,34.625073939277016,1123.8400871444746,59345.990273249256,2327.7278391710815,86532.34756913714,254.75268450222856,Chemical
5.0,2500.0,0.01,0.13333333333333333,13.333333333333332,3.546756238827447,34.625073939277016,1048.77087454043,40447.82765136855,2390.3733718178455,88159.89842852094,259.54422156599145,Chemical
5.0,2500.0,0.01,0.16666666666666669,16.666666666666668,3.709711353629565,34.625073939277016,994.5042042827118,30125.857228381148,2434.6555274825705,89321.10386048368,262.962829859436,Chemical
5.0,2500.0,0.01,0.2,20.0,3.8430877898689824,34.625073939277016,952.5168035314098,23716.521559984125,2468.3726188257324,90210.88874852465,265.58237151323016,Chemical
5.0,2500.0,0.01,0.23333333333333336,23.333333333333336,3.956182851387193,34.625073939277016,918.5597223608524,19392.130647206377,2495.307931891218,90925.05212734599,267.68488049442425,Chemical
5.0,2500.0,0.01,0.26666666666666666,26.666666666666664,4.054483234442571,34.625073939277016,890.2272294993583,16299.383060510054,2517.5612060878357,91517.24505691609,269.4283064246024,Chemical
5.0,2500.0,0.01,0.3,30.0,4.141502218403694,34.625073939277016,866.0334670175406,13989.85313270347,2536.4092468661697,92020.3136528181,270.9093488196722,Chemical
5.0,2500.0,0.01,0.33333333333333337,33.333333333333336,4.21962710390372,34.625073939277016,845.0005892415239,12206.767086575603,2552.68173567168,92455.71620326578,272.19118124051386,Chemical
5.0,2500.0,0.01,0.3666666666666667,36.66666666666667,4.290555185097192,34.625073939277016,826.45310637422,10793.173445151979,2566.9457614224684,92838.18371725577,273.3171720250121,Chemical
5.0,2500.0,0.01,0.4,40.0,4.355537019605814,34.625073939277016,809.9061762026558,9648.073990930468,2579.6046826925563,93178.23246870717,274.31828126019906,Chemical
5.0,2666.6666666666665,0.01,0.1,10.0,3.336459436476093,33.52558368200508,1198.762759620773,59345.990273249256,2404.0669748301266,86532.34756913714,263.10744119433696,Chemical
5.0,2666.6666666666665,0.01,0.13333333333333333,13.333333333333332,3.546756238827447,33.52558368200508,1118.6889328431253,40447.82765136855,2468.767002738183,88159.89842852094,268.05611939452075,Chemical
5.0,2666.6666666666665,0.01,0.16666666666666669,16.666666666666668,3.709711353629565,33.52558368200508,1060.804484568226,30125.857228381148,2514.501416451154,89321.10386048365,271.58684285791196,Chemical
5.0,2666.6666666666665,0.01,0.2,20.0,3.8430877898689824,33.52558368200508,1016.017923766837,23716.521559984125,2549.324278652387,90210.88874852465,274.29229384453646,Chemical
5.0,2666.6666666666665,0.01,0.23333333333333336,23.333333333333336,3.956182851387193,33.52558368200508,979.7970371849092,19392.130647206377,2577.1429503663885,90925.05212734597,276.46375578304736,Chemical
5.0,2666.6666666666665,0.01,0.26666666666666666,26.666666666666664,4.054483234442571,33.52558368200508,949.5757114659821,16299.383060510054,2600.126033129612,91517.24505691607,278.264358341161,Chemical
5.0,2666.6666666666665,0.01,0.3,30.0,4.141502218403694,33.52558368200508,923.7690314853766,13989.85313270347,2619.5922059411128,92020.31365281809,279.793972349463,Chemical
5.0,2666.6666666666665,0.01,0.33333333333333337,33.333333333333336,4.21962710390372,33.52558368200508,901.3339618576256,12206.767086575603,2636.3983601131363,92455.71620326577,281.11784318107595,Chemical
5.0,2666.6666666666665,0.01,0.3666666666666667,36.66666666666667,4.290555185097192,33.52558368200508,881.5499801325013,10793.173445151979,2651.13018256185,92838.18371725576,282.2807614627678,Chemical
5.0,2666.6666666666665,0.01,0.4,40.0,4.355537019605814,33.52558368200508,863.8999212828328,9648.073990930468,2664.204260231183,93178.23246870714,283.31470263493145,Chemical
5.0,2833.3333333333335,0.01,0.1,10.0,3.336459436476093,32.524593572091945,1273.6854320970715,59345.990273249256,2478.0555170709317,86532.34756913714,271.20494273255963,Chemical
5.0,2833.3333333333335,0.01,0.13333333333333333,13.333333333333332,3.546756238827447,32.524593572091945,1188.6069911458208,40447.82765136855,2544.746779332263,88159.89842852094,276.305923464197,Chemical
5.0,2833.3333333333335,0.01,0.16666666666666669,16.666666666666668,3.709711353629565,32.524593572091945,1127.10476485374,30125.857228381148,2591.8887339483326,89321.10386048366,279.9453099077991,Chemical
5.0,2833.3333333333335,0.01,0.2,20.0,3.8430877898689824,32.524593572091945,1079.5190440022645,23716.521559984125,2627.7833187088354,90210.88874852465,282.7340249534952,Chemical
5.0,2833.3333333333335,0.01,0.23333333333333336,23.333333333333336,3.956182851387193,32.524593572091945,1041.0343520089662,19392.130647206377,2656.4581491691383,90925.05212734597,284.9723166871174,Chemical
5.0,2833.3333333333335,0.01,0.26666666666666666,26.666666666666664,4.054483234442571,32.524593572091945,1008.9241934326061,16299.383060510054,2680.148568627909,91517.24505691606,286.82833532133236,Chemical
5.0,2833.3333333333335,0.01,0.3,30.0,4.141502218403694,32.524593572091945,981.5045959532126,13989.85313270347,2700.2138402849946,92020.31365281808,288.40502535199573,Chemical
5.0,2833.3333333333335,0.01,0.33333333333333337,33.333333333333336,4.21962710390372,32.524593572091945,957.6673344737272,12206.767086575603,2717.5372274879114,92455.71620326575,289.76964017034936,Chemical
5.0,2833.3333333333335,0.01,0.3666666666666667,36.66666666666667,4.290555185097192,32.524593572091945,936.6468538907827,10793.173445151979,2732.7224424913848,92838.18371725576,290.9683488976938,Chemical
5.0,2833.3333333333335,0.01,0.4,40.0,4.355537019605814,32.524593572091945,917.89366636301,9648.073990930468,2746.1988932884324,93178.23246870714,292.03411106357015,Chemical
5.0,3000.0,0.01,0.1,10.0,3.336459436476093,31.608223419710473,1348.6081045733697,59345.990273249256,2549.8980904935174,86532.34756913714,279.06758377373467,Chemical
5.0,3000.0,0.01,0.13333333333333333,13.333333333333332,3.546756238827447,31.608223419710473,1258.525049448516,40447.82765136855,2618.5228332086353,88159.89842852094,284.31644964362465,Chemical
5.0,3000.0,0.01,0.16666666666666669,16.666666666666668,3.709711353629565,31.608223419710473,1193.405045139254,30125.857228381148,2667.0315043136848,89321.10386048365,288.0613473988122,Chemical
5.0,3000.0,0.01,0.2,20.0,3.8430877898689824,31.608223419710473,1143.0201642376917,23716.521559984125,2703.9667273179093,90210.88874852464,290.9309115070272,Chemical
5.0,3000.0,0.01,0.23333333333333336,23.333333333333336,3.956182851387193,31.608223419710473,1102.271666833023,19392.130647206377,2733.472884436769,90925.05212734599,293.23409469974166,Chemical
5.0,3000.0,0.01,0.26666666666666666,26.666666666666664,4.054483234442571,31.608223419710473,1068.27267539923,16299.383060510054,2757.8501249484393,91517.24505691606,295.1439221183375,Chemical
5.0,3000.0,0.01,0.3,30.0,4.141502218403694,31.608223419710473,1039.2401604210486,13989.85313270347,2778.4971191465816,92020.3136528181,296.76632277514005,Chemical
5.0,3000.0,0.01,0.33333333333333337,33.333333333333336,4.21962710390372,31.608223419710473,1014.0007070898288,12206.767086575603,2796.3227375176384,92455.71620326578,298.17049983881293,Chemical
5.0,3000.0,0.01,0.3666666666666667,36.66666666666667,4.290555185097192,31.608223419710473,991.743727649064,10793.173445151979,2811.9481948467205,92838.18371725577,299.40396094323813,Chemical
5.0,3000.0,0.01,0.4,40.0,4.355537019605814,31.608223419710473,971.887411443187,9648.073990930468,2825.8153483133387,93178.23246870717,300.50062116451545,Chemical
5.0,3166.6666666666665,0.01,0.1,10.0,3.336459436476093,30.7651855353845,1423.530777049668,59345.990273249256,2619.7712491970155,86532.34756913714,286.7146868649213,Chemical
5.0,3166.6666666666665,0.01,0.13333333333333333,13.333333333333332,3.546756238827447,30.7651855353845,1328.4431077512113,40447.82765136855,2690.2764700208845,88159.89842852093,292.1073839095973,Chemical
5.0,3166.6666666666665,0.01,0.16666666666666669,16.666666666666668,3.709711353629565,30.7651855353845,1259.7053254247683,30125.857228381148,2740.114391925116,89321.10386048366,295.95490060322487,Chemical
5.0,3166.6666666666665,0.01,0.2,20.0,3.8430877898689824,30.7651855353845,1206.521284473119,23716.521559984125,2778.0617262401192,90210.88874852464,298.90309746507444,Chemical
5.0,3166.6666666666665,0.01,0.23333333333333336,23.333333333333336,3.956182851387193,30.7651855353845,1163.5089816570796,19392.130647206377,2808.3764209263363,90925.05212734597,301.269393252503,Chemical
5.0,3166.6666666666665,0.01,0.26666666666666666,26.666666666666664,4.054483234442571,30.7651855353845,1127.6211573658538,16299.383060510054,2833.4216547203173,91517.24505691607,303.23155439957753,Chemical
5.0,3166.6666666666665,0.01,0.3,30.0,4.141502218403694,30.7651855353845,1096.9757248888845,13989.85313270347,2854.6344247460247,92020.31365281809,304.8984126207807,Chemical
5.0,3166.6666666666665,0.01,0.33333333333333337,33.333333333333336,4.21962710390372,30.7651855353845,1070.3340797059304,12206.767086575603,2872.9485066623783,92455.71620326577,306.3410674131062,Chemical
5.0,3166.6666666666665,0.01,0.3666666666666667,36.66666666666667,4.290555185097192,30.7651855353845,1046.8406014073453,10793.173445151979,2889.00213798941,92838.18371725576,307.6083282304789,Chemical
5.0,3166.6666666666665,0.01,0.4,40.0,4.355537019605814,30.7651855353845,1025.881156523364,9648.073990930468,2903.2492838245666,93178.23246870715,308.73503950123575,Chemical
5.0,3333.333333333333,0.01,0.1,10.0,3.336459436476093,29.98619363932842,1498.453449525966,59345.990273249256,2687.82858909122,86532.34756913714,294.163061948283,Chemical
5.0,3333.333333333333,0.01,0.13333333333333333,13.333333333333332,3.546756238827447,29.98619363932842,1398.3611660539066,40447.82765136855,2760.1654193654927,88159.89842852093,299.6958523754741,Chemical
5.0,3333.333333333333,0.01,0.16666666666666669,16.666666666666668,3.709711353629565,29.98619363932842,1326.0056057102822,30125.857228381148,2811.298048352144,89321.10386048366,303.6433212124222,Chemical
5.0,3333.333333333333,0.01,0.2,20.0,3.8430877898689824,29.98619363932842,1270.0224047085462,23716.521559984125,2850.2311918786763,90210.88874852464,306.6681073703653,Chemical
5.0,3333.333333333333,0.01,0.23333333333333336,23.333333333333336,3.956182851387193,29.98619363932842,1224.7462964811364,19392.130647206377,2881.3334123768054,90925.05212734597,309.09587562289727,Chemical
5.0,3333.333333333333,0.01,0.26666666666666666,26.666666666666664,4.054483234442571,29.98619363932842,1186.9696393324775,16299.383060510054,2907.029280072341,91517.24505691606,311.1090104830983,Chemical
5.0,3333.333333333333,0.01,0.3,30.0,4.141502218403694,29.98619363932842,1154.7112893567207,13989.85313270347,2928.793122906478,92020.31365281809,312.8191709340479,Chemical
5.0,3333.333333333333,0.01,0.33333333333333337,33.333333333333336,4.21962710390372,29.98619363932842,1126.667452322032,12206.767086575603,2947.582974490971,92455.71620326577,314.2993035205058,Chemical
5.0,3333.333333333333,0.01,0.3666666666666667,36.66666666666667,4.290555185097192,29.98619363932842,1101.9374751656267,10793.173445151979,2964.053652704862,92838.18371725577,315.59948568557604,Chemical
5.0,3333.333333333333,0.01,0.4,40.0,4.355537019605814,29.98619363932842,1079.874901603541,9648.073990930468,2978.6709159107327,93178.23246870715,316.7554670584228,Chemical
5.0,3500.0,0.01,0.1,10.0,3.336459436476093,29.26352856006945,1573.3761220022645,59345.990273249256,2754.204721975638,86532.34756913714,301.42744129479786,Chemical
5.0,3500.0,0.01,0.13333333333333333,13.333333333333332,3.546756238827447,29.26352856006945,1468.279224356602,40447.82765136855,2828.327915814243,88159.89842852094,307.09686440537786,Chemical
5.0,3500.0,0.01,0.16666666666666669,16.666666666666668,3.709711353629565,29.26352856006945,1392.3058859957964,30125.857228381148,2880.723268990273,89321.10386048368,311.14181628761463,Chemical
5.0,3500.0,0.01,0.2,20.0,3.8430877898689824,29.26352856006945,1333.5235249439736,23716.521559984125,2920.6178694783143,90210.88874852467,314.24129977141456,Chemical
5.0,3500.0,0.01,0.23333333333333336,23.333333333333336,3.956182851387193,29.26352856006945,1285.9836113051933,19392.130647206377,2952.4881616939497,90925.052127346,316.72902194690005,Chemical
5.0,3500.0,0.01,0.26666666666666666,26.666666666666664,4.054483234442571,29.26352856006945,1246.3181212991014,16299.383060510054,2978.8185908104256,91517.24505691607,318.7918713266717,Chemical
5.0,3500.0,0.01,0.3,30.0,4.141502218403694,29.26352856006945,1212.4468538245567,13989.85313270347,3001.119893410374,92020.3136528181,320.5442643209489,Chemical
5.0,3500.0,0.01,0.33333333333333337,33.333333333333336,4.21962710390372,29.26352856006945,1183.0008249381335,12206.767086575603,3020.3737618189725,92455.71620326577,322.0609488950015,Chemical
5.0,3500.0,0.01,0.3666666666666667,36.66666666666667,4.290555185097192,29.26352856006945,1157.034348923908,10793.173445151979,3037.2511846929433,92838.18371725579,323.39323915822683,Chemical
5.0,3500.0,0.01,0.4,40.0,4.355537019605814,29.26352856006945,1133.8686466837182,9648.073990930468,3052.229422333306,93178.23246870717,324.5777675796196,Chemical
5.0,3666.6666666666665,0.01,0.1,10.0,3.336459436476093,28.59071382897379,1648.298794478563,59345.990273249256,2819.018406603566,86532.34756913714,308.5208221761835,Chemical
5.0,3666.6666666666665,0.01,0.13333333333333333,13.333333333333332,3.546756238827447,28.59071382897379,1538.1972826592973,40447.82765136855,2894.885914243806,88159.89842852096,314.32366173129276,Chemical
5.0,3666.6666666666665,0.01,0.16666666666666669,16.666666666666668,3.709711353629565,28.59071382897379,1458.6061662813106,30125.857228381148,2948.5142679552077,89321.10386048368,318.46380197535984,Chemical
5.0,3666.6666666666665,0.01,0.2,20.0,3.8430877898689824,28.59071382897379,1397.024645179401,23716.521559984125,2989.347693372913,90210.88874852467,321.63622446163316,Chemical
5.0,3666.6666666666665,0.01,0.23333333333333336,23.333333333333336,3.956182851387193,28.59071382897379,1347.22092612925,19392.130647206377,3021.96797742909,90925.05212734599,324.1824892861953,Chemical
5.0,3666.6666666666665,0.01,0.26666666666666666,26.666666666666664,4.054483234442571,28.59071382897379,1305.6666032657254,16299.383060510054,3048.918030829577,91517.24505691609,326.2938829401339,Chemical
5.0,3666.6666666666665,0.01,0.3,30.0,4.141502218403694,28.59071382897379,1270.1824182923929,13989.85313270347,3071.744141764205,92020.31365281812,328.08751435288053,Chemical
5.0,3666.6666666666665,0.01,0.33333333333333337,33.333333333333336,4.21962710390372,28.59071382897379,1239.334197554235,12206.767086575603,3091.4511043618245,92455.71620326578,329.6398905060225,Chemical
5.0,3666.6666666666665,0.01,0.3666666666666667,36.66666666666667,4.290555185097192,28.59071382897379,1212.1312226821894,10793.173445151979,3108.725697407917,92838.18371725579,331.0035330649812,Chemical
5.0,3666.6666666666665,0.01,0.4,40.0,4.355537019605814,28.59071382897379,1187.8623917638952,9648.073990930468,3124.056412394266,93178.23246870717,332.21593655714275,Chemical
5.0,3833.333333333333,0.01,0.1,10.0,3.336459436476093,27.96226974949887,1723.2214669548612,59345.990273249256,2882.375045511342,86532.34756913714,315.45474012448716,Chemical
5.0,3833.333333333333,0.01,0.13333333333333333,13.333333333333332,3.546756238827447,27.96226974949887,1608.1153409619926,40447.82765136855,2959.9476538615086,88159.89842852094,321.38799685228014,Chemical
5.0,3833.333333333333,0.01,0.16666666666666669,16.666666666666668,3.709711353629565,27.96226974949887,1524.9064465668246,30125.857228381148,3014.781289607732,89321.10386048366,325.62118557373805,Chemical
5.0,3833.333333333333,0.01,0.2,20.0,3.8430877898689824,27.96226974949887,1460.5257654148281,23716.521559984125,3056.5324346768934,90210.88874852465,328.8649073553458,Chemical
5.0,3833.333333333333,0.01,0.23333333333333336,23.333333333333336,3.956182851387193,27.96226974949887,1408.4582409533068,19392.130647206377,3089.8858503625684,90925.05212734599,331.468398759442,Chemical
5.0,3833.333333333333,0.01,0.26666666666666666,26.666666666666664,4.054483234442571,27.96226974949887,1365.0150852323493,16299.383060510054,3117.4415985672613,91517.24505691607,333.62724538673166,Chemical
5.0,3833.333333333333,0.01,0.3,30.0,4.141502218403694,27.96226974949887,1327.9179827602288,13989.85313270347,3140.780719869174,92020.31365281813,335.46118815661066,Chemical
5.0,3833.333333333333,0.01,0.33333333333333337,33.333333333333336,4.21962710390372,27.96226974949887,1295.6675701703366,12206.767086575603,3160.930590860134,92455.71620326578,337.04845352337145,Chemical
5.0,3833.333333333333,0.01,0.3666666666666667,36.66666666666667,4.290555185097192,27.96226974949887,1267.2280964404706,10793.173445151979,3178.5934254839813,92838.18371725579,338.4427435619652,Chemical
5.0,3833.333333333333,0.01,0.4,40.0,4.355537019605814,27.96226974949887,1241.8561368440721,9648.073990930468,3194.268693940188,93178.23246870717,339.68239547864346,Chemical
5.0,4000.0,0.01,0.1,10.0,3.336459436476093,27.37352444996351,1798.1441394311596,59345.990273249256,2944.3686979050904,86532.34756913714,322.2394892277283,Chemical
5.0,4000.0,0.01,0.13333333333333333,13.333333333333332,3.546756238827447,27.37352444996351,1678.0333992646881,40447.82765136855,3023.6097252643744,88159.89842852094,328.3003574735708,Chemical
5.0,4000.0,0.01,0.16666666666666669,16.666666666666668,3.709711353629565,27.37352444996351,1591.206726852339,30125.857228381148,3079.6227139054376,89321.10386048368,332.6245929276612,Chemical
5.0,4000.0,0.01,0.2,20.0,3.8430877898689824,27.37352444996351,1524.0268856502557,23716.521559984125,3122.2718357935732,90210.88874852465,335.93808014833076,Chemical
5.0,4000.0,0.01,0.23333333333333336,23.333333333333336,3.956182851387193,27.37352444996351,1469.6955557773638,19392.130647206377,3156.3426113042233,90925.05212734599,338.5975670209441,Chemical
5.0,4000.0,0.01,0.26666666666666666,26.666666666666664,4.054483234442571,27.37352444996351,1424.3635671989732,16299.383060510054,3184.4910240472495,91517.24505691607,340.8028457694083,Chemical
5.0,4000.0,0.01,0.3,30.0,4.141502218403694,27.37352444996351,1385.6535472280648,13989.85313270347,3208.332119363757,92020.3136528181,342.67623268128494,Chemical
5.0,4000.0,0.01,0.33333333333333337,33.333333333333336,4.21962710390372,27.37352444996351,1352.0009427864384,12206.767086575603,3228.915370493759,92455.71620326577,344.2976366926878,Chemical
5.0,4000.0,0.01,0.3666666666666667,36.66666666666667,4.290555185097192,27.37352444996351,1322.324970198752,10793.173445151979,3246.9580944840727,92838.18371725576,345.72191489403747,Chemical
5.0,4000.0,0.01,0.4,40.0,4.355537019605814,27.37352444996351,1295.8498819242493,9648.073990930468,3262.970504057764,93178.23246870715,346.9882290419655,Chemical
6.0,2500.0,0.01,0.1,10.0,3.336459436476093,41.55008872713242,1123.8400871444746,71215.18832789912,2327.7278391710815,103838.81708296457,254.7526845022286,Chemical
6.0,2500.0,0.01,0.13333333333333333,13.333333333333332,3.546756238827447,41.55008872713242,1048.77087454043,48537.393181642256,2390.3733718178455,105791.87811422514,259.5442215659915,Chemical
6.0,2500.0,0.01,0.16666666666666669,16.666666666666668,3.709711353629565,41.55008872713242,994.5042042827118,36151.02867405738,2434.6555274825705,107185.3246325804,262.962829859436,Chemical
6.0,2500.0,0.01,0.2,20.0,3.8430877898689824,41.55008872713242,952.5168035314098,28459.82587198095,2468.3726188257324,108253.06649822957,265.58237151323016,Chemical
6.0,2500.0,0.01,0.23333333333333336,23.333333333333336,3.956182851387193,41.55008872713242,918.5597223608524,23270.556776647652,2495.307931891218,109110.06255281519,267.68488049442425,Chemical
6.0,2500.0,0.01,0.26666666666666666,26.666666666666664,4.054483234442571,41.55008872713242,890.2272294993583,19559.259672612065,2517.5612060878357,109820.69406829929,269.4283064246024,Chemical
6.0,2500.0,0.01,0.3,30.0,4.141502218403694,41.55008872713242,866.0334670175406,16787.823759244166,2536.4092468661697,110424.3763833817,270.9093488196722,Chemical
6.0,2500.0,0.01,0.33333333333333337,33.333333333333336,4.21962710390372,41.55008872713242,845.0005892415239,14648.120503890723,2552.68173567168,110946.85944391893,272.1911812405139,Chemical
6.0,2500.0,0.01,0.3666666666666667,36.66666666666667,4.290555185097192,41.55008872713242,826.45310637422,12951.808134182374,2566.9457614224684,111405.82046070692,273.3171720250121,Chemical
6.0,2500.0,0.01,0.4,40.0,4.355537019605814,41.55008872713242,809.9061762026558,11577.688789116562,2579.6046826925563,111813.8789624486,274.3182812601991,Chemical
6.0,2666.6666666666665,0.01,0.1,10.0,3.336459436476093,40.2307004184061,1198.762759620773,71215.18832789912,2404.0669748301266,103838.81708296457,263.1074411943369,Chemical
6.0,2666.6666666666665,0.01,0.13333333333333333,13.333333333333332,3.546756238827447,40.2307004184061,1118.6889328431253,48537.393181642256,2468.767002738183,105791.87811422515,268.05611939452075,Chemical
6.0,2666.6666666666665,0.01,0.16666666666666669,16.666666666666668,3.709711353629565,40.2307004184061,1060.804484568226,36151.02867405738,2514.501416451154,107185.3246325804,271.58684285791196,Chemical
6.0,2666.6666666666665,0.01,0.2,20.0,3.8430877898689824,40.2307004184061,1016.017923766837,28459.82587198095,2549.324278652387,108253.0664982296,274.2922938445364,Chemical
6.0,2666.6666666666665,0.01,0.23333333333333336,23.333333333333336,3.956182851387193,40.2307004184061,979.7970371849092,23270.556776647652,2577.1429503663885,109110.06255281519,276.46375578304736,Chemical
6.0,2666.6666666666665,0.01,0.26666666666666666,26.666666666666664,4.054483234442571,40.2307004184061,949.5757114659821,19559.259672612065,2600.126033129612,109820.6940682993,278.26435834116097,Chemical
6.0,2666.6666666666665,0.01,0.3,30.0,4.141502218403694,40.2307004184061,923.7690314853766,16787.823759244166,2619.5922059411128,110424.37638338174,279.793972349463,Chemical
6.0,2666.6666666666665,0.01,0.33333333333333337,33.333333333333336,4.21962710390372,40.2307004184061,901.3339618576256,14648.120503890723,2636.3983601131363,110946.85944391895,281.11784318107595,Chemical
6.0,2666.6666666666665,0.01,0.3666666666666667,36.66666666666667,4.290555185097192,40.2307004184061,881.5499801325013,12951.808134182374,2651.13018256185,111405.82046070692,282.2807614627678,Chemical
6.0,2666.6666666666665,0.01,0.4,40.0,4.355537019605814,40.2307004184061,863.8999212828328,11577.688789116562,2664.204260231183,111813.8789624486,283.31470263493145,Chemical
6.0,2833.3333333333335,0.01,0.1,10.0,3.336459436476093,39.02951228651034,1273.6854320970715,71215.18832789912,2478.0555170709317,103838.81708296457,271.20494273255963,Chemical
6.0,2833.3333333333335,0.01,0.13333333333333333,13.333333333333332,3.546756238827447,39.02951228651034,1188.6069911458208,48537.393181642256,2544.746779332263,105791.87811422514,276.305923464197,Chemical
6.0,2833.3333333333335,0.01,0.16666666666666669,16.666666666666668,3.709711353629565,39.02951228651034,1127.10476485374,36151.02867405738,2591.8887339483326,107185.3246325804,279.9453099077991,Chemical
6.0,2833.3333333333335,0.01,0.2,20.0,3.8430877898689824,39.02951228651034,1079.5190440022645,28459.82587198095,2627.7833187088354,108253.0664982296,282.73402495349524,Chemical
6.0,2833.3333333333335,0.01,0.23333333333333336,23.333333333333336,3.956182851387193,39.02951228651034,1041.0343520089662,23270.556776647652,2656.4581491691383,109110.06255281519,284.9723166871175,Chemical
6.0,2833.3333333333335,0.01,0.26666666666666666,26.666666666666664,4.054483234442571,39.02951228651034,1008.9241934326061,19559.259672612065,2680.148568627909,109820.69406829929,286.8283353213324,Chemical
6.0,2833.3333333333335,0.01,0.3,30.0,4.141502218403694,39.02951228651034,981.5045959532126,16787.823759244166,2700.2138402849946,110424.3763833817,288.4050253519958,Chemical
6.0,2833.3333333333335,0.01,0.33333333333333337,33.333333333333336,4.21962710390372,39.02951228651034,957.6673344737272,14648.120503890723,2717.5372274879114,110946.85944391892,289.7696401703494,Chemical
6.0,2833.3333333333335,0.01,0.3666666666666667,36.66666666666667,4.290555185097192,39.02951228651034,936.6468538907827,12951.808134182374,2732.7224424913848,111405.82046070692,290.9683488976938,Chemical
6.0,2833.3333333333335,0.01,0.4,40.0,4.355537019605814,39.02951228651034,917.89366636301,11577.688789116562,2746.1988932884324,111813.87896244858,292.03411106357015,Chemical
6.0,3000.0,0.01,0.1,10.0,3.336459436476093,37.92986810365257,1348.6081045733697,71215.18832789912,2549.8980904935174,103838.81708296458,279.06758377373467,Chemical
6.0,3000.0,0.01,0.13333333333333333,13.333333333333332,3.546756238827447,37.92986810365257,1258.525049448516,48537.393181642256,2618.5228332086353,105791.87811422515,284.31644964362465,Chemical
6.0,3000.0,0.01,0.16666666666666669,16.666666666666668,3.709711353629565,37.92986810365257,1193.405045139254,36151.02867405738,2667.0315043136848,107185.3246325804,288.0613473988122,Chemical
6.0,3000.0,0.01,0.2,20.0,3.8430877898689824,37.92986810365257,1143.0201642376917,28459.82587198095,2703.9667273179093,108253.06649822959,290.9309115070272,Chemical
6.0,3000.0,0.01,0.23333333333333336,23.333333333333336,3.956182851387193,37.92986810365257,1102.271666833023,23270.556776647652,2733.472884436769,109110.0625528152,293.2340946997416,Chemical
6.0,3000.0,0.01,0.26666666666666666,26.666666666666664,4.054483234442571,37.92986810365257,1068.27267539923,19559.259672612065,2757.8501249484393,109820.69406829929,295.1439221183375,Chemical
6.0,3000.0,0.01,0.3,30.0,4.141502218403694,37.92986810365257,1039.2401604210486,16787.823759244166,2778.4971191465816,110424.37638338174,296.76632277514,Chemical
6.0,3000.0,0.01,0.33333333333333337,33.333333333333336,4.21962710390372,37.92986810365257,1014.0007070898288,14648.120503890723,2796.3227375176384,110946.85944391896,298.17049983881293,Chemical
6.0,3000.0,0.01,0.3666666666666667,36.66666666666667,4.290555185097192,37.92986810365257,991.743727649064,12951.808134182374,2811.9481948467205,111405.82046070692,299.4039609432381,Chemical
6.0,3000.0,0.01,0.4,40.0,4.355537019605814,37.92986810365257,971.887411443187,11577.688789116562,2825.8153483133387,111813.87896244861,300.50062116451545,Chemical
6.0,3166.6666666666665,0.01,0.1,10.0,3.336459436476093,36.9182226424614,1423.530777049668,71215.18832789912,2619.7712491970155,103838.81708296455,286.71468686492125,Chemical
6.0,3166.6666666666665,0.01,0.13333333333333333,13.333333333333332,3.546756238827447,36.9182226424614,1328.4431077512113,48537.393181642256,2690.2764700208845,105791.87811422511,292.1073839095972,Chemical
6.0,3166.6666666666665,0.01,0.16666666666666669,16.666666666666668,3.709711353629565,36.9182226424614,1259.7053254247683,36151.02867405738,2740.114391925116,107185.32463258039,295.9549006032248,Chemical
6.0,3166.6666666666665,0.01,0.2,20.0,3.8430877898689824,36.9182226424614,1206.521284473119,28459.82587198095,2778.0617262401192,108253.06649822957,298.90309746507444,Chemical
6.0,3166.6666666666665,0.01,0.23333333333333336,23.333333333333336,3.956182851387193,36.9182226424614,1163.5089816570796,23270.556776647652,2808.3764209263363,109110.06255281517,301.269393252503,Chemical
6.0,3166.6666666666665,0.01,0.26666666666666666,26.666666666666664,4.054483234442571,36.9182226424614,1127.6211573658538,19559.259672612065,2833.4216547203173,109820.69406829929,303.23155439957753,Chemical
6.0,3166.6666666666665,0.01,0.3,30.0,4.141502218403694,36.9182226424614,1096.9757248888845,16787.823759244166,2854.6344247460247,110424.3763833817,304.8984126207807,Chemical
6.0,3166.6666666666665,0.01,0.33333333333333337,33.333333333333336,4.21962710390372,36.9182226424614,1070.3340797059304,14648.120503890723,2872.9485066623783,110946.85944391893,306.3410674131062,Chemical
6.0,3166.6666666666665,0.01,0.3666666666666667,36.66666666666667,4.290555185097192,36.9182226424614,1046.8406014073453,12951.808134182374,2889.00213798941,111405.8204607069,307.6083282304789,Chemical
6.0,3166.6666666666665,0.01,0.4,40.0,4.355537019605814,36.9182226424614,1025.881156523364,11577.688789116562,2903.2492838245666,111813.87896244858,308.73503950123575,Chemical
6.0,3333.333333333333,0.01,0.1,10.0,3.336459436476093,35.983432367194105,1498.453449525966,71215.18832789912,2687.82858909122,103838.81708296457,294.1630619482829,Chemical
6.0,3333.333333333333,0.01,0.13333333333333333,13.333333333333332,3.546756238827447,35.983432367194105,1398.3611660539066,48537.393181642256,2760.1654193654927,105791.87811422512,299.6958523754741,Chemical
6.0,3333.333333333333,0.01,0.16666666666666669,16.666666666666668,3.709711353629565,35.983432367194105,1326.0056057102822,36151.02867405738,2811.298048352144,107185.32463258039,303.6433212124222,Chemical
6.0,3333.333333333333,0.01,0.2,20.0,3.8430877898689824,35.983432367194105,1270.0224047085462,28459.82587198095,2850.2311918786763,108253.06649822959,306.6681073703653,Chemical
6.0,3333.333333333333,0.01,0.23333333333333336,23.333333333333336,3.956182851387193,35.983432367194105,1224.7462964811364,23270.556776647652,2881.3334123768054,109110.06255281517,309.09587562289727,Chemical
6.0,3333.333333333333,0.01,0.26666666666666666,26.666666666666664,4.054483234442571,35.983432367194105,1186.9696393324775,19559.259672612065,2907.029280072341,109820.69406829926,311.10901048309825,Chemical
6.0,3333.333333333333,0.01,0.3,30.0,4.141502218403694,35.983432367194105,1154.7112893567207,16787.823759244166,2928.793122906478,110424.3763833817,312.81917093404786,Chemical
6.0,3333.333333333333,0.01,0.33333333333333337,33.333333333333336,4.21962710390372,35.983432367194105,1126.667452322032,14648.120503890723,2947.582974490971,110946.85944391892,314.29930352050576,Chemical
6.0,3333.333333333333,0.01,0.3666666666666667,36.66666666666667,4.290555185097192,35.983432367194105,1101.9374751656267,12951.808134182374,2964.053652704862,111405.82046070692,315.599485685576,Chemical
6.0,3333.333333333333,0.01,0.4,40.0,4.355537019605814,35.983432367194105,1079.874901603541,11577.688789116562,2978.6709159107327,111813.87896244858,316.75546705842277,Chemical
6.0,3500.0,0.01,0.1,10.0,3.336459436476093,35.11623427208334,1573.3761220022645,71215.18832789912,2754.204721975638,103838.81708296458,301.4274412947979,Chemical
6.0,3500.0,0.01,0.13333333333333333,13.333333333333332,3.546756238827447,35.11623427208334,1468.279224356602,48537.393181642256,2828.327915814243,105791.87811422512,307.09686440537786,Chemical
6.0,3500.0,0.01,0.16666666666666669,16.666666666666668,3.709711353629565,35.11623427208334,1392.3058859957964,36151.02867405738,2880.723268990273,107185.3246325804,311.14181628761463,Chemical
6.0,3500.0,0.01,0.2,20.0,3.8430877898689824,35.11623427208334,1333.5235249439736,28459.82587198095,2920.6178694783143,108253.0664982296,314.24129977141456,Chemical
6.0,3500.0,0.01,0.23333333333333336,23.333333333333336,3.956182851387193,35.11623427208334,1285.9836113051933,23270.556776647652,2952.4881616939497,109110.0625528152,316.72902194690005,Chemical
6.0,3500.0,0.01,0.26666666666666666,26.666666666666664,4.054483234442571,35.11623427208334,1246.3181212991014,19559.259672612065,2978.8185908104256,109820.69406829927,318.79187132667164,Chemical
6.0,3500.0,0.01,0.3,30.0,4.141502218403694,35.11623427208334,1212.4468538245567,16787.823759244166,3001.119893410374,110424.37638338172,320.5442643209489,Chemical
6.0,3500.0,0.01,0.33333333333333337,33.333333333333336,4.21962710390372,35.11623427208334,1183.0008249381335,14648.120503890723,3020.3737618189725,110946.85944391892,322.0609488950015,Chemical
6.0,3500.0,0.01,0.3666666666666667,36.66666666666667,4.290555185097192,35.11623427208334,1157.034348923908,12951.808134182374,3037.2511846929433,111405.82046070693,323.39323915822683,Chemical
6.0,3500.0,0.01,0.4,40.0,4.355537019605814,35.11623427208334,1133.8686466837182,11577.688789116562,3052.229422333306,111813.8789624486,324.5777675796196,Chemical
6.0,3666.6666666666665,0.01,0.1,10.0,3.336459436476093,34.30885659476855,1648.298794478563,71215.18832789912,2819.018406603566,103838.81708296458,308.5208221761836,Chemical
6.0,3666.6666666666665,0.01,0.13333333333333333,13.333333333333332,3.546756238827447,34.30885659476855,1538.1972826592973,48537.393181642256,2894.885914243806,105791.87811422514,314.3236617312927,Chemical
6.0,3666.6666666666665,0.01,0.16666666666666669,16.666666666666668,3.709711353629565,34.30885659476855,1458.6061662813106,36151.02867405738,2948.5142679552077,107185.32463258042,318.4638019753599,Chemical
6.0,3666.6666666666665,0.01,0.2,20.0,3.8430877898689824,34.30885659476855,1397.024645179401,28459.82587198095,2989.347693372913,108253.0664982296,321.63622446163316,Chemical
6.0,3666.6666666666665,0.01,0.23333333333333336,23.333333333333336,3.956182851387193,34.30885659476855,1347.22092612925,23270.556776647652,3021.96797742909,109110.06255281519,324.1824892861953,Chemical
6.0,3666.6666666666665,0.01,0.26666666666666666,26.666666666666664,4.054483234442571,34.30885659476855,1305.6666032657254,19559.259672612065,3048.918030829577,109820.69406829929,326.29388294013387,Chemical
6.0,3666.6666666666665,0.01,0.3,30.0,4.141502218403694,34.30885659476855,1270.1824182923929,16787.823759244166,3071.744141764205,110424.37638338175,328.0875143528806,Chemical
6.0,3666.6666666666665,0.01,0.33333333333333337,33.333333333333336,4.21962710390372,34.30885659476855,1239.334197554235,14648.120503890723,3091.4511043618245,110946.85944391893,329.6398905060225,Chemical
6.0,3666.6666666666665,0.01,0.3666666666666667,36.66666666666667,4.290555185097192,34.30885659476855,1212.1312226821894,12951.808134182374,3108.725697407917,111405.82046070693,331.0035330649811,Chemical
6.0,3666.6666666666665,0.01,0.4,40.0,4.355537019605814,34.30885659476855,1187.8623917638952,11577.688789116562,3124.056412394266,111813.87896244861,332.2159365571428,Chemical
6.0,3833.333333333333,0.01,0.1,10.0,3.336459436476093,33.55472369939864,1723.2214669548612,71215.18832789912,2882.375045511342,103838.81708296457,315.45474012448716,Chemical
6.0,3833.333333333333,0.01,0.13333333333333333,13.333333333333332,3.546756238827447,33.55472369939864,1608.1153409619926,48537.393181642256,2959.9476538615086,105791.87811422514,321.38799685228014,Chemical
6.0,3833.333333333333,0.01,0.16666666666666669,16.666666666666668,3.709711353629565,33.55472369939864,1524.9064465668246,36151.02867405738,3014.781289607732,107185.3246325804,325.62118557373805,Chemical
6.0,3833.333333333333,0.01,0.2,20.0,3.8430877898689824,33.55472369939864,1460.5257654148281,28459.82587198095,3056.5324346768934,108253.06649822959,328.8649073553458,Chemical
6.0,3833.333333333333,0.01,0.23333333333333336,23.333333333333336,3.956182851387193,33.55472369939864,1408.4582409533068,23270.556776647652,3089.8858503625684,109110.06255281519,331.468398759442,Chemical
6.0,3833.333333333333,0.01,0.26666666666666666,26.666666666666664,4.054483234442571,33.55472369939864,1365.0150852323493,19559.259672612065,3117.4415985672613,109820.69406829929,333.62724538673166,Chemical
6.0,3833.333333333333,0.01,0.3,30.0,4.141502218403694,33.55472369939864,1327.9179827602288,16787.823759244166,3140.780719869174,110424.37638338175,335.4611881566106,Chemical
6.0,3833.333333333333,0.01,0.33333333333333337,33.333333333333336,4.21962710390372,33.55472369939864,1295.6675701703366,14648.120503890723,3160.930590860134,110946.85944391893,337.04845352337145,Chemical
6.0,3833.333333333333,0.01,0.3666666666666667,36.66666666666667,4.290555185097192,33.55472369939864,1267.2280964404706,12951.808134182374,3178.5934254839813,111405.82046070693,338.44274356196513,Chemical
6.0,3833.333333333333,0.01,0.4,40.0,4.355537019605814,33.55472369939864,1241.8561368440721,11577.688789116562,3194.268693940188,111813.8789624486,339.6823954786434,Chemical
6.0,4000.0,0.01,0.1,10.0,3.336459436476093,32.84822933995621,1798.1441394311596,71215.18832789912,2944.3686979050904,103838.81708296457,322.2394892277283,Chemical
6.0,4000.0,0.01,0.13333333333333333,13.333333333333332,3.546756238827447,32.84822933995621,1678.0333992646881,48537.393181642256,3023.6097252643744,105791.87811422512,328.3003574735707,Chemical
6.0,4000.0,0.01,0.16666666666666669,16.666666666666668,3.709711353629565,32.84822933995621,1591.206726852339,36151.02867405738,3079.6227139054376,107185.3246325804,332.6245929276611,Chemical
6.0,4000.0,0.01,0.2,20.0,3.8430877898689824,32.84822933995621,1524.0268856502557,28459.82587198095,3122.2718357935732,108253.06649822959,335.93808014833076,Chemical
6.0,4000.0,0.01,0.23333333333333336,23.333333333333336,3.956182851387193,32.84822933995621,1469.6955557773638,23270.556776647652,3156.3426113042233,109110.06255281519,338.5975670209441,Chemical
6.0,4000.0,0.01,0.26666666666666666,26.666666666666664,4.054483234442571,32.84822933995621,1424.3635671989732,19559.259672612065,3184.4910240472495,109820.69406829927,340.80284576940824,Chemical
6.0,4000.0,0.01,0.3,30.0,4.141502218403694,32.84822933995621,1385.6535472280648,16787.823759244166,3208.332119363757,110424.3763833817,342.6762326812849,Chemical
6.0,4000.0,0.01,0.33333333333333337,33.333333333333336,4.21962710390372,32.84822933995621,1352.0009427864384,14648.120503890723,3228.915370493759,110946.85944391892,344.2976366926878,Chemical
6.0,4000.0,0.01,0.3666666666666667,36.66666666666667,4.290555185097192,32.84822933995621,1322.324970198752,12951.808134182374,3246.9580944840727,111405.8204607069,345.7219148940374,Chemical
6.0,4000.0,0.01,0.4,40.0,4.355537019605814,32.84822933995621,1295.8498819242493,11577.688789116562,3262.970504057764,111813.87896244858,346.98822904196544,Chemical
7.0,2500.0,0.01,0.1,10.0,3.336459436476093,48.475103514987815,1123.8400871444746,83084.38638254897,2327.7278391710815,121145.28659679198,254.75268450222856,Chemical
7.0,2500.0,0.01,0.13333333333333333,13.333333333333332,3.546756238827447,48.475103514987815,1048.77087454043,56626.95871191596,2390.3733718178455,123423.8577999293,259.54422156599145,Chemical
7.0,2500.0,0.01,0.16666666666666669,16.666666666666668,3.709711353629565,48.475103514987815,994.5042042827118,42176.20011973361,2434.6555274825705,125049.54540467713,262.962829859436,Chemical
7.0,2500.0,0.01,0.2,20.0,3.8430877898689824,48.475103514987815,952.5168035314098,33203.13018397777,2468.3726188257324,126295.24424793449,265.58237151323016,Chemical
7.0,2500.0,0.01,0.23333333333333336,23.333333333333336,3.956182851387193,48.475103514987815,918.5597223608524,27148.982906088928,2495.307931891218,127295.07297828436,267.68488049442425,Chemical
7.0,2500.0,0.01,0.26666666666666666,26.666666666666664,4.054483234442571,48.475103514987815,890.2272294993583,22819.136284714074,2517.5612060878357,128124.14307968249,269.42830642460234,Chemical
7.0,2500.0,0.01,0.3,30.0,4.141502218403694,48.475103514987815,866.0334670175406,19585.79438578486,2536.4092468661697,128828.43911394532,270.9093488196722,Chemical
7.0,2500.0,0.01,0.33333333333333337,33.333333333333336,4.21962710390372,48.475103514987815,845.0005892415239,17089.473921205845,2552.68173567168,129438.00268457207,272.19118124051386,Chemical
7.0,2500.0,0.01,0.3666666666666667,36.66666666666667,4.290555185097192,48.475103514987815,826.45310637422,15110.44282321277,2566.9457614224684,129973.45720415805,273.31717202501204,Chemical
7.0,2500.0,0.01,0.4,40.0,4.355537019605814,48.475103514987815,809.9061762026558,13507.303587302655,2579.6046826925563,130449.52545619002,274.3182812601991,Chemical
7.0,2666.6666666666665,0.01,0.1,10.0,3.336459436476093,46.93581715480712,1198.762759620773,83084.38638254897,2404.0669748301266,121145.28659679201,263.10744119433696,Chemical
7.0,2666.6666666666665,0.01,0.13333333333333333,13.333333333333332,3.546756238827447,46.93581715480712,1118.6889328431253,56626.95871191596,2468.767002738183,123423.85779992933,268.05611939452075,Chemical
7.0,2666.6666666666665,0.01,0.16666666666666669,16.666666666666668,3.709711353629565,46.93581715480712,1060.804484568226,42176.20011973361,2514.501416451154,125049.54540467713,271.58684285791196,Chemical
7.0,2666.6666666666665,0.01,0.2,20.0,3.8430877898689824,46.93581715480712,1016.017923766837,33203.13018397777,2549.324278652387,126295.24424793455,274.29229384453646,Chemical
7.0,2666.6666666666665,0.01,0.23333333333333336,23.333333333333336,3.956182851387193,46.93581715480712,979.7970371849092,27148.982906088928,2577.1429503663885,127295.07297828438,276.46375578304736,Chemical
7.0,2666.6666666666665,0.01,0.26666666666666666,26.666666666666664,4.054483234442571,46.93581715480712,949.5757114659821,22819.136284714074,2600.126033129612,128124.14307968252,278.26435834116097,Chemical
7.0,2666.6666666666665,0.01,0.3,30.0,4.141502218403694,46.93581715480712,923.7690314853766,19585.79438578486,2619.5922059411128,128828.43911394537,279.79397234946305,Chemical
7.0,2666.6666666666665,0.01,0.33333333333333337,33.333333333333336,4.21962710390372,46.93581715480712,901.3339618576256,17089.473921205845,2636.3983601131363,129438.00268457211,281.117843181076,Chemical
7.0,2666.6666666666665,0.01,0.3666666666666667,36.66666666666667,4.290555185097192,46.93581715480712,881.5499801325013,15110.44282321277,2651.13018256185,129973.45720415808,282.2807614627678,Chemical
7.0,2666.6666666666665,0.01,0.4,40.0,4.355537019605814,46.93581715480712,863.8999212828328,13507.303587302655,2664.204260231183,130449.52545619004,283.3147026349315,Chemical
7.0,2833.3333333333335,0.01,0.1,10.0,3.336459436476093,45.53443100092873,1273.6854320970715,83084.38638254897,2478.0555170709317,121145.286596792,271.20494273255963,Chemical
7.0,2833.3333333333335,0.01,0.13333333333333333,13.333333333333332,3.546756238827447,45.53443100092873,1188.6069911458208,56626.95871191596,2544.746779332263,123423.85779992933,276.305923464197,Chemical
7.0,2833.3333333333335,0.01,0.16666666666666669,16.666666666666668,3.709711353629565,45.53443100092873,1127.10476485374,42176.20011973361,2591.8887339483326,125049.54540467713,279.9453099077991,Chemical
7.0,2833.3333333333335,0.01,0.2,20.0,3.8430877898689824,45.53443100092873,1079.5190440022645,33203.13018397777,2627.7833187088354,126295.24424793452,282.7340249534952,Chemical
7.0,2833.3333333333335,0.01,0.23333333333333336,23.333333333333336,3.956182851387193,45.53443100092873,1041.0343520089662,27148.982906088928,2656.4581491691383,127295.07297828437,284.9723166871174,Chemical
7.0,2833.3333333333335,0.01,0.26666666666666666,26.666666666666664,4.054483234442571,45.53443100092873,1008.9241934326061,22819.136284714074,2680.148568627909,128124.1430796825,286.8283353213324,Chemical
7.0,2833.3333333333335,0.01,0.3,30.0,4.141502218403694,45.53443100092873,981.5045959532126,19585.79438578486,2700.2138402849946,128828.43911394534,288.4050253519958,Chemical
7.0,2833.3333333333335,0.01,0.33333333333333337,33.333333333333336,4.21962710390372,45.53443100092873,957.6673344737272,17089.473921205845,2717.5372274879114,129438.00268457207,289.7696401703494,Chemical
7.0,2833.3333333333335,0.01,0.3666666666666667,36.66666666666667,4.290555185097192,45.53443100092873,936.6468538907827,15110.44282321277,2732.7224424913848,129973.45720415807,290.9683488976938,Chemical
7.0,2833.3333333333335,0.01,0.4,40.0,4.355537019605814,45.53443100092873,917.89366636301,13507.303587302655,2746.1988932884324,130449.52545619002,292.0341110635702,Chemical
7.0,3000.0,0.01,0.1,10.0,3.336459436476093,44.25151278759466,1348.6081045733697,83084.38638254897,2549.8980904935174,121145.286596792,279.0675837737346,Chemical
7.0,3000.0,0.01,0.13333333333333333,13.333333333333332,3.546756238827447,44.25151278759466,1258.525049448516,56626.95871191596,2618.5228332086353,123423.85779992933,284.31644964362465,Chemical
7.0,3000.0,0.01,0.16666666666666669,16.666666666666668,3.709711353629565,44.25151278759466,1193.405045139254,42176.20011973361,2667.0315043136848,125049.54540467712,288.0613473988122,Chemical
7.0,3000.0,0.01,0.2,20.0,3.8430877898689824,44.25151278759466,1143.0201642376917,33203.13018397777,2703.9667273179093,126295.2442479345,290.9309115070272,Chemical
7.0,3000.0,0.01,0.23333333333333336,23.333333333333336,3.956182851387193,44.25151278759466,1102.271666833023,27148.982906088928,2733.472884436769,127295.07297828437,293.2340946997416,Chemical
7.0,3000.0,0.01,0.26666666666666666,26.666666666666664,4.054483234442571,44.25151278759466,1068.27267539923,22819.136284714074,2757.8501249484393,128124.14307968249,295.1439221183375,Chemical
7.0,3000.0,0.01,0.3,30.0,4.141502218403694,44.25151278759466,1039.2401604210486,19585.79438578486,2778.4971191465816,128828.43911394535,296.76632277514,Chemical
7.0,3000.0,0.01,0.33333333333333337,33.333333333333336,4.21962710390372,44.25151278759466,1014.0007070898288,17089.473921205845,2796.3227375176384,129438.0026845721,298.17049983881293,Chemical
7.0,3000.0,0.01,0.3666666666666667,36.66666666666667,4.290555185097192,44.25151278759466,991.743727649064,15110.44282321277,2811.9481948467205,129973.45720415807,299.4039609432381,Chemical
7.0,3000.0,0.01,0.4,40.0,4.355537019605814,44.25151278759466,971.887411443187,13507.303587302655,2825.8153483133387,130449.52545619005,300.5006211645155,Chemical
7.0,3166.6666666666665,0.01,0.1,10.0,3.336459436476093,43.07125974953831,1423.530777049668,83084.38638254897,2619.7712491970155,121145.28659679201,286.7146868649213,Chemical
7.0,3166.6666666666665,0.01,0.13333333333333333,13.333333333333332,3.546756238827447,43.07125974953831,1328.4431077512113,56626.95871191596,2690.2764700208845,123423.8577999293,292.1073839095972,Chemical
7.0,3166.6666666666665,0.01,0.16666666666666669,16.666666666666668,3.709711353629565,43.07125974953831,1259.7053254247683,42176.20011973361,2740.114391925116,125049.54540467713,295.9549006032248,Chemical
7.0,3166.6666666666665,0.01,0.2,20.0,3.8430877898689824,43.07125974953831,1206.521284473119,33203.13018397777,2778.0617262401192,126295.2442479345,298.90309746507444,Chemical
7.0,3166.6666666666665,0.01,0.23333333333333336,23.333333333333336,3.956182851387193,43.07125974953831,1163.5089816570796,27148.982906088928,2808.3764209263363,127295.07297828437,301.269393252503,Chemical
7.0,3166.6666666666665,0.01,0.26666666666666666,26.666666666666664,4.054483234442571,43.07125974953831,1127.6211573658538,22819.136284714074,2833.4216547203173,128124.14307968252,303.23155439957753,Chemical
7.0,3166.6666666666665,0.01,0.3,30.0,4.141502218403694,43.07125974953831,1096.9757248888845,19585.79438578486,2854.6344247460247,128828.43911394535,304.8984126207807,Chemical
7.0,3166.6666666666665,0.01,0.33333333333333337,33.333333333333336,4.21962710390372,43.07125974953831,1070.3340797059304,17089.473921205845,2872.9485066623783,129438.0026845721,306.3410674131062,Chemical
7.0,3166.6666666666665,0.01,0.3666666666666667,36.66666666666667,4.290555185097192,43.07125974953831,1046.8406014073453,15110.44282321277,2889.00213798941,129973.45720415808,307.60832823047895,Chemical
7.0,3166.6666666666665,0.01,0.4,40.0,4.355537019605814,43.07125974953831,1025.881156523364,13507.303587302655,2903.2492838245666,130449.52545619004,308.73503950123575,Chemical
7.0,3333.333333333333,0.01,0.1,10.0,3.336459436476093,41.98067109505979,1498.453449525966,83084.38638254897,2687.82858909122,121145.28659679201,294.163061948283,Chemical
7.0,3333.333333333333,0.01,0.13333333333333333,13.333333333333332,3.546756238827447,41.98067109505979,1398.3611660539066,56626.95871191596,2760.1654193654927,123423.8577999293,299.69585237547403,Chemical
7.0,3333.333333333333,0.01,0.16666666666666669,16.666666666666668,3.709711353629565,41.98067109505979,1326.0056057102822,42176.20011973361,2811.298048352144,125049.54540467712,303.64332121242217,Chemical
7.0,3333.333333333333,0.01,0.2,20.0,3.8430877898689824,41.98067109505979,1270.0224047085462,33203.13018397777,2850.2311918786763,126295.24424793452,306.6681073703653,Chemical
7.0,3333.333333333333,0.01,0.23333333333333336,23.333333333333336,3.956182851387193,41.98067109505979,1224.7462964811364,27148.982906088928,2881.3334123768054,127295.07297828436,309.0958756228972,Chemical
7.0,3333.333333333333,0.01,0.26666666666666666,26.666666666666664,4.054483234442571,41.98067109505979,1186.9696393324775,22819.136284714074,2907.029280072341,128124.14307968249,311.10901048309825,Chemical
7.0,3333.333333333333,0.01,0.3,30.0,4.141502218403694,41.98067109505979,1154.7112893567207,19585.79438578486,2928.793122906478,128828.43911394534,312.8191709340479,Chemical
7.0,3333.333333333333,0.01,0.33333333333333337,33.333333333333336,4.21962710390372,41.98067109505979,1126.667452322032,17089.473921205845,2947.582974490971,129438.00268457209,314.2993035205058,Chemical
7.0,3333.333333333333,0.01,0.3666666666666667,36.66666666666667,4.290555185097192,41.98067109505979,1101.9374751656267,15110.44282321277,2964.053652704862,129973.45720415808,315.599485685576,Chemical
7.0,3333.333333333333,0.01,0.4,40.0,4.355537019605814,41.98067109505979,1079.874901603541,13507.303587302655,2978.6709159107327,130449.52545619004,316.7554670584228,Chemical
7.0,3500.0,0.01,0.1,10.0,3.336459436476093,40.96893998409723,1573.3761220022645,83084.38638254897,2754.204721975638,121145.28659679202,301.4274412947979,Chemical
7.0,3500.0,0.01,0.13333333333333333,13.333333333333332,3.546756238827447,40.96893998409723,1468.279224356602,56626.95871191596,2828.327915814243,123423.85779992933,307.0968644053779,Chemical
7.0,3500.0,0.01,0.16666666666666669,16.666666666666668,3.709711353629565,40.96893998409723,1392.3058859957964,42176.20011973361,2880.723268990273,125049.54540467715,311.14181628761463,Chemical
7.0,3500.0,0.01,0.2,20.0,3.8430877898689824,40.96893998409723,1333.5235249439736,33203.13018397777,2920.6178694783143,126295.24424793453,314.24129977141456,Chemical
7.0,3500.0,0.01,0.23333333333333336,23.333333333333336,3.956182851387193,40.96893998409723,1285.9836113051933,27148.982906088928,2952.4881616939497,127295.0729782844,316.72902194690005,Chemical
7.0,3500.0,0.01,0.26666666666666666,26.666666666666664,4.054483234442571,40.96893998409723,1246.3181212991014,22819.136284714074,2978.8185908104256,128124.1430796825,318.79187132667164,Chemical
7.0,3500.0,0.01,0.3,30.0,4.141502218403694,40.96893998409723,1212.4468538245567,19585.79438578486,3001.119893410374,128828.43911394537,320.5442643209489,Chemical
7.0,3500.0,0.01,0.33333333333333337,33.333333333333336,4.21962710390372,40.96893998409723,1183.0008249381335,17089.473921205845,3020.3737618189725,129438.00268457209,322.0609488950015,Chemical
7.0,3500.0,0.01,0.3666666666666667,36.66666666666667,4.290555185097192,40.96893998409723,1157.034348923908,15110.44282321277,3037.2511846929433,129973.4572041581,323.39323915822683,Chemical
7.0,3500.0,0.01,0.4,40.0,4.355537019605814,40.96893998409723,1133.8686466837182,13507.303587302655,3052.229422333306,130449.52545619005,324.57776757961966,Chemical
7.0,3666.6666666666665,0.01,0.1,10.0,3.336459436476093,40.0269993605633,1648.298794478563,83084.38638254897,2819.018406603566,121145.28659679201,308.5208221761836,Chemical
7.0,3666.6666666666665,0.01,0.13333333333333333,13.333333333333332,3.546756238827447,40.0269993605633,1538.1972826592973,56626.95871191596,2894.885914243806,123423.85779992933,314.32366173129276,Chemical
7.0,3666.6666666666665,0.01,0.16666666666666669,16.666666666666668,3.709711353629565,40.0269993605633,1458.6061662813106,42176.20011973361,2948.5142679552077,125049.54540467713,318.46380197535984,Chemical
7.0,3666.6666666666665,0.01,0.2,20.0,3.8430877898689824,40.0269993605633,1397.024645179401,33203.13018397777,2989.347693372913,126295.24424793452,321.6362244616332,Chemical
7.0,3666.6666666666665,0.01,0.23333333333333336,23.333333333333336,3.956182851387193,40.0269993605633,1347.22092612925,27148.982906088928,3021.96797742909,127295.07297828437,324.1824892861953,Chemical
7.0,3666.6666666666665,0.01,0.26666666666666666,26.666666666666664,4.054483234442571,40.0269993605633,1305.6666032657254,22819.136284714074,3048.918030829577,128124.1430796825,326.2938829401339,Chemical
7.0,3666.6666666666665,0.01,0.3,30.0,4.141502218403694,40.0269993605633,1270.1824182923929,19585.79438578486,3071.744141764205,128828.43911394537,328.0875143528806,Chemical
7.0,3666.6666666666665,0.01,0.33333333333333337,33.333333333333336,4.21962710390372,40.0269993605633,1239.334197554235,17089.473921205845,3091.4511043618245,129438.00268457207,329.6398905060225,Chemical
7.0,3666.6666666666665,0.01,0.3666666666666667,36.66666666666667,4.290555185097192,40.0269993605633,1212.1312226821894,15110.44282321277,3108.725697407917,129973.45720415808,331.0035330649812,Chemical
7.0,3666.6666666666665,0.01,0.4,40.0,4.355537019605814,40.0269993605633,1187.8623917638952,13507.303587302655,3124.056412394266,130449.52545619004,332.2159365571428,Chemical
7.0,3833.333333333333,0.01,0.1,10.0,3.336459436476093,39.14717764929841,1723.2214669548612,83084.38638254897,2882.375045511342,121145.286596792,315.45474012448716,Chemical
7.0,3833.333333333333,0.01,0.13333333333333333,13.333333333333332,3.546756238827447,39.14717764929841,1608.1153409619926,56626.95871191596,2959.9476538615086,123423.8577999293,321.3879968522801,Chemical
7.0,3833.333333333333,0.01,0.16666666666666669,16.666666666666668,3.709711353629565,39.14717764929841,1524.9064465668246,42176.20011973361,3014.781289607732,125049.54540467712,325.621185573738,Chemical
7.0,3833.333333333333,0.01,0.2,20.0,3.8430877898689824,39.14717764929841,1460.5257654148281,33203.13018397777,3056.5324346768934,126295.2442479345,328.8649073553458,Chemical
7.0,3833.333333333333,0.01,0.23333333333333336,23.333333333333336,3.956182851387193,39.14717764929841,1408.4582409533068,27148.982906088928,3089.8858503625684,127295.07297828437,331.4683987594419,Chemical
7.0,3833.333333333333,0.01,0.26666666666666666,26.666666666666664,4.054483234442571,39.14717764929841,1365.0150852323493,22819.136284714074,3117.4415985672613,128124.1430796825,333.6272453867316,Chemical
7.0,3833.333333333333,0.01,0.3,30.0,4.141502218403694,39.14717764929841,1327.9179827602288,19585.79438578486,3140.780719869174,128828.43911394537,335.46118815661055,Chemical
7.0,3833.333333333333,0.01,0.33333333333333337,33.333333333333336,4.21962710390372,39.14717764929841,1295.6675701703366,17089.473921205845,3160.930590860134,129438.00268457209,337.04845352337145,Chemical
7.0,3833.333333333333,0.01,0.3666666666666667,36.66666666666667,4.290555185097192,39.14717764929841,1267.2280964404706,15110.44282321277,3178.5934254839813,129973.45720415808,338.4427435619651,Chemical
7.0,3833.333333333333,0.01,0.4,40.0,4.355537019605814,39.14717764929841,1241.8561368440721,13507.303587302655,3194.268693940188,130449.52545619002,339.6823954786434,Chemical
7.0,4000.0,0.01,0.1,10.0,3.336459436476093,38.32293422994891,1798.1441394311596,83084.38638254897,2944.3686979050904,121145.286596792,322.2394892277283,Chemical
7.0,4000.0,0.01,0.13333333333333333,13.333333333333332,3.546756238827447,38.32293422994891,1678.0333992646881,56626.95871191596,3023.6097252643744,123423.85779992933,328.30035747357084,Chemical
7.0,4000.0,0.01,0.16666666666666669,16.666666666666668,3.709711353629565,38.32293422994891,1591.206726852339,42176.20011973361,3079.6227139054376,125049.54540467713,332.6245929276611,Chemical
7.0,4000.0,0.01,0.2,20.0,3.8430877898689824,38.32293422994891,1524.0268856502557,33203.13018397777,3122.2718357935732,126295.24424793452,335.9380801483308,Chemical
7.0,4000.0,0.01,0.23333333333333336,23.333333333333336,3.956182851387193,38.32293422994891,1469.6955557773638,27148.982906088928,3156.3426113042233,127295.07297828437,338.5975670209441,Chemical
7.0,4000.0,0.01,0.26666666666666666,26.666666666666664,4.054483234442571,38.32293422994891,1424.3635671989732,22819.136284714074,3184.4910240472495,128124.1430796825,340.80284576940835,Chemical
7.0,4000.0,0.01,0.3,30.0,4.141502218403694,38.32293422994891,1385.6535472280648,19585.79438578486,3208.332119363757,128828.43911394534,342.67623268128494,Chemical
7.0,4000.0,0.01,0.33333333333333337,33.333333333333336,4.21962710390372,38.32293422994891,1352.0009427864384,17089.473921205845,3228.915370493759,129438.00268457207,344.29763669268783,Chemical
7.0,4000.0,0.01,0.3666666666666667,36.66666666666667,4.290555185097192,38.32293422994891,1322.324970198752,15110.44282321277,3246.9580944840727,129973.45720415805,345.72191489403747,Chemical
7.0,4000.0,0.01,0.4,40.0,4.355537019605814,38.32293422994891,1295.8498819242493,13507.303587302655,3262.970504057764,130449.52545619002,346.9882290419655,Chemical
8.0,2500.0,0.01,0.1,10.0,3.336459436476093,55.40011830284322,1123.8400871444746,94953.58443719882,2327.7278391710815,138451.7561106194,254.75268450222853,Chemical
8.0,2500.0,0.01,0.13333333333333333,13.333333333333332,3.546756238827447,55.40011830284322,1048.77087454043,64716.52424218968,2390.3733718178455,141055.8374856335,259.54422156599145,Chemical
8.0,2500.0,0.01,0.16666666666666669,16.666666666666668,3.709711353629565,55.40011830284322,994.5042042827118,48201.37156540984,2434.6555274825705,142913.76617677388,262.962829859436,Chemical
8.0,2500.0,0.01,0.2,20.0,3.8430877898689824,55.40011830284322,952.5168035314098,37946.4344959746,2468.3726188257324,144337.4219976394,265.58237151323016,Chemical
8.0,2500.0,0.01,0.23333333333333336,23.333333333333336,3.956182851387193,55.40011830284322,918.5597223608524,31027.409035530203,2495.307931891218,145480.08340375355,267.68488049442425,Chemical
8.0,2500.0,0.01,0.26666666666666666,26.666666666666664,4.054483234442571,55.40011830284322,890.2272294993583,26079.012896816086,2517.5612060878357,146427.5920910657,269.42830642460234,Chemical
8.0,2500.0,0.01,0.3,30.0,4.141502218403694,55.40011830284322,866.0334670175406,22383.76501232555,2536.4092468661697,147232.50184450892,270.9093488196721,Chemical
8.0,2500.0,0.01,0.33333333333333337,33.333333333333336,4.21962710390372,55.40011830284322,845.0005892415239,19530.827338520965,2552.68173567168,147929.14592522522,272.19118124051386,Chemical
8.0,2500.0,0.01,0.3666666666666667,36.66666666666667,4.290555185097192,55.40011830284322,826.45310637422,17269.077512243166,2566.9457614224684,148541.09394760922,273.3171720250121,Chemical
8.0,2500.0,0.01,0.4,40.0,4.355537019605814,55.40011830284322,809.9061762026558,15436.918385488749,2579.6046826925563,149085.17194993145,274.31828126019906,Chemical
8.0,2666.6666666666665,0.01,0.1,10.0,3.336459436476093,53.64093389120813,1198.762759620773,94953.58443719882,2404.0669748301266,138451.7561106194,263.1074411943369,Chemical
8.0,2666.6666666666665,0.01,0.13333333333333333,13.333333333333332,3.546756238827447,53.64093389120813,1118.6889328431253,64716.52424218968,2468.767002738183,141055.83748563353,268.0561193945208,Chemical
8.0,2666.6666666666665,0.01,0.16666666666666669,16.666666666666668,3.709711353629565,53.64093389120813,1060.804484568226,48201.37156540984,2514.501416451154,142913.76617677388,271.586842857912,Chemical
8.0,2666.6666666666665,0.01,0.2,20.0,3.8430877898689824,53.64093389120813,1016.017923766837,37946.4344959746,2549.324278652387,144337.42199763944,274.29229384453646,Chemical
8.0,2666.6666666666665,0.01,0.23333333333333336,23.333333333333336,3.956182851387193,53.64093389120813,979.7970371849092,31027.409035530203,2577.1429503663885,145480.08340375355,276.46375578304736,Chemical
8.0,2666.6666666666665,0.01,0.26666666666666666,26.666666666666664,4.054483234442571,53.64093389120813,949.5757114659821,26079.012896816086,2600.126033129612,146427.59209106572,278.264358341161,Chemical
8.0,2666.6666666666665,0.01,0.3,30.0,4.141502218403694,53.64093389120813,923.7690314853766,22383.76501232555,2619.5922059411128,147232.50184450895,279.793972349463,Chemical
8.0,2666.6666666666665,0.01,0.33333333333333337,33.333333333333336,4.21962710390372,53.64093389120813,901.3339618576256,19530.827338520965,2636.3983601131363,147929.14592522525,281.117843181076,Chemical
8.0,2666.6666666666665,0.01,0.3666666666666667,36.66666666666667,4.290555185097192,53.64093389120813,881.5499801325013,17269.077512243166,2651.13018256185,148541.09394760922,282.2807614627678,Chemical
8.0,2666.6666666666665,0.01,0.4,40.0,4.355537019605814,53.64093389120813,863.8999212828328,15436.918385488749,2664.204260231183,149085.17194993145,283.3147026349315,Chemical
8.0,2833.3333333333335,0.01,0.1,10.0,3.336459436476093,52.039349715347115,1273.6854320970715,94953.58443719882,2478.0555170709317,138451.7561106194,271.20494273255963,Chemical
8.0,2833.3333333333335,0.01,0.13333333333333333,13.333333333333332,3.546756238827447,52.039349715347115,1188.6069911458208,64716.52424218968,2544.746779332263,141055.83748563353,276.305923464197,Chemical
8.0,2833.3333333333335,0.01,0.16666666666666669,16.666666666666668,3.709711353629565,52.039349715347115,1127.10476485374,48201.37156540984,2591.8887339483326,142913.76617677388,279.9453099077992,Chemical
8.0,2833.3333333333335,0.01,0.2,20.0,3.8430877898689824,52.039349715347115,1079.5190440022645,37946.4344959746,2627.7833187088354,144337.42199763944,282.7340249534952,Chemical
8.0,2833.3333333333335,0.01,0.23333333333333336,23.333333333333336,3.956182851387193,52.039349715347115,1041.0343520089662,31027.409035530203,2656.4581491691383,145480.08340375355,284.9723166871174,Chemical
8.0,2833.3333333333335,0.01,0.26666666666666666,26.666666666666664,4.054483234442571,52.039349715347115,1008.9241934326061,26079.012896816086,2680.148568627909,146427.5920910657,286.82833532133236,Chemical
8.0,2833.3333333333335,0.01,0.3,30.0,4.141502218403694,52.039349715347115,981.5045959532126,22383.76501232555,2700.2138402849946,147232.50184450892,288.40502535199573,Chemical
8.0,2833.3333333333335,0.01,0.33333333333333337,33.333333333333336,4.21962710390372,52.039349715347115,957.6673344737272,19530.827338520965,2717.5372274879114,147929.1459252252,289.76964017034936,Chemical
8.0,2833.3333333333335,0.01,0.3666666666666667,36.66666666666667,4.290555185097192,52.039349715347115,936.6468538907827,17269.077512243166,2732.7224424913848,148541.09394760922,290.96834889769383,Chemical
8.0,2833.3333333333335,0.01,0.4,40.0,4.355537019605814,52.039349715347115,917.89366636301,15436.918385488749,2746.1988932884324,149085.17194993145,292.0341110635702,Chemical
8.0,3000.0,0.01,0.1,10.0,3.336459436476093,50.57315747153675,1348.6081045733697,94953.58443719882,2549.8980904935174,138451.7561106194,279.0675837737346,Chemical
8.0,3000.0,0.01,0.13333333333333333,13.333333333333332,3.546756238827447,50.57315747153675,1258.525049448516,64716.52424218968,2618.5228332086353,141055.8374856335,284.31644964362465,Chemical
8.0,3000.0,0.01,0.16666666666666669,16.666666666666668,3.709711353629565,50.57315747153675,1193.405045139254,48201.37156540984,2667.0315043136848,142913.76617677385,288.0613473988122,Chemical
8.0,3000.0,0.01,0.2,20.0,3.8430877898689824,50.57315747153675,1143.0201642376917,37946.4344959746,2703.9667273179093,144337.4219976394,290.9309115070272,Chemical
8.0,3000.0,0.01,0.23333333333333336,23.333333333333336,3.956182851387193,50.57315747153675,1102.271666833023,31027.409035530203,2733.472884436769,145480.08340375355,293.23409469974155,Chemical
8.0,3000.0,0.01,0.26666666666666666,26.666666666666664,4.054483234442571,50.57315747153675,1068.27267539923,26079.012896816086,2757.8501249484393,146427.5920910657,295.1439221183375,Chemical
8.0,3000.0,0.01,0.3,30.0,4.141502218403694,50.57315747153675,1039.2401604210486,22383.76501232555,2778.4971191465816,147232.50184450892,296.76632277513994,Chemical
8.0,3000.0,0.01,0.33333333333333337,33.333333333333336,4.21962710390372,50.57315747153675,1014.0007070898288,19530.827338520965,2796.3227375176384,147929.14592522525,298.17049983881293,Chemical
8.0,3000.0,0.01,0.3666666666666667,36.66666666666667,4.290555185097192,50.57315747153675,991.743727649064,17269.077512243166,2811.9481948467205,148541.0939476092,299.4039609432381,Chemical
8.0,3000.0,0.01,0.4,40.0,4.355537019605814,50.57315747153675,971.887411443187,15436.918385488749,2825.8153483133387,149085.17194993145,300.50062116451545,Chemical
8.0,3166.6666666666665,0.01,0.1,10.0,3.336459436476093,49.224296856615204,1423.530777049668,94953.58443719882,2619.7712491970155,138451.75611061943,286.71468686492136,Chemical
8.0,3166.6666666666665,0.01,0.13333333333333333,13.333333333333332,3.546756238827447,49.224296856615204,1328.4431077512113,64716.52424218968,2690.2764700208845,141055.8374856335,292.1073839095973,Chemical
8.0,3166.6666666666665,0.01,0.16666666666666669,16.666666666666668,3.709711353629565,49.224296856615204,1259.7053254247683,48201.37156540984,2740.114391925116,142913.76617677388,295.95490060322487,Chemical
8.0,3166.6666666666665,0.01,0.2,20.0,3.8430877898689824,49.224296856615204,1206.521284473119,37946.4344959746,2778.0617262401192,144337.4219976394,298.9030974650744,Chemical
8.0,3166.6666666666665,0.01,0.23333333333333336,23.333333333333336,3.956182851387193,49.224296856615204,1163.5089816570796,31027.409035530203,2808.3764209263363,145480.08340375355,301.269393252503,Chemical
8.0,3166.6666666666665,0.01,0.26666666666666666,26.666666666666664,4.054483234442571,49.224296856615204,1127.6211573658538,26079.012896816086,2833.4216547203173,146427.59209106572,303.23155439957753,Chemical
8.0,3166.6666666666665,0.01,0.3,30.0,4.141502218403694,49.224296856615204,1096.9757248888845,22383.76501232555,2854.6344247460247,147232.50184450895,304.8984126207807,Chemical
8.0,3166.6666666666665,0.01,0.33333333333333337,33.333333333333336,4.21962710390372,49.224296856615204,1070.3340797059304,19530.827338520965,2872.9485066623783,147929.14592522522,306.3410674131062,Chemical
8.0,3166.6666666666665,0.01,0.3666666666666667,36.66666666666667,4.290555185097192,49.224296856615204,1046.8406014073453,17269.077512243166,2889.00213798941,148541.09394760922,307.60832823047895,Chemical
8.0,3166.6666666666665,0.01,0.4,40.0,4.355537019605814,49.224296856615204,1025.881156523364,15436.918385488749,2903.2492838245666,149085.17194993145,308.73503950123575,Chemical
8.0,3333.333333333333,0.01,0.1,10.0,3.336459436476093,47.977909822925476,1498.453449525966,94953.58443719882,2687.82858909122,138451.75611061943,294.1630619482829,Chemical
8.0,3333.333333333333,0.01,0.13333333333333333,13.333333333333332,3.546756238827447,47.977909822925476,1398.3611660539066,64716.52424218968,2760.1654193654927,141055.8374856335,299.69585237547403,Chemical
8.0,3333.333333333333,0.01,0.16666666666666669,16.666666666666668,3.709711353629565,47.977909822925476,1326.0056057102822,48201.37156540984,2811.298048352144,142913.76617677388,303.6433212124222,Chemical
8.0,3333.333333333333,0.01,0.2,20.0,3.8430877898689824,47.977909822925476,1270.0224047085462,37946.4344959746,2850.2311918786763,144337.42199763944,306.66810737036525,Chemical
8.0,3333.333333333333,0.01,0.23333333333333336,23.333333333333336,3.956182851387193,47.977909822925476,1224.7462964811364,31027.409035530203,2881.3334123768054,145480.08340375355,309.0958756228972,Chemical
8.0,3333.333333333333,0.01,0.26666666666666666,26.666666666666664,4.054483234442571,47.977909822925476,1186.9696393324775,26079.012896816086,2907.029280072341,146427.5920910657,311.1090104830982,Chemical
8.0,3333.333333333333,0.01,0.3,30.0,4.141502218403694,47.977909822925476,1154.7112893567207,22383.76501232555,2928.793122906478,147232.50184450895,312.81917093404786,Chemical
8.0,3333.333333333333,0.01,0.33333333333333337,33.333333333333336,4.21962710390372,47.977909822925476,1126.667452322032,19530.827338520965,2947.582974490971,147929.14592522522,314.29930352050576,Chemical
8.0,3333.333333333333,0.01,0.3666666666666667,36.66666666666667,4.290555185097192,47.977909822925476,1101.9374751656267,17269.077512243166,2964.053652704862,148541.09394760922,315.5994856855759,Chemical
8.0,3333.333333333333,0.01,0.4,40.0,4.355537019605814,47.977909822925476,1079.874901603541,15436.918385488749,2978.6709159107327,149085.17194993148,316.7554670584228,Chemical
8.0,3500.0,0.01,0.1,10.0,3.336459436476093,46.82164569611111,1573.3761220022645,94953.58443719882,2754.204721975638,138451.75611061943,301.4274412947979,Chemical
8.0,3500.0,0.01,0.13333333333333333,13.333333333333332,3.546756238827447,46.82164569611111,1468.279224356602,64716.52424218968,2828.327915814243,141055.8374856335,307.0968644053779,Chemical
8.0,3500.0,0.01,0.16666666666666669,16.666666666666668,3.709711353629565,46.82164569611111,1392.3058859957964,48201.37156540984,2880.723268990273,142913.76617677388,311.1418162876147,Chemical
8.0,3500.0,0.01,0.2,20.0,3.8430877898689824,46.82164569611111,1333.5235249439736,37946.4344959746,2920.6178694783143,144337.42199763944,314.2412997714145,Chemical
8.0,3500.0,0.01,0.23333333333333336,23.333333333333336,3.956182851387193,46.82164569611111,1285.9836113051933,31027.409035530203,2952.4881616939497,145480.08340375355,316.7290219469,Chemical
8.0,3500.0,0.01,0.26666666666666666,26.666666666666664,4.054483234442571,46.82164569611111,1246.3181212991014,26079.012896816086,2978.8185908104256,146427.5920910657,318.79187132667164,Chemical
8.0,3500.0,0.01,0.3,30.0,4.141502218403694,46.82164569611111,1212.4468538245567,22383.76501232555,3001.119893410374,147232.50184450892,320.54426432094886,Chemical
8.0,3500.0,0.01,0.33333333333333337,33.333333333333336,4.21962710390372,46.82164569611111,1183.0008249381335,19530.827338520965,3020.3737618189725,147929.1459252252,322.06094889500145,Chemical
8.0,3500.0,0.01,0.3666666666666667,36.66666666666667,4.290555185097192,46.82164569611111,1157.034348923908,17269.077512243166,3037.2511846929433,148541.09394760922,323.3932391582268,Chemical
8.0,3500.0,0.01,0.4,40.0,4.355537019605814,46.82164569611111,1133.8686466837182,15436.918385488749,3052.229422333306,149085.17194993145,324.5777675796196,Chemical
8.0,3666.6666666666665,0.01,0.1,10.0,3.336459436476093,45.74514212635806,1648.298794478563,94953.58443719882,2819.018406603566,138451.75611061943,308.5208221761836,Chemical
8.0,3666.6666666666665,0.01,0.13333333333333333,13.333333333333332,3.546756238827447,45.74514212635806,1538.1972826592973,64716.52424218968,2894.885914243806,141055.83748563353,314.32366173129276,Chemical
8.0,3666.6666666666665,0.01,0.16666666666666669,16.666666666666668,3.709711353629565,45.74514212635806,1458.6061662813106,48201.37156540984,2948.5142679552077,142913.76617677388,318.4638019753599,Chemical
8.0,3666.6666666666665,0.01,0.2,20.0,3.8430877898689824,45.74514212635806,1397.024645179401,37946.4344959746,2989.347693372913,144337.42199763944,321.63622446163316,Chemical
8.0,3666.6666666666665,0.01,0.23333333333333336,23.333333333333336,3.956182851387193,45.74514212635806,1347.22092612925,31027.409035530203,3021.96797742909,145480.08340375355,324.1824892861953,Chemical
8.0,3666.6666666666665,0.01,0.26666666666666666,26.666666666666664,4.054483234442571,45.74514212635806,1305.6666032657254,26079.012896816086,3048.918030829577,146427.59209106572,326.2938829401339,Chemical
8.0,3666.6666666666665,0.01,0.3,30.0,4.141502218403694,45.74514212635806,1270.1824182923929,22383.76501232555,3071.744141764205,147232.50184450898,328.0875143528806,Chemical
8.0,3666.6666666666665,0.01,0.33333333333333337,33.333333333333336,4.21962710390372,45.74514212635806,1239.334197554235,19530.827338520965,3091.4511043618245,147929.14592522522,329.6398905060225,Chemical
8.0,3666.6666666666665,0.01,0.3666666666666667,36.66666666666667,4.290555185097192,45.74514212635806,1212.1312226821894,17269.077512243166,3108.725697407917,148541.09394760925,331.0035330649812,Chemical
8.0,3666.6666666666665,0.01,0.4,40.0,4.355537019605814,45.74514212635806,1187.8623917638952,15436.918385488749,3124.056412394266,149085.17194993148,332.21593655714287,Chemical
8.0,3833.333333333333,0.01,0.1,10.0,3.336459436476093,44.73963159919819,1723.2214669548612,94953.58443719882,2882.375045511342,138451.75611061943,315.45474012448716,Chemical
8.0,3833.333333333333,0.01,0.13333333333333333,13.333333333333332,3.546756238827447,44.73963159919819,1608.1153409619926,64716.52424218968,2959.9476538615086,141055.83748563353,321.3879968522802,Chemical
8.0,3833.333333333333,0.01,0.16666666666666669,16.666666666666668,3.709711353629565,44.73963159919819,1524.9064465668246,48201.37156540984,3014.781289607732,142913.76617677388,325.62118557373805,Chemical
8.0,3833.333333333333,0.01,0.2,20.0,3.8430877898689824,44.73963159919819,1460.5257654148281,37946.4344959746,3056.5324346768934,144337.42199763944,328.8649073553458,Chemical
8.0,3833.333333333333,0.01,0.23333333333333336,23.333333333333336,3.956182851387193,44.73963159919819,1408.4582409533068,31027.409035530203,3089.8858503625684,145480.08340375358,331.4683987594419,Chemical
8.0,3833.333333333333,0.01,0.26666666666666666,26.666666666666664,4.054483234442571,44.73963159919819,1365.0150852323493,26079.012896816086,3117.4415985672613,146427.59209106572,333.6272453867316,Chemical
8.0,3833.333333333333,0.01,0.3,30.0,4.141502218403694,44.73963159919819,1327.9179827602288,22383.76501232555,3140.780719869174,147232.50184450898,335.46118815661055,Chemical
8.0,3833.333333333333,0.01,0.33333333333333337,33.333333333333336,4.21962710390372,44.73963159919819,1295.6675701703366,19530.827338520965,3160.930590860134,147929.14592522525,337.04845352337145,Chemical
8.0,3833.333333333333,0.01,0.3666666666666667,36.66666666666667,4.290555185097192,44.73963159919819,1267.2280964404706,17269.077512243166,3178.5934254839813,148541.09394760925,338.44274356196513,Chemical
8.0,3833.333333333333,0.01,0.4,40.0,4.355537019605814,44.73963159919819,1241.8561368440721,15436.918385488749,3194.268693940188,149085.17194993148,339.68239547864346,Chemical
8.0,4000.0,0.01,0.1,10.0,3.336459436476093,43.79763911994162,1798.1441394311596,94953.58443719882,2944.3686979050904,138451.75611061943,322.2394892277283,Chemical
8.0,4000.0,0.01,0.13333333333333333,13.333333333333332,3.546756238827447,43.79763911994162,1678.0333992646881,64716.52424218968,3023.6097252643744,141055.83748563353,328.3003574735708,Chemical
8.0,4000.0,0.01,0.16666666666666669,16.666666666666668,3.709711353629565,43.79763911994162,1591.206726852339,48201.37156540984,3079.6227139054376,142913.7661767739,332.6245929276612,Chemical
8.0,4000.0,0.01,0.2,20.0,3.8430877898689824,43.79763911994162,1524.0268856502557,37946.4344959746,3122.2718357935732,144337.42199763947,335.93808014833076,Chemical
8.0,4000.0,0.01,0.23333333333333336,23.333333333333336,3.956182851387193,43.79763911994162,1469.6955557773638,31027.409035530203,3156.3426113042233,145480.08340375358,338.59756702094404,Chemical
8.0,4000.0,0.01,0.26666666666666666,26.666666666666664,4.054483234442571,43.79763911994162,1424.3635671989732,26079.012896816086,3184.4910240472495,146427.59209106572,340.80284576940824,Chemical
8.0,4000.0,0.01,0.3,30.0,4.141502218403694,43.79763911994162,1385.6535472280648,22383.76501232555,3208.332119363757,147232.50184450895,342.6762326812849,Chemical
8.0,4000.0,0.01,0.33333333333333337,33.333333333333336,4.21962710390372,43.79763911994162,1352.0009427864384,19530.827338520965,3228.915370493759,147929.14592522522,344.2976366926877,Chemical
8.0,4000.0,0.01,0.3666666666666667,36.66666666666667,4.290555185097192,43.79763911994162,1322.324970198752,17269.077512243166,3246.9580944840727,148541.09394760922,345.7219148940374,Chemical
8.0,4000.0,0.01,0.4,40.0,4.355537019605814,43.79763911994162,1295.8498819242493,15436.918385488749,3262.970504057764,149085.17194993145,346.98822904196544,Chemical
9.0,2500.0,0.01,0.1,10.0,3.336459436476093,62.32513309069862,1123.8400871444746,106822.78249184867,2327.7278391710815,155758.22562444684,254.7526845022286,Chemical
9.0,2500.0,0.01,0.13333333333333333,13.333333333333332,3.546756238827447,62.32513309069862,1048.77087454043,72806.08977246338,2390.3733718178455,158687.8171713377,259.54422156599145,Chemical
9.0,2500.0,0.01,0.16666666666666669,16.666666666666668,3.709711353629565,62.32513309069862,994.5042042827118,54226.54301108607,2434.6555274825705,160777.9869488706,262.96282985943594,Chemical
9.0,2500.0,0.01,0.2,20.0,3.8430877898689824,62.32513309069862,952.5168035314098,42689.73880797143,2468.3726188257324,162379.59974734436,265.5823715132302,Chemical
9.0,2500.0,0.01,0.23333333333333336,23.333333333333336,3.956182851387193,62.32513309069862,918.5597223608524,34905.83516497148,2495.307931891218,163665.09382922275,267.68488049442425,Chemical
9.0,2500.0,0.01,0.26666666666666666,26.666666666666664,4.054483234442571,62.32513309069862,890.2272294993583,29338.889508918095,2517.5612060878357,164731.04110244894,269.4283064246024,Chemical
9.0,2500.0,0.01,0.3,30.0,4.141502218403694,62.32513309069862,866.0334670175406,25181.735638866245,2536.4092468661697,165636.56457507255,270.9093488196722,Chemical
9.0,2500.0,0.01,0.33333333333333337,33.333333333333336,4.21962710390372,62.32513309069862,845.0005892415239,21972.180755836085,2552.68173567168,166420.28916587838,272.19118124051386,Chemical
9.0,2500.0,0.01,0.3666666666666667,36.66666666666667,4.290555185097192,62.32513309069862,826.45310637422,19427.712201273564,2566.9457614224684,167108.73069106034,273.31717202501204,Chemical
9.0,2500.0,0.01,0.4,40.0,4.355537019605814,62.32513309069862,809.9061762026558,17366.53318367484,2579.6046826925563,167720.81844367288,274.31828126019906,Chemical
9.0,2666.6666666666665,0.01,0.1,10.0,3.336459436476093,60.346050627609145,1198.762759620773,106822.78249184867,2404.0669748301266,155758.22562444684,263.1074411943369,Chemical
9.0,2666.6666666666665,0.01,0.13333333333333333,13.333333333333332,3.546756238827447,60.346050627609145,1118.6889328431253,72806.08977246338,2468.767002738183,158687.81717133772,268.0561193945208,Chemical
9.0,2666.6666666666665,0.01,0.16666666666666669,16.666666666666668,3.709711353629565,60.346050627609145,1060.804484568226,54226.54301108607,2514.501416451154,160777.9869488706,271.58684285791196,Chemical
9.0,2666.6666666666665,0.01,0.2,20.0,3.8430877898689824,60.346050627609145,1016.017923766837,42689.73880797143,2549.324278652387,162379.5997473444,274.29229384453646,Chemical
9.0,2666.6666666666665,0.01,0.23333333333333336,23.333333333333336,3.956182851387193,60.346050627609145,979.7970371849092,34905.83516497148,2577.1429503663885,163665.09382922275,276.46375578304736,Chemical
9.0,2666.6666666666665,0.01,0.26666666666666666,26.666666666666664,4.054483234442571,60.346050627609145,949.5757114659821,29338.889508918095,2600.126033129612,164731.04110244894,278.264358341161,Chemical
9.0,2666.6666666666665,0.01,0.3,30.0,4.141502218403694,60.346050627609145,923.7690314853766,25181.735638866245,2619.5922059411128,165636.56457507258,279.793972349463,Chemical
9.0,2666.6666666666665,0.01,0.33333333333333337,33.333333333333336,4.21962710390372,60.346050627609145,901.3339618576256,21972.180755836085,2636.3983601131363,166420.2891658784,281.117843181076,Chemical
9.0,2666.6666666666665,0.01,0.3666666666666667,36.66666666666667,4.290555185097192,60.346050627609145,881.5499801325013,19427.712201273564,2651.13018256185,167108.73069106037,282.2807614627678,Chemical
9.0,2666.6666666666665,0.01,0.4,40.0,4.355537019605814,60.346050627609145,863.8999212828328,17366.53318367484,2664.204260231183,167720.81844367288,283.31470263493145,Chemical
9.0,2833.3333333333335,0.01,0.1,10.0,3.336459436476093,58.54426842976551,1273.6854320970715,106822.78249184867,2478.0555170709317,155758.22562444684,271.20494273255963,Chemical
9.0,2833.3333333333335,0.01,0.13333333333333333,13.333333333333332,3.546756238827447,58.54426842976551,1188.6069911458208,72806.08977246338,2544.746779332263,158687.81717133772,276.305923464197,Chemical
9.0,2833.3333333333335,0.01,0.16666666666666669,16.666666666666668,3.709711353629565,58.54426842976551,1127.10476485374,54226.54301108607,2591.8887339483326,160777.9869488706,279.94530990779907,Chemical
9.0,2833.3333333333335,0.01,0.2,20.0,3.8430877898689824,58.54426842976551,1079.5190440022645,42689.73880797143,2627.7833187088354,162379.5997473444,282.7340249534952,Chemical
9.0,2833.3333333333335,0.01,0.23333333333333336,23.333333333333336,3.956182851387193,58.54426842976551,1041.0343520089662,34905.83516497148,2656.4581491691383,163665.09382922278,284.9723166871175,Chemical
9.0,2833.3333333333335,0.01,0.26666666666666666,26.666666666666664,4.054483234442571,58.54426842976551,1008.9241934326061,29338.889508918095,2680.148568627909,164731.04110244894,286.8283353213324,Chemical
9.0,2833.3333333333335,0.01,0.3,30.0,4.141502218403694,58.54426842976551,981.5045959532126,25181.735638866245,2700.2138402849946,165636.56457507258,288.4050253519958,Chemical
9.0,2833.3333333333335,0.01,0.33333333333333337,33.333333333333336,4.21962710390372,58.54426842976551,957.6673344737272,21972.180755836085,2717.5372274879114,166420.28916587838,289.7696401703494,Chemical
9.0,2833.3333333333335,0.01,0.3666666666666667,36.66666666666667,4.290555185097192,58.54426842976551,936.6468538907827,19427.712201273564,2732.7224424913848,167108.73069106037,290.9683488976938,Chemical
9.0,2833.3333333333335,0.01,0.4,40.0,4.355537019605814,58.54426842976551,917.89366636301,17366.53318367484,2746.1988932884324,167720.81844367288,292.03411106357015,Chemical
9.0,3000.0,0.01,0.1,10.0,3.336459436476093,56.89480215547885,1348.6081045733697,106822.78249184867,2549.8980904935174,155758.22562444684,279.0675837737346,Chemical
9.0,3000.0,0.01,0.13333333333333333,13.333333333333332,3.546756238827447,56.89480215547885,1258.525049448516,72806.08977246338,2618.5228332086353,158687.8171713377,284.31644964362465,Chemical
9.0,3000.0,0.01,0.16666666666666669,16.666666666666668,3.709711353629565,56.89480215547885,1193.405045139254,54226.54301108607,2667.0315043136848,160777.98694887056,288.0613473988122,Chemical
9.0,3000.0,0.01,0.2,20.0,3.8430877898689824,56.89480215547885,1143.0201642376917,42689.73880797143,2703.9667273179093,162379.59974734436,290.9309115070272,Chemical
9.0,3000.0,0.01,0.23333333333333336,23.333333333333336,3.956182851387193,56.89480215547885,1102.271666833023,34905.83516497148,2733.472884436769,163665.09382922275,293.23409469974155,Chemical
9.0,3000.0,0.01,0.26666666666666666,26.666666666666664,4.054483234442571,56.89480215547885,1068.27267539923,29338.889508918095,2757.8501249484393,164731.04110244891,295.14392211833757,Chemical
9.0,3000.0,0.01,0.3,30.0,4.141502218403694,56.89480215547885,1039.2401604210486,25181.735638866245,2778.4971191465816,165636.56457507258,296.76632277514,Chemical
9.0,3000.0,0.01,0.33333333333333337,33.333333333333336,4.21962710390372,56.89480215547885,1014.0007070898288,21972.180755836085,2796.3227375176384,166420.2891658784,298.17049983881293,Chemical
9.0,3000.0,0.01,0.3666666666666667,36.66666666666667,4.290555185097192,56.89480215547885,991.743727649064,19427.712201273564,2811.9481948467205,167108.73069106037,299.4039609432381,Chemical
9.0,3000.0,0.01,0.4,40.0,4.355537019605814,56.89480215547885,971.887411443187,17366.53318367484,2825.8153483133387,167720.8184436729,300.50062116451545,Chemical
9.0,3166.6666666666665,0.01,0.1,10.0,3.336459436476093,55.3773339636921,1423.530777049668,106822.78249184867,2619.7712491970155,155758.22562444684,286.7146868649213,Chemical
9.0,3166.6666666666665,0.01,0.13333333333333333,13.333333333333332,3.546756238827447,55.3773339636921,1328.4431077512113,72806.08977246338,2690.2764700208845,158687.81717133767,292.1073839095973,Chemical
9.0,3166.6666666666665,0.01,0.16666666666666669,16.666666666666668,3.709711353629565,55.3773339636921,1259.7053254247683,54226.54301108607,2740.114391925116,160777.9869488706,295.95490060322487,Chemical
9.0,3166.6666666666665,0.01,0.2,20.0,3.8430877898689824,55.3773339636921,1206.521284473119,42689.73880797143,2778.0617262401192,162379.59974734436,298.9030974650745,Chemical
9.0,3166.6666666666665,0.01,0.23333333333333336,23.333333333333336,3.956182851387193,55.3773339636921,1163.5089816570796,34905.83516497148,2808.3764209263363,163665.09382922275,301.26939325250305,Chemical
9.0,3166.6666666666665,0.01,0.26666666666666666,26.666666666666664,4.054483234442571,55.3773339636921,1127.6211573658538,29338.889508918095,2833.4216547203173,164731.04110244894,303.2315543995776,Chemical
9.0,3166.6666666666665,0.01,0.3,30.0,4.141502218403694,55.3773339636921,1096.9757248888845,25181.735638866245,2854.6344247460247,165636.56457507258,304.89841262078073,Chemical
9.0,3166.6666666666665,0.01,0.33333333333333337,33.333333333333336,4.21962710390372,55.3773339636921,1070.3340797059304,21972.180755836085,2872.9485066623783,166420.2891658784,306.34106741310626,Chemical
9.0,3166.6666666666665,0.01,0.3666666666666667,36.66666666666667,4.290555185097192,55.3773339636921,1046.8406014073453,19427.712201273564,2889.00213798941,167108.73069106037,307.60832823047895,Chemical
9.0,3166.6666666666665,0.01,0.4,40.0,4.355537019605814,55.3773339636921,1025.881156523364,17366.53318367484,2903.2492838245666,167720.81844367288,308.7350395012358,Chemical
9.0,3333.333333333333,0.01,0.1,10.0,3.336459436476093,53.975148550791154,1498.453449525966,106822.78249184867,2687.82858909122,155758.22562444684,294.163061948283,Chemical
9.0,3333.333333333333,0.01,0.13333333333333333,13.333333333333332,3.546756238827447,53.975148550791154,1398.3611660539066,72806.08977246338,2760.1654193654927,158687.81717133767,299.69585237547403,Chemical
9.0,3333.333333333333,0.01,0.16666666666666669,16.666666666666668,3.709711353629565,53.975148550791154,1326.0056057102822,54226.54301108607,2811.298048352144,160777.98694887056,303.64332121242217,Chemical
9.0,3333.333333333333,0.01,0.2,20.0,3.8430877898689824,53.975148550791154,1270.0224047085462,42689.73880797143,2850.2311918786763,162379.59974734436,306.6681073703653,Chemical
9.0,3333.333333333333,0.01,0.23333333333333336,23.333333333333336,3.956182851387193,53.975148550791154,1224.7462964811364,34905.83516497148,2881.3334123768054,163665.09382922275,309.09587562289727,Chemical
9.0,3333.333333333333,0.01,0.26666666666666666,26.666666666666664,4.054483234442571,53.975148550791154,1186.9696393324775,29338.889508918095,2907.029280072341,164731.04110244891,311.1090104830983,Chemical
9.0,3333.333333333333,0.01,0.3,30.0,4.141502218403694,53.975148550791154,1154.7112893567207,25181.735638866245,2928.793122906478,165636.56457507255,312.8191709340479,Chemical
9.0,3333.333333333333,0.01,0.33333333333333337,33.333333333333336,4.21962710390372,53.975148550791154,1126.667452322032,21972.180755836085,2947.582974490971,166420.28916587838,314.2993035205058,Chemical
9.0,3333.333333333333,0.01,0.3666666666666667,36.66666666666667,4.290555185097192,53.975148550791154,1101.9374751656267,19427.712201273564,2964.053652704862,167108.73069106037,315.5994856855759,Chemical
9.0,3333.333333333333,0.01,0.4,40.0,4.355537019605814,53.975148550791154,1079.874901603541,17366.53318367484,2978.6709159107327,167720.81844367288,316.7554670584228,Chemical
9.0,3500.0,0.01,0.1,10.0,3.336459436476093,52.674351408125005,1573.3761220022645,106822.78249184867,2754.204721975638,155758.22562444687,301.42744129479786,Chemical
9.0,3500.0,0.01,0.13333333333333333,13.333333333333332,3.546756238827447,52.674351408125005,1468.279224356602,72806.08977246338,2828.327915814243,158687.8171713377,307.09686440537786,Chemical
9.0,3500.0,0.01,0.16666666666666669,16.666666666666668,3.709711353629565,52.674351408125005,1392.3058859957964,54226.54301108607,2880.723268990273,160777.9869488706,311.1418162876146,Chemical
9.0,3500.0,0.01,0.2,20.0,3.8430877898689824,52.674351408125005,1333.5235249439736,42689.73880797143,2920.6178694783143,162379.5997473444,314.2412997714145,Chemical
9.0,3500.0,0.01,0.23333333333333336,23.333333333333336,3.956182851387193,52.674351408125005,1285.9836113051933,34905.83516497148,2952.4881616939497,163665.09382922278,316.7290219469,Chemical
9.0,3500.0,0.01,0.26666666666666666,26.666666666666664,4.054483234442571,52.674351408125005,1246.3181212991014,29338.889508918095,2978.8185908104256,164731.04110244891,318.79187132667164,Chemical
9.0,3500.0,0.01,0.3,30.0,4.141502218403694,52.674351408125005,1212.4468538245567,25181.735638866245,3001.119893410374,165636.56457507258,320.54426432094886,Chemical
9.0,3500.0,0.01,0.33333333333333337,33.333333333333336,4.21962710390372,52.674351408125005,1183.0008249381335,21972.180755836085,3020.3737618189725,166420.28916587838,322.06094889500145,Chemical
9.0,3500.0,0.01,0.3666666666666667,36.66666666666667,4.290555185097192,52.674351408125005,1157.034348923908,19427.712201273564,3037.2511846929433,167108.73069106037,323.3932391582267,Chemical
9.0,3500.0,0.01,0.4,40.0,4.355537019605814,52.674351408125005,1133.8686466837182,17366.53318367484,3052.229422333306,167720.81844367288,324.57776757961955,Chemical
9.0,3666.6666666666665,0.01,0.1,10.0,3.336459436476093,51.46328489215283,1648.298794478563,106822.78249184867,2819.018406603566,155758.2256244469,308.52082217618363,Chemical
9.0,3666.6666666666665,0.01,0.13333333333333333,13.333333333333332,3.546756238827447,51.46328489215283,1538.1972826592973,72806.08977246338,2894.885914243806,158687.81717133772,314.32366173129276,Chemical
9.0,3666.6666666666665,0.01,0.16666666666666669,16.666666666666668,3.709711353629565,51.46328489215283,1458.6061662813106,54226.54301108607,2948.5142679552077,160777.98694887062,318.46380197535984,Chemical
9.0,3666.6666666666665,0.01,0.2,20.0,3.8430877898689824,51.46328489215283,1397.024645179401,42689.73880797143,2989.347693372913,162379.59974734441,321.6362244616332,Chemical
9.0,3666.6666666666665,0.01,0.23333333333333336,23.333333333333336,3.956182851387193,51.46328489215283,1347.22092612925,34905.83516497148,3021.96797742909,163665.0938292228,324.18248928619533,Chemical
9.0,3666.6666666666665,0.01,0.26666666666666666,26.666666666666664,4.054483234442571,51.46328489215283,1305.6666032657254,29338.889508918095,3048.918030829577,164731.04110244897,326.293882940134,Chemical
9.0,3666.6666666666665,0.01,0.3,30.0,4.141502218403694,51.46328489215283,1270.1824182923929,25181.735638866245,3071.744141764205,165636.56457507264,328.0875143528806,Chemical
9.0,3666.6666666666665,0.01,0.33333333333333337,33.333333333333336,4.21962710390372,51.46328489215283,1239.334197554235,21972.180755836085,3091.4511043618245,166420.28916587844,329.63989050602254,Chemical
9.0,3666.6666666666665,0.01,0.3666666666666667,36.66666666666667,4.290555185097192,51.46328489215283,1212.1312226821894,19427.712201273564,3108.725697407917,167108.7306910604,331.0035330649811,Chemical
9.0,3666.6666666666665,0.01,0.4,40.0,4.355537019605814,51.46328489215283,1187.8623917638952,17366.53318367484,3124.056412394266,167720.81844367294,332.21593655714287,Chemical
9.0,3833.333333333333,0.01,0.1,10.0,3.336459436476093,50.33208554909796,1723.2214669548612,106822.78249184867,2882.375045511342,155758.22562444684,315.45474012448716,Chemical
9.0,3833.333333333333,0.01,0.13333333333333333,13.333333333333332,3.546756238827447,50.33208554909796,1608.1153409619926,72806.08977246338,2959.9476538615086,158687.8171713377,321.38799685228014,Chemical
9.0,3833.333333333333,0.01,0.16666666666666669,16.666666666666668,3.709711353629565,50.33208554909796,1524.9064465668246,54226.54301108607,3014.781289607732,160777.9869488706,325.621185573738,Chemical
9.0,3833.333333333333,0.01,0.2,20.0,3.8430877898689824,50.33208554909796,1460.5257654148281,42689.73880797143,3056.5324346768934,162379.59974734436,328.8649073553458,Chemical
9.0,3833.333333333333,0.01,0.23333333333333336,23.333333333333336,3.956182851387193,50.33208554909796,1408.4582409533068,34905.83516497148,3089.8858503625684,163665.09382922278,331.468398759442,Chemical
9.0,3833.333333333333,0.01,0.26666666666666666,26.666666666666664,4.054483234442571,50.33208554909796,1365.0150852323493,29338.889508918095,3117.4415985672613,164731.04110244894,333.62724538673166,Chemical
9.0,3833.333333333333,0.01,0.3,30.0,4.141502218403694,50.33208554909796,1327.9179827602288,25181.735638866245,3140.780719869174,165636.5645750726,335.4611881566106,Chemical
9.0,3833.333333333333,0.01,0.33333333333333337,33.333333333333336,4.21962710390372,50.33208554909796,1295.6675701703366,21972.180755836085,3160.930590860134,166420.2891658784,337.04845352337145,Chemical
9.0,3833.333333333333,0.01,0.3666666666666667,36.66666666666667,4.290555185097192,50.33208554909796,1267.2280964404706,19427.712201273564,3178.5934254839813,167108.73069106037,338.4427435619651,Chemical
9.0,3833.333333333333,0.01,0.4,40.0,4.355537019605814,50.33208554909796,1241.8561368440721,17366.53318367484,3194.268693940188,167720.81844367288,339.6823954786434,Chemical
9.0,4000.0,0.01,0.1,10.0,3.336459436476093,49.27234400993433,1798.1441394311596,106822.78249184867,2944.3686979050904,155758.22562444687,322.23948922772826,Chemical
9.0,4000.0,0.01,0.13333333333333333,13.333333333333332,3.546756238827447,49.27234400993433,1678.0333992646881,72806.08977246338,3023.6097252643744,158687.81717133772,328.3003574735707,Chemical
9.0,4000.0,0.01,0.16666666666666669,16.666666666666668,3.709711353629565,49.27234400993433,1591.206726852339,54226.54301108607,3079.6227139054376,160777.98694887062,332.62459292766107,Chemical
9.0,4000.0,0.01,0.2,20.0,3.8430877898689824,49.27234400993433,1524.0268856502557,42689.73880797143,3122.2718357935732,162379.59974734441,335.93808014833076,Chemical
9.0,4000.0,0.01,0.23333333333333336,23.333333333333336,3.956182851387193,49.27234400993433,1469.6955557773638,34905.83516497148,3156.3426113042233,163665.0938292228,338.5975670209441,Chemical
9.0,4000.0,0.01,0.26666666666666666,26.666666666666664,4.054483234442571,49.27234400993433,1424.3635671989732,29338.889508918095,3184.4910240472495,164731.04110244897,340.8028457694083,Chemical
9.0,4000.0,0.01,0.3,30.0,4.141502218403694,49.27234400993433,1385.6535472280648,25181.735638866245,3208.332119363757,165636.5645750726,342.6762326812849,Chemical
9.0,4000.0,0.01,0.33333333333333337,33.333333333333336,4.21962710390372,49.27234400993433,1352.0009427864384,21972.180755836085,3228.915370493759,166420.2891658784,344.2976366926878,Chemical
9.0,4000.0,0.01,0.3666666666666667,36.66666666666667,4.290555185097192,49.27234400993433,1322.324970198752,19427.712201273564,3246.9580944840727,167108.7306910604,345.7219148940374,Chemical
9.0,4000.0,0.01,0.4,40.0,4.355537019605814,49.27234400993433,1295.8498819242493,17366.53318367484,3262.970504057764,167720.8184436729,346.98822904196544,Chemical
10.0,2500.0,0.01,0.1,10.0,3.336459436476093,69.25014787855403,1123.8400871444746,118691.98054649851,2327.7278391710815,173064.69513827428,254.75268450222856,Chemical
10.0,2500.0,0.01,0.13333333333333333,13.333333333333332,3.546756238827447,69.25014787855403,1048.77087454043,80895.6553027371,2390.3733718178455,176319.7968570419,259.54422156599145,Chemical
10.0,2500.0,0.01,0.16666666666666669,16.666666666666668,3.709711353629565,69.25014787855403,994.5042042827118,60251.714456762296,2434.6555274825705,178642.20772096736,262.962829859436,Chemical
10.0,2500.0,0.01,0.2,20.0,3.8430877898689824,69.25014787855403,952.5168035314098,47433.04311996825,2468.3726188257324,180421.7774970493,265.58237151323016,Chemical
10.0,2500.0,0.01,0.23333333333333336,23.333333333333336,3.956182851387193,69.25014787855403,918.5597223608524,38784.261294412754,2495.307931891218,181850.10425469198,267.68488049442425,Chemical
10.0,2500.0,0.01,0.26666666666666666,26.666666666666664,4.054483234442571,69.25014787855403,890.2272294993583,32598.766121020108,2517.5612060878357,183034.49011383217,269.4283064246024,Chemical
10.0,2500.0,0.01,0.3,30.0,4.141502218403694,69.25014787855403,866.0334670175406,27979.70626540694,2536.4092468661697,184040.6273056362,270.9093488196722,Chemical
10.0,2500.0,0.01,0.33333333333333337,33.333333333333336,4.21962710390372,69.25014787855403,845.0005892415239,24413.534173151205,2552.68173567168,184911.43240653156,272.19118124051386,Chemical
10.0,2500.0,0.01,0.3666666666666667,36.66666666666667,4.290555185097192,69.25014787855403,826.45310637422,21586.346890303957,2566.9457614224684,185676.36743451154,273.3171720250121,Chemical
10.0,2500.0,0.01,0.4,40.0,4.355537019605814,69.25014787855403,809.9061762026558,19296.147981860937,2579.6046826925563,186356.46493741433,274.31828126019906,Chemical
10.0,2666.6666666666665,0.01,0.1,10.0,3.336459436476093,67.05116736401015,1198.762759620773,118691.98054649851,2404.0669748301266,173064.69513827428,263.10744119433696,Chemical
10.0,2666.6666666666665,0.01,0.13333333333333333,13.333333333333332,3.546756238827447,67.05116736401015,1118.6889328431253,80895.6553027371,2468.767002738183,176319.7968570419,268.05611939452075,Chemical
10.0,2666.6666666666665,0.01,0.16666666666666669,16.666666666666668,3.709711353629565,67.05116736401015,1060.804484568226,60251.714456762296,2514.501416451154,178642.2077209673,271.58684285791196,Chemical
10.0,2666.6666666666665,0.01,0.2,20.0,3.8430877898689824,67.05116736401015,1016.017923766837,47433.04311996825,2549.324278652387,180421.7774970493,274.29229384453646,Chemical
10.0,2666.6666666666665,0.01,0.23333333333333336,23.333333333333336,3.956182851387193,67.05116736401015,979.7970371849092,38784.261294412754,2577.1429503663885,181850.10425469195,276.46375578304736,Chemical
10.0,2666.6666666666665,0.01,0.26666666666666666,26.666666666666664,4.054483234442571,67.05116736401015,949.5757114659821,32598.766121020108,2600.126033129612,183034.49011383214,278.264358341161,Chemical
10.0,2666.6666666666665,0.01,0.3,30.0,4.141502218403694,67.05116736401015,923.7690314853766,27979.70626540694,2619.5922059411128,184040.62730563618,279.793972349463,Chemical
10.0,2666.6666666666665,0.01,0.33333333333333337,33.333333333333336,4.21962710390372,67.05116736401015,901.3339618576256,24413.534173151205,2636.3983601131363,184911.43240653153,281.11784318107595,Chemical
10.0,2666.6666666666665,0.01,0.3666666666666667,36.66666666666667,4.290555185097192,67.05116736401015,881.5499801325013,21586.346890303957,2651.13018256185,185676.3674345115,282.2807614627678,Chemical
10.0,2666.6666666666665,0.01,0.4,40.0,4.355537019605814,67.05116736401015,863.8999212828328,19296.147981860937,2664.204260231183,186356.46493741428,283.31470263493145,Chemical
10.0,2833.3333333333335,0.01,0.1,10.0,3.336459436476093,65.04918714418389,1273.6854320970715,118691.98054649851,2478.0555170709317,173064.69513827428,271.20494273255963,Chemical
10.0,2833.3333333333335,0.01,0.13333333333333333,13.333333333333332,3.546756238827447,65.04918714418389,1188.6069911458208,80895.6553027371,2544.746779332263,176319.7968570419,276.305923464197,Chemical
10.0,2833.3333333333335,0.01,0.16666666666666669,16.666666666666668,3.709711353629565,65.04918714418389,1127.10476485374,60251.714456762296,2591.8887339483326,178642.20772096733,279.9453099077991,Chemical
10.0,2833.3333333333335,0.01,0.2,20.0,3.8430877898689824,65.04918714418389,1079.5190440022645,47433.04311996825,2627.7833187088354,180421.7774970493,282.7340249534952,Chemical
10.0,2833.3333333333335,0.01,0.23333333333333336,23.333333333333336,3.956182851387193,65.04918714418389,1041.0343520089662,38784.261294412754,2656.4581491691383,181850.10425469195,284.9723166871174,Chemical
10.0,2833.3333333333335,0.01,0.26666666666666666,26.666666666666664,4.054483234442571,65.04918714418389,1008.9241934326061,32598.766121020108,2680.148568627909,183034.49011383211,286.82833532133236,Chemical
10.0,2833.3333333333335,0.01,0.3,30.0,4.141502218403694,65.04918714418389,981.5045959532126,27979.70626540694,2700.2138402849946,184040.62730563615,288.40502535199573,Chemical
10.0,2833.3333333333335,0.01,0.33333333333333337,33.333333333333336,4.21962710390372,65.04918714418389,957.6673344737272,24413.534173151205,2717.5372274879114,184911.4324065315,289.76964017034936,Chemical
10.0,2833.3333333333335,0.01,0.3666666666666667,36.66666666666667,4.290555185097192,65.04918714418389,936.6468538907827,21586.346890303957,2732.7224424913848,185676.3674345115,290.9683488976938,Chemical
10.0,2833.3333333333335,0.01,0.4,40.0,4.355537019605814,65.04918714418389,917.89366636301,19296.147981860937,2746.1988932884324,186356.46493741428,292.03411106357015,Chemical
10.0,3000.0,0.01,0.1,10.0,3.336459436476093,63.216446839420946,1348.6081045733697,118691.98054649851,2549.8980904935174,173064.69513827428,279.06758377373467,Chemical
10.0,3000.0,0.01,0.13333333333333333,13.333333333333332,3.546756238827447,63.216446839420946,1258.525049448516,80895.6553027371,2618.5228332086353,176319.7968570419,284.31644964362465,Chemical
10.0,3000.0,0.01,0.16666666666666669,16.666666666666668,3.709711353629565,63.216446839420946,1193.405045139254,60251.714456762296,2667.0315043136848,178642.2077209673,288.0613473988122,Chemical
10.0,3000.0,0.01,0.2,20.0,3.8430877898689824,63.216446839420946,1143.0201642376917,47433.04311996825,2703.9667273179093,180421.77749704928,290.9309115070272,Chemical
10.0,3000.0,0.01,0.23333333333333336,23.333333333333336,3.956182851387193,63.216446839420946,1102.271666833023,38784.261294412754,2733.472884436769,181850.10425469198,293.23409469974166,Chemical
10.0,3000.0,0.01,0.26666666666666666,26.666666666666664,4.054483234442571,63.216446839420946,1068.27267539923,32598.766121020108,2757.8501249484393,183034.49011383211,295.1439221183375,Chemical
10.0,3000.0,0.01,0.3,30.0,4.141502218403694,63.216446839420946,1039.2401604210486,27979.70626540694,2778.4971191465816,184040.6273056362,296.76632277514005,Chemical
10.0,3000.0,0.01,0.33333333333333337,33.333333333333336,4.21962710390372,63.216446839420946,1014.0007070898288,24413.534173151205,2796.3227375176384,184911.43240653156,298.17049983881293,Chemical
10.0,3000.0,0.01,0.3666666666666667,36.66666666666667,4.290555185097192,63.216446839420946,991.743727649064,21586.346890303957,2811.9481948467205,185676.36743451154,299.40396094323813,Chemical
10.0,3000.0,0.01,0.4,40.0,4.355537019605814,63.216446839420946,971.887411443187,19296.147981860937,2825.8153483133387,186356.46493741433,300.50062116451545,Chemical
10.0,3166.6666666666665,0.01,0.1,10.0,3.336459436476093,61.530371070769,1423.530777049668,118691.98054649851,2619.7712491970155,173064.69513827428,286.7146868649213,Chemical
10.0,3166.6666666666665,0.01,0.13333333333333333,13.333333333333332,3.546756238827447,61.530371070769,1328.4431077512113,80895.6553027371,2690.2764700208845,176319.79685704186,292.1073839095973,Chemical
10.0,3166.6666666666665,0.01,0.16666666666666669,16.666666666666668,3.709711353629565,61.530371070769,1259.7053254247683,60251.714456762296,2740.114391925116,178642.20772096733,295.95490060322487,Chemical
10.0,3166.6666666666665,0.01,0.2,20.0,3.8430877898689824,61.530371070769,1206.521284473119,47433.04311996825,2778.0617262401192,180421.77749704928,298.90309746507444,Chemical
10.0,3166.6666666666665,0.01,0.23333333333333336,23.333333333333336,3.956182851387193,61.530371070769,1163.5089816570796,38784.261294412754,2808.3764209263363,181850.10425469195,301.269393252503,Chemical
10.0,3166.6666666666665,0.01,0.26666666666666666,26.666666666666664,4.054483234442571,61.530371070769,1127.6211573658538,32598.766121020108,2833.4216547203173,183034.49011383214,303.23155439957753,Chemical
10.0,3166.6666666666665,0.01,0.3,30.0,4.141502218403694,61.530371070769,1096.9757248888845,27979.70626540694,2854.6344247460247,184040.62730563618,304.8984126207807,Chemical
10.0,3166.6666666666665,0.01,0.33333333333333337,33.333333333333336,4.21962710390372,61.530371070769,1070.3340797059304,24413.534173151205,2872.9485066623783,184911.43240653153,306.3410674131062,Chemical
10.0,3166.6666666666665,0.01,0.3666666666666667,36.66666666666667,4.290555185097192,61.530371070769,1046.8406014073453,21586.346890303957,2889.00213798941,185676.3674345115,307.6083282304789,Chemical
10.0,3166.6666666666665,0.01,0.4,40.0,4.355537019605814,61.530371070769,1025.881156523364,19296.147981860937,2903.2492838245666,186356.4649374143,308.73503950123575,Chemical
10.0,3333.333333333333,0.01,0.1,10.0,3.336459436476093,59.97238727865684,1498.453449525966,118691.98054649851,2687.82858909122,173064.69513827428,294.163061948283,Chemical
10.0,3333.333333333333,0.01,0.13333333333333333,13.333333333333332,3.546756238827447,59.97238727865684,1398.3611660539066,80895.6553027371,2760.1654193654927,176319.79685704186,299.6958523754741,Chemical
10.0,3333.333333333333,0.01,0.16666666666666669,16.666666666666668,3.709711353629565,59.97238727865684,1326.0056057102822,60251.714456762296,2811.298048352144,178642.20772096733,303.6433212124222,Chemical
10.0,3333.333333333333,0.01,0.2,20.0,3.8430877898689824,59.97238727865684,1270.0224047085462,47433.04311996825,2850.2311918786763,180421.77749704928,306.6681073703653,Chemical
10.0,3333.333333333333,0.01,0.23333333333333336,23.333333333333336,3.956182851387193,59.97238727865684,1224.7462964811364,38784.261294412754,2881.3334123768054,181850.10425469195,309.09587562289727,Chemical
10.0,3333.333333333333,0.01,0.26666666666666666,26.666666666666664,4.054483234442571,59.97238727865684,1186.9696393324775,32598.766121020108,2907.029280072341,183034.49011383211,311.1090104830983,Chemical
10.0,3333.333333333333,0.01,0.3,30.0,4.141502218403694,59.97238727865684,1154.7112893567207,27979.70626540694,2928.793122906478,184040.62730563618,312.8191709340479,Chemical
10.0,3333.333333333333,0.01,0.33333333333333337,33.333333333333336,4.21962710390372,59.97238727865684,1126.667452322032,24413.534173151205,2947.582974490971,184911.43240653153,314.2993035205058,Chemical
10.0,3333.333333333333,0.01,0.3666666666666667,36.66666666666667,4.290555185097192,59.97238727865684,1101.9374751656267,21586.346890303957,2964.053652704862,185676.36743451154,315.59948568557604,Chemical
10.0,3333.333333333333,0.01,0.4,40.0,4.355537019605814,59.97238727865684,1079.874901603541,19296.147981860937,2978.6709159107327,186356.4649374143,316.7554670584228,Chemical
10.0,3500.0,0.01,0.1,10.0,3.336459436476093,58.5270571201389,1573.3761220022645,118691.98054649851,2754.204721975638,173064.69513827428,301.42744129479786,Chemical
10.0,3500.0,0.01,0.13333333333333333,13.333333333333332,3.546756238827447,58.5270571201389,1468.279224356602,80895.6553027371,2828.327915814243,176319.7968570419,307.09686440537786,Chemical
10.0,3500.0,0.01,0.16666666666666669,16.666666666666668,3.709711353629565,58.5270571201389,1392.3058859957964,60251.714456762296,2880.723268990273,178642.20772096736,311.14181628761463,Chemical
10.0,3500.0,0.01,0.2,20.0,3.8430877898689824,58.5270571201389,1333.5235249439736,47433.04311996825,2920.6178694783143,180421.77749704933,314.24129977141456,Chemical
10.0,3500.0,0.01,0.23333333333333336,23.333333333333336,3.956182851387193,58.5270571201389,1285.9836113051933,38784.261294412754,2952.4881616939497,181850.104254692,316.72902194690005,Chemical
10.0,3500.0,0.01,0.26666666666666666,26.666666666666664,4.054483234442571,58.5270571201389,1246.3181212991014,32598.766121020108,2978.8185908104256,183034.49011383214,318.7918713266717,Chemical
10.0,3500.0,0.01,0.3,30.0,4.141502218403694,58.5270571201389,1212.4468538245567,27979.70626540694,3001.119893410374,184040.6273056362,320.5442643209489,Chemical
10.0,3500.0,0.01,0.33333333333333337,33.333333333333336,4.21962710390372,58.5270571201389,1183.0008249381335,24413.534173151205,3020.3737618189725,184911.43240653153,322.0609488950015,Chemical
10.0,3500.0,0.01,0.3666666666666667,36.66666666666667,4.290555185097192,58.5270571201389,1157.034348923908,21586.346890303957,3037.2511846929433,185676.36743451157,323.39323915822683,Chemical
10.0,3500.0,0.01,0.4,40.0,4.355537019605814,58.5270571201389,1133.8686466837182,19296.147981860937,3052.229422333306,186356.46493741433,324.5777675796196,Chemical
10.0,3666.6666666666665,0.01,0.1,10.0,3.336459436476093,57.18142765794758,1648.298794478563,118691.98054649851,2819.018406603566,173064.69513827428,308.5208221761835,Chemical
10.0,3666.6666666666665,0.01,0.13333333333333333,13.333333333333332,3.546756238827447,57.18142765794758,1538.1972826592973,80895.6553027371,2894.885914243806,176319.79685704192,314.32366173129276,Chemical
10.0,3666.6666666666665,0.01,0.16666666666666669,16.666666666666668,3.709711353629565,57.18142765794758,1458.6061662813106,60251.714456762296,2948.5142679552077,178642.20772096736,318.46380197535984,Chemical
10.0,3666.6666666666665,0.01,0.2,20.0,3.8430877898689824,57.18142765794758,1397.024645179401,47433.04311996825,2989.347693372913,180421.77749704933,321.63622446163316,Chemical
10.0,3666.6666666666665,0.01,0.23333333333333336,23.333333333333336,3.956182851387193,57.18142765794758,1347.22092612925,38784.261294412754,3021.96797742909,181850.10425469198,324.1824892861953,Chemical
10.0,3666.6666666666665,0.01,0.26666666666666666,26.666666666666664,4.054483234442571,57.18142765794758,1305.6666032657254,32598.766121020108,3048.918030829577,183034.49011383217,326.2938829401339,Chemical
10.0,3666.6666666666665,0.01,0.3,30.0,4.141502218403694,57.18142765794758,1270.1824182923929,27979.70626540694,3071.744141764205,184040.62730563624,328.08751435288053,Chemical
10.0,3666.6666666666665,0.01,0.33333333333333337,33.333333333333336,4.21962710390372,57.18142765794758,1239.334197554235,24413.534173151205,3091.4511043618245,184911.43240653156,329.6398905060225,Chemical
10.0,3666.6666666666665,0.01,0.3666666666666667,36.66666666666667,4.290555185097192,57.18142765794758,1212.1312226821894,21586.346890303957,3108.725697407917,185676.36743451157,331.0035330649812,Chemical
10.0,3666.6666666666665,0.01,0.4,40.0,4.355537019605814,57.18142765794758,1187.8623917638952,19296.147981860937,3124.056412394266,186356.46493741433,332.21593655714275,Chemical
10.0,3833.333333333333,0.01,0.1,10.0,3.336459436476093,55.92453949899774,1723.2214669548612,118691.98054649851,2882.375045511342,173064.69513827428,315.45474012448716,Chemical
10.0,3833.333333333333,0.01,0.13333333333333333,13.333333333333332,3.546756238827447,55.92453949899774,1608.1153409619926,80895.6553027371,2959.9476538615086,176319.7968570419,321.38799685228014,Chemical
10.0,3833.333333333333,0.01,0.16666666666666669,16.666666666666668,3.709711353629565,55.92453949899774,1524.9064465668246,60251.714456762296,3014.781289607732,178642.20772096733,325.62118557373805,Chemical
10.0,3833.333333333333,0.01,0.2,20.0,3.8430877898689824,55.92453949899774,1460.5257654148281,47433.04311996825,3056.5324346768934,180421.7774970493,328.8649073553458,Chemical
10.0,3833.333333333333,0.01,0.23333333333333336,23.333333333333336,3.956182851387193,55.92453949899774,1408.4582409533068,38784.261294412754,3089.8858503625684,181850.10425469198,331.468398759442,Chemical
10.0,3833.333333333333,0.01,0.26666666666666666,26.666666666666664,4.054483234442571,55.92453949899774,1365.0150852323493,32598.766121020108,3117.4415985672613,183034.49011383214,333.62724538673166,Chemical
10.0,3833.333333333333,0.01,0.3,30.0,4.141502218403694,55.92453949899774,1327.9179827602288,27979.70626540694,3140.780719869174,184040.62730563627,335.46118815661066,Chemical
10.0,3833.333333333333,0.01,0.33333333333333337,33.333333333333336,4.21962710390372,55.92453949899774,1295.6675701703366,24413.534173151205,3160.930590860134,184911.43240653156,337.04845352337145,Chemical
10.0,3833.333333333333,0.01,0.3666666666666667,36.66666666666667,4.290555185097192,55.92453949899774,1267.2280964404706,21586.346890303957,3178.5934254839813,185676.36743451157,338.4427435619652,Chemical
10.0,3833.333333333333,0.01,0.4,40.0,4.355537019605814,55.92453949899774,1241.8561368440721,19296.147981860937,3194.268693940188,186356.46493741433,339.68239547864346,Chemical
10.0,4000.0,0.01,0.1,10.0,3.336459436476093,54.74704889992702,1798.1441394311596,118691.98054649851,2944.3686979050904,173064.69513827428,322.2394892277283,Chemical
10.0,4000.0,0.01,0.13333333333333333,13.333333333333332,3.546756238827447,54.74704889992702,1678.0333992646881,80895.6553027371,3023.6097252643744,176319.7968570419,328.3003574735708,Chemical
10.0,4000.0,0.01,0.16666666666666669,16.666666666666668,3.709711353629565,54.74704889992702,1591.206726852339,60251.714456762296,3079.6227139054376,178642.20772096736,332.6245929276612,Chemical
10.0,4000.0,0.01,0.2,20.0,3.8430877898689824,54.74704889992702,1524.0268856502557,47433.04311996825,3122.2718357935732,180421.7774970493,335.93808014833076,Chemical
10.0,4000.0,0.01,0.23333333333333336,23.333333333333336,3.956182851387193,54.74704889992702,1469.6955557773638,38784.261294412754,3156.3426113042233,181850.10425469198,338.5975670209441,Chemical
10.0,4000.0,0.01,0.26666666666666666,26.666666666666664,4.054483234442571,54.74704889992702,1424.3635671989732,32598.766121020108,3184.4910240472495,183034.49011383214,340.8028457694083,Chemical
10.0,4000.0,0.01,0.3,30.0,4.141502218403694,54.74704889992702,1385.6535472280648,27979.70626540694,3208.332119363757,184040.6273056362,342.67623268128494,Chemical
10.0,4000.0,0.01,0.33333333333333337,33.333333333333336,4.21962710390372,54.74704889992702,1352.0009427864384,24413.534173151205,3228.915370493759,184911.43240653153,344.2976366926878,Chemical
10.0,4000.0,0.01,0.3666666666666667,36.66666666666667,4.290555185097192,54.74704889992702,1322.324970198752,21586.346890303957,3246.9580944840727,185676.3674345115,345.72191489403747,Chemical
10.0,4000.0,0.01,0.4,40.0,4.355537019605814,54.74704889992702,1295.8498819242493,19296.147981860937,3262.970504057764,186356.4649374143,346.9882290419655,Chemical
11.0,2500.0,0.01,0.1,10.0,3.336459436476093,76.17516266640943,1123.8400871444746,130561.17860114836,2327.7278391710815,190371.16465210172,254.7526845022286,Chemical
11.0,2500.0,0.01,0.13333333333333333,13.333333333333332,3.546756238827447,76.17516266640943,1048.77087454043,88985.2208330108,2390.3733718178455,193951.77654274608,259.54422156599145,Chemical
11.0,2500.0,0.01,0.16666666666666669,16.666666666666668,3.709711353629565,76.17516266640943,994.5042042827118,66276.88590243853,2434.6555274825705,196506.4284930641,262.962829859436,Chemical
11.0,2500.0,0.01,0.2,20.0,3.8430877898689824,76.17516266640943,952.5168035314098,52176.34743196508,2468.3726188257324,198463.95524675425,265.5823715132302,Chemical
11.0,2500.0,0.01,0.23333333333333336,23.333333333333336,3.956182851387193,76.17516266640943,918.5597223608524,42662.68742385403,2495.307931891218,200035.11468016115,267.68488049442425,Chemical
11.0,2500.0,0.01,0.26666666666666666,26.666666666666664,4.054483234442571,76.17516266640943,890.2272294993583,35858.64273312212,2517.5612060878357,201337.93912521537,269.4283064246024,Chemical
11.0,2500.0,0.01,0.3,30.0,4.141502218403694,76.17516266640943,866.0334670175406,30777.676891947634,2536.4092468661697,202444.6900361998,270.9093488196722,Chemical
11.0,2500.0,0.01,0.33333333333333337,33.333333333333336,4.21962710390372,76.17516266640943,845.0005892415239,26854.887590466325,2552.68173567168,203402.5756471847,272.1911812405139,Chemical
11.0,2500.0,0.01,0.3666666666666667,36.66666666666667,4.290555185097192,76.17516266640943,826.45310637422,23744.981579334355,2566.9457614224684,204244.0041779627,273.3171720250121,Chemical
11.0,2500.0,0.01,0.4,40.0,4.355537019605814,76.17516266640943,809.9061762026558,21225.76278004703,2579.6046826925563,204992.11143115576,274.31828126019906,Chemical
11.0,2666.6666666666665,0.01,0.1,10.0,3.336459436476093,73.75628410041118,1198.762759620773,130561.17860114836,2404.0669748301266,190371.1646521017,263.10744119433696,Chemical
11.0,2666.6666666666665,0.01,0.13333333333333333,13.333333333333332,3.546756238827447,73.75628410041118,1118.6889328431253,88985.2208330108,2468.767002738183,193951.77654274608,268.05611939452075,Chemical
11.0,2666.6666666666665,0.01,0.16666666666666669,16.666666666666668,3.709711353629565,73.75628410041118,1060.804484568226,66276.88590243853,2514.501416451154,196506.42849306407,271.58684285791196,Chemical
11.0,2666.6666666666665,0.01,0.2,20.0,3.8430877898689824,73.75628410041118,1016.017923766837,52176.34743196508,2549.324278652387,198463.95524675428,274.2922938445365,Chemical
11.0,2666.6666666666665,0.01,0.23333333333333336,23.333333333333336,3.956182851387193,73.75628410041118,979.7970371849092,42662.68742385403,2577.1429503663885,200035.11468016115,276.46375578304736,Chemical
11.0,2666.6666666666665,0.01,0.26666666666666666,26.666666666666664,4.054483234442571,73.75628410041118,949.5757114659821,35858.64273312212,2600.126033129612,201337.93912521537,278.264358341161,Chemical
11.0,2666.6666666666665,0.01,0.3,30.0,4.141502218403694,73.75628410041118,923.7690314853766,30777.676891947634,2619.5922059411128,202444.69003619984,279.79397234946305,Chemical
11.0,2666.6666666666665,0.01,0.33333333333333337,33.333333333333336,4.21962710390372,73.75628410041118,901.3339618576256,26854.887590466325,2636.3983601131363,203402.57564718474,281.117843181076,Chemical
11.0,2666.6666666666665,0.01,0.3666666666666667,36.66666666666667,4.290555185097192,73.75628410041118,881.5499801325013,23744.981579334355,2651.13018256185,204244.0041779627,282.2807614627679,Chemical
11.0,2666.6666666666665,0.01,0.4,40.0,4.355537019605814,73.75628410041118,863.8999212828328,21225.76278004703,2664.204260231183,204992.11143115573,283.31470263493145,Chemical
11.0,2833.3333333333335,0.01,0.1,10.0,3.336459436476093,71.55410585860228,1273.6854320970715,130561.17860114836,2478.0555170709317,190371.16465210172,271.20494273255963,Chemical
11.0,2833.3333333333335,0.01,0.13333333333333333,13.333333333333332,3.546756238827447,71.55410585860228,1188.6069911458208,88985.2208330108,2544.746779332263,193951.77654274608,276.30592346419695,Chemical
11.0,2833.3333333333335,0.01,0.16666666666666669,16.666666666666668,3.709711353629565,71.55410585860228,1127.10476485374,66276.88590243853,2591.8887339483326,196506.42849306407,279.9453099077991,Chemical
11.0,2833.3333333333335,0.01,0.2,20.0,3.8430877898689824,71.55410585860228,1079.5190440022645,52176.34743196508,2627.7833187088354,198463.95524675425,282.7340249534952,Chemical
11.0,2833.3333333333335,0.01,0.23333333333333336,23.333333333333336,3.956182851387193,71.55410585860228,1041.0343520089662,42662.68742385403,2656.4581491691383,200035.11468016115,284.9723166871174,Chemical
11.0,2833.3333333333335,0.01,0.26666666666666666,26.666666666666664,4.054483234442571,71.55410585860228,1008.9241934326061,35858.64273312212,2680.148568627909,201337.93912521534,286.82833532133236,Chemical
11.0,2833.3333333333335,0.01,0.3,30.0,4.141502218403694,71.55410585860228,981.5045959532126,30777.676891947634,2700.2138402849946,202444.69003619978,288.40502535199573,Chemical
11.0,2833.3333333333335,0.01,0.33333333333333337,33.333333333333336,4.21962710390372,71.55410585860228,957.6673344737272,26854.887590466325,2717.5372274879114,203402.57564718468,289.76964017034936,Chemical
11.0,2833.3333333333335,0.01,0.3666666666666667,36.66666666666667,4.290555185097192,71.55410585860228,936.6468538907827,23744.981579334355,2732.7224424913848,204244.00417796266,290.9683488976938,Chemical
11.0,2833.3333333333335,0.01,0.4,40.0,4.355537019605814,71.55410585860228,917.89366636301,21225.76278004703,2746.1988932884324,204992.11143115573,292.03411106357015,Chemical
11.0,3000.0,0.01,0.1,10.0,3.336459436476093,69.53809152336304,1348.6081045733697,130561.17860114836,2549.8980904935174,190371.1646521017,279.06758377373467,Chemical
11.0,3000.0,0.01,0.13333333333333333,13.333333333333332,3.546756238827447,69.53809152336304,1258.525049448516,88985.2208330108,2618.5228332086353,193951.77654274605,284.31644964362465,Chemical
11.0,3000.0,0.01,0.16666666666666669,16.666666666666668,3.709711353629565,69.53809152336304,1193.405045139254,66276.88590243853,2667.0315043136848,196506.42849306404,288.06134739881225,Chemical
11.0,3000.0,0.01,0.2,20.0,3.8430877898689824,69.53809152336304,1143.0201642376917,52176.34743196508,2703.9667273179093,198463.95524675422,290.93091150702725,Chemical
11.0,3000.0,0.01,0.23333333333333336,23.333333333333336,3.956182851387193,69.53809152336304,1102.271666833023,42662.68742385403,2733.472884436769,200035.11468016115,293.2340946997416,Chemical
11.0,3000.0,0.01,0.26666666666666666,26.666666666666664,4.054483234442571,69.53809152336304,1068.27267539923,35858.64273312212,2757.8501249484393,201337.93912521531,295.1439221183375,Chemical
11.0,3000.0,0.01,0.3,30.0,4.141502218403694,69.53809152336304,1039.2401604210486,30777.676891947634,2778.4971191465816,202444.6900361998,296.76632277514,Chemical
11.0,3000.0,0.01,0.33333333333333337,33.333333333333336,4.21962710390372,69.53809152336304,1014.0007070898288,26854.887590466325,2796.3227375176384,203402.57564718474,298.170499838813,Chemical
11.0,3000.0,0.01,0.3666666666666667,36.66666666666667,4.290555185097192,69.53809152336304,991.743727649064,23744.981579334355,2811.9481948467205,204244.00417796266,299.40396094323813,Chemical
11.0,3000.0,0.01,0.4,40.0,4.355537019605814,69.53809152336304,971.887411443187,21225.76278004703,2825.8153483133387,204992.11143115576,300.50062116451545,Chemical
11.0,3166.6666666666665,0.01,0.1,10.0,3.336459436476093,67.6834081778459,1423.530777049668,130561.17860114836,2619.7712491970155,190371.1646521017,286.71468686492125,Chemical
11.0,3166.6666666666665,0.01,0.13333333333333333,13.333333333333332,3.546756238827447,67.6834081778459,1328.4431077512113,88985.2208330108,2690.2764700208845,193951.77654274605,292.1073839095972,Chemical
11.0,3166.6666666666665,0.01,0.16666666666666669,16.666666666666668,3.709711353629565,67.6834081778459,1259.7053254247683,66276.88590243853,2740.114391925116,196506.42849306407,295.95490060322487,Chemical
11.0,3166.6666666666665,0.01,0.2,20.0,3.8430877898689824,67.6834081778459,1206.521284473119,52176.34743196508,2778.0617262401192,198463.95524675422,298.90309746507444,Chemical
11.0,3166.6666666666665,0.01,0.23333333333333336,23.333333333333336,3.956182851387193,67.6834081778459,1163.5089816570796,42662.68742385403,2808.3764209263363,200035.11468016115,301.269393252503,Chemical
11.0,3166.6666666666665,0.01,0.26666666666666666,26.666666666666664,4.054483234442571,67.6834081778459,1127.6211573658538,35858.64273312212,2833.4216547203173,201337.93912521537,303.23155439957753,Chemical
11.0,3166.6666666666665,0.01,0.3,30.0,4.141502218403694,67.6834081778459,1096.9757248888845,30777.676891947634,2854.6344247460247,202444.6900361998,304.8984126207807,Chemical
11.0,3166.6666666666665,0.01,0.33333333333333337,33.333333333333336,4.21962710390372,67.6834081778459,1070.3340797059304,26854.887590466325,2872.9485066623783,203402.5756471847,306.3410674131062,Chemical
11.0,3166.6666666666665,0.01,0.3666666666666667,36.66666666666667,4.290555185097192,67.6834081778459,1046.8406014073453,23744.981579334355,2889.00213798941,204244.0041779627,307.60832823047895,Chemical
11.0,3166.6666666666665,0.01,0.4,40.0,4.355537019605814,67.6834081778459,1025.881156523364,21225.76278004703,2903.2492838245666,204992.11143115573,308.7350395012357,Chemical
11.0,3333.333333333333,0.01,0.1,10.0,3.336459436476093,65.96962600652252,1498.453449525966,130561.17860114836,2687.82858909122,190371.1646521017,294.163061948283,Chemical
11.0,3333.333333333333,0.01,0.13333333333333333,13.333333333333332,3.546756238827447,65.96962600652252,1398.3611660539066,88985.2208330108,2760.1654193654927,193951.77654274603,299.69585237547403,Chemical
11.0,3333.333333333333,0.01,0.16666666666666669,16.666666666666668,3.709711353629565,65.96962600652252,1326.0056057102822,66276.88590243853,2811.298048352144,196506.42849306404,303.6433212124222,Chemical
11.0,3333.333333333333,0.01,0.2,20.0,3.8430877898689824,65.96962600652252,1270.0224047085462,52176.34743196508,2850.2311918786763,198463.95524675422,306.6681073703653,Chemical
11.0,3333.333333333333,0.01,0.23333333333333336,23.333333333333336,3.956182851387193,65.96962600652252,1224.7462964811364,42662.68742385403,2881.3334123768054,200035.11468016112,309.09587562289727,Chemical
11.0,3333.333333333333,0.01,0.26666666666666666,26.666666666666664,4.054483234442571,65.96962600652252,1186.9696393324775,35858.64273312212,2907.029280072341,201337.9391252153,311.10901048309825,Chemical
11.0,3333.333333333333,0.01,0.3,30.0,4.141502218403694,65.96962600652252,1154.7112893567207,30777.676891947634,2928.793122906478,202444.69003619978,312.8191709340479,Chemical
11.0,3333.333333333333,0.01,0.33333333333333337,33.333333333333336,4.21962710390372,65.96962600652252,1126.667452322032,26854.887590466325,2947.582974490971,203402.57564718468,314.2993035205058,Chemical
11.0,3333.333333333333,0.01,0.3666666666666667,36.66666666666667,4.290555185097192,65.96962600652252,1101.9374751656267,23744.981579334355,2964.053652704862,204244.00417796266,315.599485685576,Chemical
11.0,3333.333333333333,0.01,0.4,40.0,4.355537019605814,65.96962600652252,1079.874901603541,21225.76278004703,2978.6709159107327,204992.11143115573,316.7554670584228,Chemical
11.0,3500.0,0.01,0.1,10.0,3.336459436476093,64.37976283215279,1573.3761220022645,130561.17860114836,2754.204721975638,190371.16465210175,301.42744129479786,Chemical
11.0,3500.0,0.01,0.13333333333333333,13.333333333333332,3.546756238827447,64.37976283215279,1468.279224356602,88985.2208330108,2828.327915814243,193951.77654274608,307.09686440537786,Chemical
11.0,3500.0,0.01,0.16666666666666669,16.666666666666668,3.709711353629565,64.37976283215279,1392.3058859957964,66276.88590243853,2880.723268990273,196506.4284930641,311.14181628761463,Chemical
11.0,3500.0,0.01,0.2,20.0,3.8430877898689824,64.37976283215279,1333.5235249439736,52176.34743196508,2920.6178694783143,198463.95524675428,314.2412997714145,Chemical
11.0,3500.0,0.01,0.23333333333333336,23.333333333333336,3.956182851387193,64.37976283215279,1285.9836113051933,42662.68742385403,2952.4881616939497,200035.1146801612,316.7290219469,Chemical
11.0,3500.0,0.01,0.26666666666666666,26.666666666666664,4.054483234442571,64.37976283215279,1246.3181212991014,35858.64273312212,2978.8185908104256,201337.93912521534,318.7918713266716,Chemical
11.0,3500.0,0.01,0.3,30.0,4.141502218403694,64.37976283215279,1212.4468538245567,30777.676891947634,3001.119893410374,202444.69003619984,320.54426432094886,Chemical
11.0,3500.0,0.01,0.33333333333333337,33.333333333333336,4.21962710390372,64.37976283215279,1183.0008249381335,26854.887590466325,3020.3737618189725,203402.5756471847,322.0609488950015,Chemical
11.0,3500.0,0.01,0.3666666666666667,36.66666666666667,4.290555185097192,64.37976283215279,1157.034348923908,23744.981579334355,3037.2511846929433,204244.00417796272,323.3932391582268,Chemical
11.0,3500.0,0.01,0.4,40.0,4.355537019605814,64.37976283215279,1133.8686466837182,21225.76278004703,3052.229422333306,204992.11143115576,324.57776757961955,Chemical
11.0,3666.6666666666665,0.01,0.1,10.0,3.336459436476093,62.89957042374234,1648.298794478563,130561.17860114836,2819.018406603566,190371.16465210175,308.5208221761836,Chemical
11.0,3666.6666666666665,0.01,0.13333333333333333,13.333333333333332,3.546756238827447,62.89957042374234,1538.1972826592973,88985.2208330108,2894.885914243806,193951.7765427461,314.32366173129276,Chemical
11.0,3666.6666666666665,0.01,0.16666666666666669,16.666666666666668,3.709711353629565,62.89957042374234,1458.6061662813106,66276.88590243853,2948.5142679552077,196506.4284930641,318.4638019753599,Chemical
11.0,3666.6666666666665,0.01,0.2,20.0,3.8430877898689824,62.89957042374234,1397.024645179401,52176.34743196508,2989.347693372913,198463.95524675428,321.6362244616332,Chemical
11.0,3666.6666666666665,0.01,0.23333333333333336,23.333333333333336,3.956182851387193,62.89957042374234,1347.22092612925,42662.68742385403,3021.96797742909,200035.11468016118,324.1824892861953,Chemical
11.0,3666.6666666666665,0.01,0.26666666666666666,26.666666666666664,4.054483234442571,62.89957042374234,1305.6666032657254,35858.64273312212,3048.918030829577,201337.93912521537,326.2938829401339,Chemical
11.0,3666.6666666666665,0.01,0.3,30.0,4.141502218403694,62.89957042374234,1270.1824182923929,30777.676891947634,3071.744141764205,202444.69003619987,328.0875143528806,Chemical
11.0,3666.6666666666665,0.01,0.33333333333333337,33.333333333333336,4.21962710390372,62.89957042374234,1239.334197554235,26854.887590466325,3091.4511043618245,203402.57564718474,329.63989050602254,Chemical
11.0,3666.6666666666665,0.01,0.3666666666666667,36.66666666666667,4.290555185097192,62.89957042374234,1212.1312226821894,23744.981579334355,3108.725697407917,204244.00417796272,331.0035330649811,Chemical
11.0,3666.6666666666665,0.01,0.4,40.0,4.355537019605814,62.89957042374234,1187.8623917638952,21225.76278004703,3124.056412394266,204992.11143115576,332.21593655714275,Chemical
11.0,3833.333333333333,0.01,0.1,10.0,3.336459436476093,61.51699344889751,1723.2214669548612,130561.17860114836,2882.375045511342,190371.16465210172,315.45474012448716,Chemical
11.0,3833.333333333333,0.01,0.13333333333333333,13.333333333333332,3.546756238827447,61.51699344889751,1608.1153409619926,88985.2208330108,2959.9476538615086,193951.77654274608,321.38799685228014,Chemical
11.0,3833.333333333333,0.01,0.16666666666666669,16.666666666666668,3.709711353629565,61.51699344889751,1524.9064465668246,66276.88590243853,3014.781289607732,196506.42849306407,325.621185573738,Chemical
11.0,3833.333333333333,0.01,0.2,20.0,3.8430877898689824,61.51699344889751,1460.5257654148281,52176.34743196508,3056.5324346768934,198463.95524675422,328.86490735534574,Chemical
11.0,3833.333333333333,0.01,0.23333333333333336,23.333333333333336,3.956182851387193,61.51699344889751,1408.4582409533068,42662.68742385403,3089.8858503625684,200035.11468016115,331.46839875944187,Chemical
11.0,3833.333333333333,0.01,0.26666666666666666,26.666666666666664,4.054483234442571,61.51699344889751,1365.0150852323493,35858.64273312212,3117.4415985672613,201337.93912521534,333.6272453867316,Chemical
11.0,3833.333333333333,0.01,0.3,30.0,4.141502218403694,61.51699344889751,1327.9179827602288,30777.676891947634,3140.780719869174,202444.69003619987,335.46118815661055,Chemical
11.0,3833.333333333333,0.01,0.33333333333333337,33.333333333333336,4.21962710390372,61.51699344889751,1295.6675701703366,26854.887590466325,3160.930590860134,203402.5756471847,337.0484535233714,Chemical
11.0,3833.333333333333,0.01,0.3666666666666667,36.66666666666667,4.290555185097192,61.51699344889751,1267.2280964404706,23744.981579334355,3178.5934254839813,204244.0041779627,338.4427435619651,Chemical
11.0,3833.333333333333,0.01,0.4,40.0,4.355537019605814,61.51699344889751,1241.8561368440721,21225.76278004703,3194.268693940188,204992.11143115573,339.68239547864334,Chemical
11.0,4000.0,0.01,0.1,10.0,3.336459436476093,60.22175378991973,1798.1441394311596,130561.17860114836,2944.3686979050904,190371.16465210175,322.2394892277283,Chemical
11.0,4000.0,0.01,0.13333333333333333,13.333333333333332,3.546756238827447,60.22175378991973,1678.0333992646881,88985.2208330108,3023.6097252643744,193951.7765427461,328.3003574735708,Chemical
11.0,4000.0,0.01,0.16666666666666669,16.666666666666668,3.709711353629565,60.22175378991973,1591.206726852339,66276.88590243853,3079.6227139054376,196506.4284930641,332.6245929276611,Chemical
11.0,4000.0,0.01,0.2,20.0,3.8430877898689824,60.22175378991973,1524.0268856502557,52176.34743196508,3122.2718357935732,198463.95524675428,335.93808014833076,Chemical
11.0,4000.0,0.01,0.23333333333333336,23.333333333333336,3.956182851387193,60.22175378991973,1469.6955557773638,42662.68742385403,3156.3426113042233,200035.11468016118,338.59756702094404,Chemical
11.0,4000.0,0.01,0.26666666666666666,26.666666666666664,4.054483234442571,60.22175378991973,1424.3635671989732,35858.64273312212,3184.4910240472495,201337.93912521537,340.80284576940824,Chemical
11.0,4000.0,0.01,0.3,30.0,4.141502218403694,60.22175378991973,1385.6535472280648,30777.676891947634,3208.332119363757,202444.69003619984,342.6762326812849,Chemical
11.0,4000.0,0.01,0.33333333333333337,33.333333333333336,4.21962710390372,60.22175378991973,1352.0009427864384,26854.887590466325,3228.915370493759,203402.5756471847,344.2976366926878,Chemical
11.0,4000.0,0.01,0.3666666666666667,36.66666666666667,4.290555185097192,60.22175378991973,1322.324970198752,23744.981579334355,3246.9580944840727,204244.0041779627,345.7219148940374,Chemical
11.0,4000.0,0.01,0.4,40.0,4.355537019605814,60.22175378991973,1295.8498819242493,21225.76278004703,3262.970504057764,204992.11143115576,346.98822904196544,Chemical
12.0,2500.0,0.01,0.1,10.0,3.336459436476093,83.10017745426484,1123.8400871444746,142430.37665579823,2327.7278391710815,207677.63416592914,254.7526845022286,Chemical
12.0,2500.0,0.01,0.13333333333333333,13.333333333333332,3.546756238827447,83.10017745426484,1048.77087454043,97074.78636328451,2390.3733718178455,211583.75622845028,259.5442215659915,Chemical
12.0,2500.0,0.01,0.16666666666666669,16.666666666666668,3.709711353629565,83.10017745426484,994.5042042827118,72302.05734811476,2434.6555274825705,214370.6492651608,262.962829859436,Chemical
12.0,2500.0,0.01,0.2,20.0,3.8430877898689824,83.10017745426484,952.5168035314098,56919.6517439619,2468.3726188257324,216506.13299645914,265.58237151323016,Chemical
12.0,2500.0,0.01,0.23333333333333336,23.333333333333336,3.956182851387193,83.10017745426484,918.5597223608524,46541.113553295305,2495.307931891218,218220.12510563037,267.68488049442425,Chemical
12.0,2500.0,0.01,0.26666666666666666,26.666666666666664,4.054483234442571,83.10017745426484,890.2272294993583,39118.51934522413,2517.5612060878357,219641.38813659857,269.4283064246024,Chemical
12.0,2500.0,0.01,0.3,30.0,4.141502218403694,83.10017745426484,866.0334670175406,33575.64751848833,2536.4092468661697,220848.7527667634,270.9093488196722,Chemical
12.0,2500.0,0.01,0.33333333333333337,33.333333333333336,4.21962710390372,83.10017745426484,845.0005892415239,29296.241007781446,2552.68173567168,221893.71888783787,272.1911812405139,Chemical
12.0,2500.0,0.01,0.3666666666666667,36.66666666666667,4.290555185097192,83.10017745426484,826.45310637422,25903.61626836475,2566.9457614224684,222811.64092141384,273.3171720250121,Chemical
12.0,2500.0,0.01,0.4,40.0,4.355537019605814,83.10017745426484,809.9061762026558,23155.377578233125,2579.6046826925563,223627.7579248972,274.3182812601991,Chemical
12.0,2666.6666666666665,0.01,0.1,10.0,3.336459436476093,80.4614008368122,1198.762759620773,142430.37665579823,2404.0669748301266,207677.63416592914,263.1074411943369,Chemical
12.0,2666.6666666666665,0.01,0.13333333333333333,13.333333333333332,3.546756238827447,80.4614008368122,1118.6889328431253,97074.78636328451,2468.767002738183,211583.7562284503,268.05611939452075,Chemical
12.0,2666.6666666666665,0.01,0.16666666666666669,16.666666666666668,3.709711353629565,80.4614008368122,1060.804484568226,72302.05734811476,2514.501416451154,214370.6492651608,271.58684285791196,Chemical
12.0,2666.6666666666665,0.01,0.2,20.0,3.8430877898689824,80.4614008368122,1016.017923766837,56919.6517439619,2549.324278652387,216506.1329964592,274.2922938445364,Chemical
12.0,2666.6666666666665,0.01,0.23333333333333336,23.333333333333336,3.956182851387193,80.4614008368122,979.7970371849092,46541.113553295305,2577.1429503663885,218220.12510563037,276.46375578304736,Chemical
12.0,2666.6666666666665,0.01,0.26666666666666666,26.666666666666664,4.054483234442571,80.4614008368122,949.5757114659821,39118.51934522413,2600.126033129612,219641.3881365986,278.26435834116097,Chemical
12.0,2666.6666666666665,0.01,0.3,30.0,4.141502218403694,80.4614008368122,923.7690314853766,33575.64751848833,2619.5922059411128,220848.75276676347,279.793972349463,Chemical
12.0,2666.6666666666665,0.01,0.33333333333333337,33.333333333333336,4.21962710390372,80.4614008368122,901.3339618576256,29296.241007781446,2636.3983601131363,221893.7188878379,281.11784318107595,Chemical
12.0,2666.6666666666665,0.01,0.3666666666666667,36.66666666666667,4.290555185097192,80.4614008368122,881.5499801325013,25903.61626836475,2651.13018256185,222811.64092141384,282.2807614627678,Chemical
12.0,2666.6666666666665,0.01,0.4,40.0,4.355537019605814,80.4614008368122,863.8999212828328,23155.377578233125,2664.204260231183,223627.7579248972,283.31470263493145,Chemical
12.0,2833.3333333333335,0.01,0.1,10.0,3.336459436476093,78.05902457302068,1273.6854320970715,142430.37665579823,2478.0555170709317,207677.63416592914,271.20494273255963,Chemical
12.0,2833.3333333333335,0.01,0.13333333333333333,13.333333333333332,3.546756238827447,78.05902457302068,1188.6069911458208,97074.78636328451,2544.746779332263,211583.75622845028,276.305923464197,Chemical
12.0,2833.3333333333335,0.01,0.16666666666666669,16.666666666666668,3.709711353629565,78.05902457302068,1127.10476485374,72302.05734811476,2591.8887339483326,214370.6492651608,279.9453099077991,Chemical
12.0,2833.3333333333335,0.01,0.2,20.0,3.8430877898689824,78.05902457302068,1079.5190440022645,56919.6517439619,2627.7833187088354,216506.1329964592,282.73402495349524,Chemical
12.0,2833.3333333333335,0.01,0.23333333333333336,23.333333333333336,3.956182851387193,78.05902457302068,1041.0343520089662,46541.113553295305,2656.4581491691383,218220.12510563037,284.9723166871175,Chemical
12.0,2833.3333333333335,0.01,0.26666666666666666,26.666666666666664,4.054483234442571,78.05902457302068,1008.9241934326061,39118.51934522413,2680.148568627909,219641.38813659857,286.8283353213324,Chemical
12.0,2833.3333333333335,0.01,0.3,30.0,4.141502218403694,78.05902457302068,981.5045959532126,33575.64751848833,2700.2138402849946,220848.7527667634,288.4050253519958,Chemical
12.0,2833.3333333333335,0.01,0.33333333333333337,33.333333333333336,4.21962710390372,78.05902457302068,957.6673344737272,29296.241007781446,2717.5372274879114,221893.71888783784,289.7696401703494,Chemical
12.0,2833.3333333333335,0.01,0.3666666666666667,36.66666666666667,4.290555185097192,78.05902457302068,936.6468538907827,25903.61626836475,2732.7224424913848,222811.64092141384,290.9683488976938,Chemical
12.0,2833.3333333333335,0.01,0.4,40.0,4.355537019605814,78.05902457302068,917.89366636301,23155.377578233125,2746.1988932884324,223627.75792489716,292.03411106357015,Chemical
12.0,3000.0,0.01,0.1,10.0,3.336459436476093,75.85973620730515,1348.6081045733697,142430.37665579823,2549.8980904935174,207677.63416592916,279.06758377373467,Chemical
12.0,3000.0,0.01,0.13333333333333333,13.333333333333332,3.546756238827447,75.85973620730515,1258.525049448516,97074.78636328451,2618.5228332086353,211583.7562284503,284.31644964362465,Chemical
12.0,3000.0,0.01,0.16666666666666669,16.666666666666668,3.709711353629565,75.85973620730515,1193.405045139254,72302.05734811476,2667.0315043136848,214370.6492651608,288.0613473988122,Chemical
12.0,3000.0,0.01,0.2,20.0,3.8430877898689824,75.85973620730515,1143.0201642376917,56919.6517439619,2703.9667273179093,216506.13299645917,290.9309115070272,Chemical
12.0,3000.0,0.01,0.23333333333333336,23.333333333333336,3.956182851387193,75.85973620730515,1102.271666833023,46541.113553295305,2733.472884436769,218220.1251056304,293.2340946997416,Chemical
12.0,3000.0,0.01,0.26666666666666666,26.666666666666664,4.054483234442571,75.85973620730515,1068.27267539923,39118.51934522413,2757.8501249484393,219641.38813659857,295.1439221183375,Chemical
12.0,3000.0,0.01,0.3,30.0,4.141502218403694,75.85973620730515,1039.2401604210486,33575.64751848833,2778.4971191465816,220848.75276676347,296.76632277514,Chemical
12.0,3000.0,0.01,0.33333333333333337,33.333333333333336,4.21962710390372,75.85973620730515,1014.0007070898288,29296.241007781446,2796.3227375176384,221893.71888783792,298.17049983881293,Chemical
12.0,3000.0,0.01,0.3666666666666667,36.66666666666667,4.290555185097192,75.85973620730515,991.743727649064,25903.61626836475,2811.9481948467205,222811.64092141384,299.4039609432381,Chemical
12.0,3000.0,0.01,0.4,40.0,4.355537019605814,75.85973620730515,971.887411443187,23155.377578233125,2825.8153483133387,223627.75792489722,300.50062116451545,Chemical
12.0,3166.6666666666665,0.01,0.1,10.0,3.336459436476093,73.8364452849228,1423.530777049668,142430.37665579823,2619.7712491970155,207677.6341659291,286.71468686492125,Chemical
12.0,3166.6666666666665,0.01,0.13333333333333333,13.333333333333332,3.546756238827447,73.8364452849228,1328.4431077512113,97074.78636328451,2690.2764700208845,211583.75622845022,292.1073839095972,Chemical
12.0,3166.6666666666665,0.01,0.16666666666666669,16.666666666666668,3.709711353629565,73.8364452849228,1259.7053254247683,72302.05734811476,2740.114391925116,214370.64926516078,295.9549006032248,Chemical
12.0,3166.6666666666665,0.01,0.2,20.0,3.8430877898689824,73.8364452849228,1206.521284473119,56919.6517439619,2778.0617262401192,216506.13299645914,298.90309746507444,Chemical
12.0,3166.6666666666665,0.01,0.23333333333333336,23.333333333333336,3.956182851387193,73.8364452849228,1163.5089816570796,46541.113553295305,2808.3764209263363,218220.12510563034,301.269393252503,Chemical
12.0,3166.6666666666665,0.01,0.26666666666666666,26.666666666666664,4.054483234442571,73.8364452849228,1127.6211573658538,39118.51934522413,2833.4216547203173,219641.38813659857,303.23155439957753,Chemical
12.0,3166.6666666666665,0.01,0.3,30.0,4.141502218403694,73.8364452849228,1096.9757248888845,33575.64751848833,2854.6344247460247,220848.7527667634,304.8984126207807,Chemical
12.0,3166.6666666666665,0.01,0.33333333333333337,33.333333333333336,4.21962710390372,73.8364452849228,1070.3340797059304,29296.241007781446,2872.9485066623783,221893.71888783787,306.3410674131062,Chemical
12.0,3166.6666666666665,0.01,0.3666666666666667,36.66666666666667,4.290555185097192,73.8364452849228,1046.8406014073453,25903.61626836475,2889.00213798941,222811.6409214138,307.6083282304789,Chemical
12.0,3166.6666666666665,0.01,0.4,40.0,4.355537019605814,73.8364452849228,1025.881156523364,23155.377578233125,2903.2492838245666,223627.75792489716,308.73503950123575,Chemical
12.0,3333.333333333333,0.01,0.1,10.0,3.336459436476093,71.96686473438821,1498.453449525966,142430.37665579823,2687.82858909122,207677.63416592914,294.1630619482829,Chemical
12.0,3333.333333333333,0.01,0.13333333333333333,13.333333333333332,3.546756238827447,71.96686473438821,1398.3611660539066,97074.78636328451,2760.1654193654927,211583.75622845025,299.6958523754741,Chemical
12.0,3333.333333333333,0.01,0.16666666666666669,16.666666666666668,3.709711353629565,71.96686473438821,1326.0056057102822,72302.05734811476,2811.298048352144,214370.64926516078,303.6433212124222,Chemical
12.0,3333.333333333333,0.01,0.2,20.0,3.8430877898689824,71.96686473438821,1270.0224047085462,56919.6517439619,2850.2311918786763,216506.13299645917,306.6681073703653,Chemical
12.0,3333.333333333333,0.01,0.23333333333333336,23.333333333333336,3.956182851387193,71.96686473438821,1224.7462964811364,46541.113553295305,2881.3334123768054,218220.12510563034,309.09587562289727,Chemical
12.0,3333.333333333333,0.01,0.26666666666666666,26.666666666666664,4.054483234442571,71.96686473438821,1186.9696393324775,39118.51934522413,2907.029280072341,219641.3881365985,311.10901048309825,Chemical
12.0,3333.333333333333,0.01,0.3,30.0,4.141502218403694,71.96686473438821,1154.7112893567207,33575.64751848833,2928.793122906478,220848.7527667634,312.81917093404786,Chemical
12.0,3333.333333333333,0.01,0.33333333333333337,33.333333333333336,4.21962710390372,71.96686473438821,1126.667452322032,29296.241007781446,2947.582974490971,221893.71888783784,314.29930352050576,Chemical
12.0,3333.333333333333,0.01,0.3666666666666667,36.66666666666667,4.290555185097192,71.96686473438821,1101.9374751656267,25903.61626836475,2964.053652704862,222811.64092141384,315.599485685576,Chemical
12.0,3333.333333333333,0.01,0.4,40.0,4.355537019605814,71.96686473438821,1079.874901603541,23155.377578233125,2978.6709159107327,223627.75792489716,316.75546705842277,Chemical
12.0,3500.0,0.01,0.1,10.0,3.336459436476093,70.23246854416668,1573.3761220022645,142430.37665579823,2754.204721975638,207677.63416592916,301.4274412947979,Chemical
12.0,3500.0,0.01,0.13333333333333333,13.333333333333332,3.546756238827447,70.23246854416668,1468.279224356602,97074.78636328451,2828.327915814243,211583.75622845025,307.09686440537786,Chemical
12.0,3500.0,0.01,0.16666666666666669,16.666666666666668,3.709711353629565,70.23246854416668,1392.3058859957964,72302.05734811476,2880.723268990273,214370.6492651608,311.14181628761463,Chemical
12.0,3500.0,0.01,0.2,20.0,3.8430877898689824,70.23246854416668,1333.5235249439736,56919.6517439619,2920.6178694783143,216506.1329964592,314.24129977141456,Chemical
12.0,3500.0,0.01,0.23333333333333336,23.333333333333336,3.956182851387193,70.23246854416668,1285.9836113051933,46541.113553295305,2952.4881616939497,218220.1251056304,316.72902194690005,Chemical
12.0,3500.0,0.01,0.26666666666666666,26.666666666666664,4.054483234442571,70.23246854416668,1246.3181212991014,39118.51934522413,2978.8185908104256,219641.38813659854,318.79187132667164,Chemical
12.0,3500.0,0.01,0.3,30.0,4.141502218403694,70.23246854416668,1212.4468538245567,33575.64751848833,3001.119893410374,220848.75276676344,320.5442643209489,Chemical
12.0,3500.0,0.01,0.33333333333333337,33.333333333333336,4.21962710390372,70.23246854416668,1183.0008249381335,29296.241007781446,3020.3737618189725,221893.71888783784,322.0609488950015,Chemical
12.0,3500.0,0.01,0.3666666666666667,36.66666666666667,4.290555185097192,70.23246854416668,1157.034348923908,25903.61626836475,3037.2511846929433,222811.64092141387,323.39323915822683,Chemical
12.0,3500.0,0.01,0.4,40.0,4.355537019605814,70.23246854416668,1133.8686466837182,23155.377578233125,3052.229422333306,223627.7579248972,324.5777675796196,Chemical
12.0,3666.6666666666665,0.01,0.1,10.0,3.336459436476093,68.6177131895371,1648.298794478563,142430.37665579823,2819.018406603566,207677.63416592916,308.5208221761836,Chemical
12.0,3666.6666666666665,0.01,0.13333333333333333,13.333333333333332,3.546756238827447,68.6177131895371,1538.1972826592973,97074.78636328451,2894.885914243806,211583.75622845028,314.3236617312927,Chemical
12.0,3666.6666666666665,0.01,0.16666666666666669,16.666666666666668,3.709711353629565,68.6177131895371,1458.6061662813106,72302.05734811476,2948.5142679552077,214370.64926516084,318.4638019753599,Chemical
12.0,3666.6666666666665,0.01,0.2,20.0,3.8430877898689824,68.6177131895371,1397.024645179401,56919.6517439619,2989.347693372913,216506.1329964592,321.63622446163316,Chemical
12.0,3666.6666666666665,0.01,0.23333333333333336,23.333333333333336,3.956182851387193,68.6177131895371,1347.22092612925,46541.113553295305,3021.96797742909,218220.12510563037,324.1824892861953,Chemical
12.0,3666.6666666666665,0.01,0.26666666666666666,26.666666666666664,4.054483234442571,68.6177131895371,1305.6666032657254,39118.51934522413,3048.918030829577,219641.38813659857,326.29388294013387,Chemical
12.0,3666.6666666666665,0.01,0.3,30.0,4.141502218403694,68.6177131895371,1270.1824182923929,33575.64751848833,3071.744141764205,220848.7527667635,328.0875143528806,Chemical
12.0,3666.6666666666665,0.01,0.33333333333333337,33.333333333333336,4.21962710390372,68.6177131895371,1239.334197554235,29296.241007781446,3091.4511043618245,221893.71888783787,329.6398905060225,Chemical
12.0,3666.6666666666665,0.01,0.3666666666666667,36.66666666666667,4.290555185097192,68.6177131895371,1212.1312226821894,25903.61626836475,3108.725697407917,222811.64092141387,331.0035330649811,Chemical
12.0,3666.6666666666665,0.01,0.4,40.0,4.355537019605814,68.6177131895371,1187.8623917638952,23155.377578233125,3124.056412394266,223627.75792489722,332.2159365571428,Chemical
12.0,3833.333333333333,0.01,0.1,10.0,3.336459436476093,67.10944739879729,1723.2214669548612,142430.37665579823,2882.375045511342,207677.63416592914,315.45474012448716,Chemical
12.0,3833.333333333333,0.01,0.13333333333333333,13.333333333333332,3.546756238827447,67.10944739879729,1608.1153409619926,97074.78636328451,2959.9476538615086,211583.75622845028,321.38799685228014,Chemical
12.0,3833.333333333333,0.01,0.16666666666666669,16.666666666666668,3.709711353629565,67.10944739879729,1524.9064465668246,72302.05734811476,3014.781289607732,214370.6492651608,325.62118557373805,Chemical
12.0,3833.333333333333,0.01,0.2,20.0,3.8430877898689824,67.10944739879729,1460.5257654148281,56919.6517439619,3056.5324346768934,216506.13299645917,328.8649073553458,Chemical
12.0,3833.333333333333,0.01,0.23333333333333336,23.333333333333336,3.956182851387193,67.10944739879729,1408.4582409533068,46541.113553295305,3089.8858503625684,218220.12510563037,331.468398759442,Chemical
12.0,3833.333333333333,0.01,0.26666666666666666,26.666666666666664,4.054483234442571,67.10944739879729,1365.0150852323493,39118.51934522413,3117.4415985672613,219641.38813659857,333.62724538673166,Chemical
12.0,3833.333333333333,0.01,0.3,30.0,4.141502218403694,67.10944739879729,1327.9179827602288,33575.64751848833,3140.780719869174,220848.7527667635,335.4611881566106,Chemical
12.0,3833.333333333333,0.01,0.33333333333333337,33.333333333333336,4.21962710390372,67.10944739879729,1295.6675701703366,29296.241007781446,3160.930590860134,221893.71888783787,337.04845352337145,Chemical
12.0,3833.333333333333,0.01,0.3666666666666667,36.66666666666667,4.290555185097192,67.10944739879729,1267.2280964404706,25903.61626836475,3178.5934254839813,222811.64092141387,338.44274356196513,Chemical
12.0,3833.333333333333,0.01,0.4,40.0,4.355537019605814,67.10944739879729,1241.8561368440721,23155.377578233125,3194.268693940188,223627.7579248972,339.6823954786434,Chemical
12.0,4000.0,0.01,0.1,10.0,3.336459436476093,65.69645867991242,1798.1441394311596,142430.37665579823,2944.3686979050904,207677.63416592914,322.2394892277283,Chemical
12.0,4000.0,0.01,0.13333333333333333,13.333333333333332,3.546756238827447,65.69645867991242,1678.0333992646881,97074.78636328451,3023.6097252643744,211583.75622845025,328.3003574735707,Chemical
12.0,4000.0,0.01,0.16666666666666669,16.666666666666668,3.709711353629565,65.69645867991242,1591.206726852339,72302.05734811476,3079.6227139054376,214370.6492651608,332.6245929276611,Chemical
12.0,4000.0,0.01,0.2,20.0,3.8430877898689824,65.69645867991242,1524.0268856502557,56919.6517439619,3122.2718357935732,216506.13299645917,335.93808014833076,Chemical
12.0,4000.0,0.01,0.23333333333333336,23.333333333333336,3.956182851387193,65.69645867991242,1469.6955557773638,46541.113553295305,3156.3426113042233,218220.12510563037,338.5975670209441,Chemical
12.0,4000.0,0.01,0.26666666666666666,26.666666666666664,4.054483234442571,65.69645867991242,1424.3635671989732,39118.51934522413,3184.4910240472495,219641.38813659854,340.80284576940824,Chemical
12.0,4000.0,0.01,0.3,30.0,4.141502218403694,65.69645867991242,1385.6535472280648,33575.64751848833,3208.332119363757,220848.7527667634,342.6762326812849,Chemical
12.0,4000.0,0.01,0.33333333333333337,33.333333333333336,4.21962710390372,65.69645867991242,1352.0009427864384,29296.241007781446,3228.915370493759,221893.71888783784,344.2976366926878,Chemical
12.0,4000.0,0.01,0.3666666666666667,36.66666666666667,4.290555185097192,65.69645867991242,1322.324970198752,25903.61626836475,3246.9580944840727,222811.6409214138,345.7219148940374,Chemical
12.0,4000.0,0.01,0.4,40.0,4.355537019605814,65.69645867991242,1295.8498819242493,23155.377578233125,3262.970504057764,223627.75792489716,346.98822904196544,Chemical
3.0,2500.0,0.01,0.1,10.0,3.922551820933724,6.3975280948406805,613.1534826672761,21919.135538364833,7380.34452192857,49407.874982478024,787.2541637267238,NTP
3.0,2500.0,0.01,0.13333333333333333,13.333333333333332,4.247519607100944,6.3975280948406805,542.5012205889674,14280.182020489034,7517.2518092742985,49995.8539152228,796.6228901322022,NTP
3.0,2500.0,0.01,0.16666666666666669,16.666666666666668,4.507426234878473,6.3975280948406805,493.74150523497593,10270.224873278366,7610.300271794585,50398.813944525915,803.0435662085731,NTP
3.0,2500.0,0.01,0.2,20.0,4.7254886296500995,6.3975280948406805,457.3687872634941,7857.132114232599,7678.976354259561,50697.89338883932,807.8090319952378,NTP
3.0,2500.0,0.01,0.23333333333333336,23.333333333333336,4.914189225811574,6.3975280948406805,428.82741530205556,6270.759181765922,7732.438824527502,50931.67176396359,811.5340049731511,NTP
3.0,2500.0,0.01,0.26666666666666666,26.666666666666664,5.0810556816992065,6.3975280948406805,405.61860502716223,5161.1176520797635,7775.641588324135,51121.18355726987,814.5536440166962,NTP
3.0,2500.0,0.01,0.3,30.0,5.23099666718678,6.3975280948406805,386.2396574743378,4348.407597154782,7811.532088395389,51279.01827840543,817.0685475910491,NTP
3.0,2500.0,0.01,0.33333333333333337,33.333333333333336,5.367400439844587,6.3975280948406805,369.7241748747047,3731.67397477739,7841.989704132301,51413.24077656355,819.2072192213966,NTP
3.0,2500.0,0.01,0.3666666666666667,36.66666666666667,5.492709440634595,6.3975280948406805,355.4179933194325,3250.2679186527766,7868.277662160546,51529.29230518546,821.0563586378732,NTP
3.0,2500.0,0.01,0.4,40.0,5.608745569976547,6.3975280948406805,342.86002489950187,2865.7625802350963,7891.281062109067,51630.997331221,822.6769040518748,NTP
3.0,2666.6666666666665,0.01,0.1,10.0,3.922551820933724,6.194379942053006,654.0303815117611,21919.135538364833,7622.387046053998,49407.87498247804,813.0726040922797,NTP
3.0,2666.6666666666665,0.01,0.13333333333333333,13.333333333333332,4.247519607100944,6.194379942053006,578.6679686282318,14280.182020489034,7763.784284417848,49995.8539152228,822.7485831172372,NTP
3.0,2666.6666666666665,0.01,0.16666666666666669,16.666666666666668,4.507426234878473,6.194379942053006,526.6576055839743,10270.224873278366,7859.884323279521,50398.813944525915,829.3798288546177,NTP
3.0,2666.6666666666665,0.01,0.2,20.0,4.7254886296500995,6.194379942053006,487.860039747727,7857.132114232599,7930.812676258087,50697.89338883933,834.3015807555975,NTP
3.0,2666.6666666666665,0.01,0.23333333333333336,23.333333333333336,4.914189225811574,6.194379942053006,457.4159096555259,6270.759181765922,7986.0284781233795,50931.6717639636,838.148716304539,NTP
3.0,2666.6666666666665,0.01,0.26666666666666666,26.666666666666664,5.0810556816992065,6.194379942053006,432.6598453623064,5161.1176520797635,8030.648100708577,51121.18355726988,841.2673860984611,NTP
3.0,2666.6666666666665,0.01,0.3,30.0,5.23099666718678,6.194379942053006,411.98896797262694,4348.407597154782,8067.7156497920505,51279.01827840544,843.8647673413375,NTP
3.0,2666.6666666666665,0.01,0.33333333333333337,33.333333333333336,5.367400439844587,6.194379942053006,394.372453199685,3731.67397477739,8099.172140062516,51413.240776563565,846.0735779032955,NTP
3.0,2666.6666666666665,0.01,0.3666666666666667,36.66666666666667,5.492709440634595,6.194379942053006,379.1125262073947,3250.2679186527766,8126.322226368967,51529.292305185474,847.9833608805834,NTP
3.0,2666.6666666666665,0.01,0.4,40.0,5.608745569976547,6.194379942053006,365.717359892802,2865.7625802350963,8150.080035677437,51630.997331221,849.6570529873034,NTP
3.0,2833.3333333333335,0.01,0.1,10.0,3.922551820933724,6.009431243833399,694.9072803562462,21919.135538364833,7856.976727555107,49407.87498247804,838.0960569921199,NTP
3.0,2833.3333333333335,0.01,0.13333333333333333,13.333333333333332,4.247519607100944,6.009431243833399,614.8347166674964,14280.182020489034,8002.725664791303,49995.8539152228,848.06982787991,NTP
3.0,2833.3333333333335,0.01,0.16666666666666669,16.666666666666668,4.507426234878473,6.009431243833399,559.5737059329728,10270.224873278366,8101.783317504463,50398.81394452592,854.9051595310718,NTP
3.0,2833.3333333333335,0.01,0.2,20.0,4.7254886296500995,6.009431243833399,518.35129223196,7857.132114232599,8174.894590299893,50697.89338883933,859.9783852687777,NTP
3.0,2833.3333333333335,0.01,0.23333333333333336,23.333333333333336,4.914189225811574,6.009431243833399,486.0044040089963,6270.759181765922,8231.809736123338,50931.6717639636,863.9439218248664,NTP
3.0,2833.3333333333335,0.01,0.26666666666666666,26.666666666666664,5.0810556816992065,6.009431243833399,459.7010856974506,5161.1176520797635,8277.80259034683,51121.183557269884,867.1585730678075,NTP
3.0,2833.3333333333335,0.01,0.3,30.0,5.23099666718678,6.009431243833399,437.73827847091616,4348.407597154782,8316.01094538531,51279.018278405434,869.8358923714017,NTP
3.0,2833.3333333333335,0.01,0.33333333333333337,33.333333333333336,5.367400439844587,6.009431243833399,419.0207315246654,3731.67397477739,8348.435553384397,51413.240776563565,872.112682184885,NTP
3.0,2833.3333333333335,0.01,0.3666666666666667,36.66666666666667,5.492709440634595,6.009431243833399,402.80705909535686,3250.2679186527766,8376.421221780929,51529.29230518547,874.081241419226,NTP
3.0,2833.3333333333335,0.01,0.4,40.0,5.608745569976547,6.009431243833399,388.5746948861021,2865.7625802350963,8400.910211083956,51630.997331221,875.8064437544183,NTP
3.0,3000.0,0.01,0.1,10.0,3.922551820933724,5.840117416362151,735.7841792007313,21919.135538364833,8084.76235363992,49407.87498247804,862.3937279259841,NTP
3.0,3000.0,0.01,0.13333333333333333,13.333333333333332,4.247519607100944,5.840117416362151,651.0014647067609,14280.182020489034,8234.73677277211,49995.85391522279,872.6566535007333,NTP
3.0,3000.0,0.01,0.16666666666666669,16.666666666666668,4.507426234878473,5.840117416362151,592.4898062819711,10270.224873278366,8336.666256499182,50398.81394452592,879.6901517436578,NTP
3.0,3000.0,0.01,0.2,20.0,4.7254886296500995,5.840117416362151,548.842544716193,7857.132114232599,8411.897135553487,50697.89338883933,884.9104579604085,NTP
3.0,3000.0,0.01,0.23333333333333336,23.333333333333336,4.914189225811574,5.840117416362151,514.5928983624667,6270.759181765922,8470.46233744489,50931.6717639636,888.9909614126091,NTP
3.0,3000.0,0.01,0.26666666666666666,26.666666666666664,5.0810556816992065,5.840117416362151,486.7423260325947,5161.1176520797635,8517.788594000855,51121.18355726988,892.298810251955,NTP
3.0,3000.0,0.01,0.3,30.0,5.23099666718678,5.840117416362151,463.4875889692053,4348.407597154782,8557.104666979187,51279.01827840543,895.0537490872018,NTP
3.0,3000.0,0.01,0.33333333333333337,33.333333333333336,5.367400439844587,5.840117416362151,443.6690098496457,3731.67397477739,8590.469313353049,51413.24077656355,897.3965464772773,NTP
3.0,3000.0,0.01,0.3666666666666667,36.66666666666667,5.492709440634595,5.840117416362151,426.50159198331903,3250.2679186527766,8619.266328558688,51529.29230518547,899.4221772180298,NTP
3.0,3000.0,0.01,0.4,40.0,5.608745569976547,5.840117416362151,411.43202987940225,2865.7625802350963,8644.465290660923,51630.997331221,901.19739577545,NTP
3.0,3166.6666666666665,0.01,0.1,10.0,3.922551820933724,5.684352881116713,776.6610780452164,21919.135538364833,8306.303710575723,49407.874982478046,886.0253287499256,NTP
3.0,3166.6666666666665,0.01,0.13333333333333333,13.333333333333332,4.247519607100944,5.684352881116713,687.1682127460253,14280.182020489034,8460.38777880666,49995.853915222804,896.5694824373279,NTP
3.0,3166.6666666666665,0.01,0.16666666666666669,16.666666666666668,4.507426234878473,5.684352881116713,625.4059066309695,10270.224873278366,8565.110368273752,50398.81394452593,903.7957149470847,NTP
3.0,3166.6666666666665,0.01,0.2,20.0,4.7254886296500995,5.684352881116713,579.3337972004258,7857.132114232599,8642.40274899009,50697.89338883934,909.159069737472,NTP
3.0,3166.6666666666665,0.01,0.23333333333333336,23.333333333333336,4.914189225811574,5.684352881116713,543.181392715937,6270.759181765922,8702.572774094433,50931.671763963604,913.3513885074567,NTP
3.0,3166.6666666666665,0.01,0.26666666666666666,26.666666666666664,5.0810556816992065,5.684352881116713,513.7835663677388,5161.1176520797635,8751.195880531382,51121.183557269884,916.7498801249516,NTP
3.0,3166.6666666666665,0.01,0.3,30.0,5.23099666718678,5.684352881116713,489.2368994674945,4348.407597154782,8791.58930566628,51279.01827840544,919.580310713838,NTP
3.0,3166.6666666666665,0.01,0.33333333333333337,33.333333333333336,5.367400439844587,5.684352881116713,468.31728817462596,3731.67397477739,8825.868221218137,51413.24077656356,921.9873062200879,NTP
3.0,3166.6666666666665,0.01,0.3666666666666667,36.66666666666667,5.492709440634595,5.684352881116713,450.1961248712812,3250.2679186527766,8855.454341847695,51529.292305185474,924.0684439706112,NTP
3.0,3166.6666666666665,0.01,0.4,40.0,5.608745569976547,5.684352881116713,434.2893648727024,2865.7625802350963,8881.343814321579,51630.997331221006,925.8923076595597,NTP
3.0,3333.333333333333,0.01,0.1,10.0,3.922551820933724,5.540421851556692,817.5379768897014,21919.135538364833,8522.087792895281,49407.874982478046,909.0428066965555,NTP
3.0,3333.333333333333,0.01,0.13333333333333333,13.333333333333332,4.247519607100944,5.540421851556692,723.3349607852898,14280.182020489034,8680.174711301435,49995.85391522281,919.8608801208892,NTP
3.0,3333.333333333333,0.01,0.16666666666666669,16.666666666666668,4.507426234878473,5.540421851556692,658.3220069799678,10270.224873278366,8787.61782106897,50398.81394452592,927.2748382430334,NTP
3.0,3333.333333333333,0.01,0.2,20.0,4.7254886296500995,5.540421851556692,609.8250496846588,7857.132114232599,8866.918130465057,50697.89338883934,932.7775241525231,NTP
3.0,3333.333333333333,0.01,0.23333333333333336,23.333333333333336,4.914189225811574,5.540421851556692,571.7698870694073,6270.759181765922,8928.651273666534,50931.6717639636,937.0787524555676,NTP
3.0,3333.333333333333,0.01,0.26666666666666666,26.666666666666664,5.0810556816992065,5.540421851556692,540.8248067028829,5161.1176520797635,8978.537528281977,51121.18355726988,940.5655312848602,NTP
3.0,3333.333333333333,0.01,0.3,30.0,5.23099666718678,5.540421851556692,514.9862099657836,4348.407597154782,9019.980308036955,51279.01827840544,943.4694917961375,NTP
3.0,3333.333333333333,0.01,0.33333333333333337,33.333333333333336,5.367400439844587,5.540421851556692,492.96556649960627,3731.67397477739,9055.149733326116,51413.240776563565,945.9390170791163,NTP
3.0,3333.333333333333,0.01,0.3666666666666667,36.66666666666667,5.492709440634595,5.540421851556692,473.8906577592433,3250.2679186527766,9085.504452614221,51529.29230518547,948.07421935886,NTP
3.0,3333.333333333333,0.01,0.4,40.0,5.608745569976547,5.540421851556692,457.14669986600245,2865.7625802350963,9112.066490919331,51630.997331221006,949.9454640208755,NTP
3.0,3500.0,0.01,0.1,10.0,3.922551820933724,5.4068980890998235,858.4148757341866,21919.135538364833,8732.541403698324,49407.874982478046,931.4916884369333,NTP
3.0,3500.0,0.01,0.13333333333333333,13.333333333333332,4.247519607100944,5.4068980890998235,759.5017088245544,14280.182020489034,8894.532290663336,49995.8539152228,942.5769150131013,NTP
3.0,3500.0,0.01,0.16666666666666669,16.666666666666668,4.507426234878473,5.4068980890998235,691.2381073289663,10270.224873278366,9004.628716256291,50398.81394452593,950.1739613989514,NTP
3.0,3500.0,0.01,0.2,20.0,4.7254886296500995,5.4068980890998235,640.3163021688918,7857.132114232599,9085.887352866997,50697.89338883934,955.8125365584594,NTP
3.0,3500.0,0.01,0.23333333333333336,23.333333333333336,4.914189225811574,5.4068980890998235,600.3583814228778,6270.759181765922,9149.145000768343,50931.671763963604,960.2199840239044,NTP
3.0,3500.0,0.01,0.26666666666666666,26.666666666666664,5.0810556816992065,5.4068980890998235,567.8660470380272,5161.1176520797635,9200.263200262601,51121.18355726989,963.7928691234597,NTP
3.0,3500.0,0.01,0.3,30.0,5.23099666718678,5.4068980890998235,540.7355204640728,4348.407597154782,9242.729412637977,51279.01827840544,966.7685431619943,NTP
3.0,3500.0,0.01,0.33333333333333337,33.333333333333336,5.367400439844587,5.4068980890998235,517.6138448245866,3731.67397477739,9278.76734957849,51413.240776563565,969.299053560992,NTP
3.0,3500.0,0.01,0.3666666666666667,36.66666666666667,5.492709440634595,5.4068980890998235,497.58519064720554,3250.2679186527766,9309.871680984463,51529.29230518547,971.4869848245818,NTP
3.0,3500.0,0.01,0.4,40.0,5.608745569976547,5.4068980890998235,480.00403485930264,2865.7625802350963,9337.089670860063,51630.99733122101,973.4044400168557,NTP
3.0,3666.6666666666665,0.01,0.1,10.0,3.922551820933724,5.282584964098103,899.2917745786716,21919.135538364833,8938.041082071408,49407.87498247804,953.412139028776,NTP
3.0,3666.6666666666665,0.01,0.13333333333333333,13.333333333333332,4.247519607100944,5.282584964098103,795.6684568638188,14280.182020489034,9103.844040875734,49995.853915222804,964.7582301563715,NTP
3.0,3666.6666666666665,0.01,0.16666666666666669,16.666666666666668,4.507426234878473,5.282584964098103,724.1542076779647,10270.224873278366,9216.531325074844,50398.81394452592,972.5340550348394,NTP
3.0,3666.6666666666665,0.01,0.2,20.0,4.7254886296500995,5.282584964098103,670.8075546531246,7857.132114232599,9299.70219123209,50697.89338883934,978.3053207054135,NTP
3.0,3666.6666666666665,0.01,0.23333333333333336,23.333333333333336,4.914189225811574,5.282584964098103,628.9468757763481,6270.759181765922,9364.448458047154,50931.671763963604,982.8164870076465,NTP
3.0,3666.6666666666665,0.01,0.26666666666666666,26.666666666666664,5.0810556816992065,5.282584964098103,594.9072873731712,5161.1176520797635,9416.7696032899,51121.183557269884,986.4734514954209,NTP
3.0,3666.6666666666665,0.01,0.3,30.0,5.23099666718678,5.282584964098103,566.484830962362,4348.407597154782,9460.235157389689,51279.01827840545,989.5191509743853,NTP
3.0,3666.6666666666665,0.01,0.33333333333333337,33.333333333333336,5.367400439844587,5.282584964098103,542.262123149567,3731.67397477739,9497.121161818019,51413.240776563565,992.1092109419532,NTP
3.0,3666.6666666666665,0.01,0.3666666666666667,36.66666666666667,5.492709440634595,5.282584964098103,521.2797235351677,3250.2679186527766,9528.957459991105,51529.292305185474,994.3486299855816,NTP
3.0,3666.6666666666665,0.01,0.4,40.0,5.608745569976547,5.282584964098103,502.8613698526027,2865.7625802350963,9556.815960790938,51630.99733122101,996.3112079441946,NTP
3.0,3833.333333333333,0.01,0.1,10.0,3.922551820933724,5.1664700162563175,940.1686734231566,21919.135538364833,9138.921019589074,49407.874982478046,974.8398063619294,NTP
3.0,3833.333333333333,0.01,0.13333333333333333,13.333333333333332,4.247519607100944,5.1664700162563175,831.8352049030832,14280.182020489034,9308.45035285275,49995.853915222804,986.4408976686303,NTP
3.0,3833.333333333333,0.01,0.16666666666666669,16.666666666666668,4.507426234878473,5.1664700162563175,757.0703080269631,10270.224873278366,9423.670251793848,50398.81394452593,994.3914820051712,NTP
3.0,3833.333333333333,0.01,0.2,20.0,4.7254886296500995,5.1664700162563175,701.2988071373576,7857.132114232599,9508.710359571662,50697.89338883934,1000.2924552343318,NTP
3.0,3833.333333333333,0.01,0.23333333333333336,23.333333333333336,4.914189225811574,5.1664700162563175,657.5353701298185,6270.759181765922,9574.911780364302,50931.671763963604,1004.9050087193494,NTP
3.0,3833.333333333333,0.01,0.26666666666666666,26.666666666666664,5.0810556816992065,5.1664700162563175,621.9485277083154,5161.1176520797635,9628.408828502403,51121.183557269884,1008.6441624464732,NTP
3.0,3833.333333333333,0.01,0.3,30.0,5.23099666718678,5.1664700162563175,592.2341414606511,4348.407597154782,9672.851258599017,51279.01827840544,1011.758313157135,NTP
3.0,3833.333333333333,0.01,0.33333333333333337,33.333333333333336,5.367400439844587,5.1664700162563175,566.9104014745473,3731.67397477739,9710.566265511989,51413.240776563565,1014.4065839876511,NTP
3.0,3833.333333333333,0.01,0.3666666666666667,36.66666666666667,5.492709440634595,5.1664700162563175,544.9742564231299,3250.2679186527766,9743.118075454273,51529.292305185474,1016.6963333389419,NTP
3.0,3833.333333333333,0.01,0.4,40.0,5.608745569976547,5.1664700162563175,525.7187048459028,2865.7625802350963,9771.602688155877,51630.99733122101,1018.7030196803739,NTP
3.0,4000.0,0.01,0.1,10.0,3.922551820933724,5.057690043653565,981.0455722676418,21919.135538364833,9335.47944241632,49407.87498247804,995.8065019310235,NTP
3.0,4000.0,0.01,0.13333333333333333,13.333333333333332,4.247519607100944,5.057690043653565,868.0019529423478,14280.182020489034,9508.654984931378,49995.853915222804,1007.6571076175329,NTP
3.0,4000.0,0.01,0.16666666666666669,16.666666666666668,4.507426234878473,5.057690043653565,789.9864083759614,10270.224873278366,9626.353014667744,50398.81394452592,1015.7786918253271,NTP
3.0,4000.0,0.01,0.2,20.0,4.7254886296500995,5.057690043653565,731.7900596215906,7857.132114232599,9713.222151214495,50697.89338883934,1021.8065822243138,NTP
3.0,4000.0,0.01,0.23333333333333336,23.333333333333336,4.914189225811574,5.057690043653565,686.1238644832889,6270.759181765922,9780.847421368786,50931.671763963604,1026.5183417574283,NTP
3.0,4000.0,0.01,0.26666666666666666,26.666666666666664,5.0810556816992065,5.057690043653565,648.9897680434597,5161.1176520797635,9835.495075293435,51121.183557269884,1030.3379165930983,NTP
3.0,4000.0,0.01,0.3,30.0,5.23099666718678,5.057690043653565,617.9834519589403,4348.407597154782,9880.893365928474,51279.01827840544,1033.5190459493597,NTP
3.0,4000.0,0.01,0.33333333333333337,33.333333333333336,5.367400439844587,5.057690043653565,591.5586797995276,3731.67397477739,9919.419541059206,51413.24077656356,1036.224275356993,NTP
3.0,4000.0,0.01,0.3666666666666667,36.66666666666667,5.492709440634595,5.057690043653565,568.668789311092,3250.2679186527766,9952.67147002087,51529.29230518547,1038.5632722638975,NTP
3.0,4000.0,0.01,0.4,40.0,5.608745569976547,5.057690043653565,548.576039839203,2865.7625802350963,9981.76872512692,51630.997331221,1040.6131180878913,NTP
4.0,2500.0,0.01,0.1,10.0,3.922551820933724,8.530037459787575,613.1534826672761,29225.51405115311,7380.34452192857,65877.16664330404,787.2541637267237,NTP
4.0,2500.0,0.01,0.13333333333333333,13.333333333333332,4.247519607100944,8.530037459787575,542.5012205889674,19040.24269398538,7517.2518092742985,66661.1385536304,796.6228901322022,NTP
4.0,2500.0,0.01,0.16666666666666669,16.666666666666668,4.507426234878473,8.530037459787575,493.74150523497593,13693.633164371155,7610.300271794585,67198.41859270123,803.0435662085731,NTP
4.0,2500.0,0.01,0.2,20.0,4.7254886296500995,8.530037459787575,457.3687872634941,10476.176152310132,7678.976354259561,67597.19118511911,807.8090319952379,NTP
4.0,2500.0,0.01,0.23333333333333336,23.333333333333336,4.914189225811574,8.530037459787575,428.82741530205556,8361.012242354564,7732.438824527502,67908.89568528479,811.534004973151,NTP
4.0,2500.0,0.01,0.26666666666666666,26.666666666666664,5.0810556816992065,8.530037459787575,405.61860502716223,6881.490202773019,7775.641588324135,68161.57807635984,814.5536440166964,NTP
4.0,2500.0,0.01,0.3,30.0,5.23099666718678,8.530037459787575,386.2396574743378,5797.876796206377,7811.532088395389,68372.02437120724,817.0685475910491,NTP
4.0,2500.0,0.01,0.33333333333333337,33.333333333333336,5.367400439844587,8.530037459787575,369.7241748747047,4975.565299703187,7841.989704132301,68550.98770208475,819.2072192213967,NTP
4.0,2500.0,0.01,0.3666666666666667,36.66666666666667,5.492709440634595,8.530037459787575,355.4179933194325,4333.6905582037025,7868.277662160546,68705.72307358062,821.0563586378732,NTP
4.0,2500.0,0.01,0.4,40.0,5.608745569976547,8.530037459787575,342.86002489950187,3821.0167736467947,7891.281062109067,68841.32977496134,822.6769040518748,NTP
4.0,2666.6666666666665,0.01,0.1,10.0,3.922551820933724,8.259173256070675,654.0303815117611,29225.51405115311,7622.387046053998,65877.16664330404,813.0726040922796,NTP
4.0,2666.6666666666665,0.01,0.13333333333333333,13.333333333333332,4.247519607100944,8.259173256070675,578.6679686282318,19040.24269398538,7763.784284417848,66661.1385536304,822.7485831172373,NTP
4.0,2666.6666666666665,0.01,0.16666666666666669,16.666666666666668,4.507426234878473,8.259173256070675,526.6576055839743,13693.633164371155,7859.884323279521,67198.41859270123,829.3798288546179,NTP
4.0,2666.6666666666665,0.01,0.2,20.0,4.7254886296500995,8.259173256070675,487.860039747727,10476.176152310132,7930.812676258087,67597.19118511911,834.3015807555976,NTP
4.0,2666.6666666666665,0.01,0.23333333333333336,23.333333333333336,4.914189225811574,8.259173256070675,457.4159096555259,8361.012242354564,7986.0284781233795,67908.8956852848,838.1487163045391,NTP
4.0,2666.6666666666665,0.01,0.26666666666666666,26.666666666666664,5.0810556816992065,8.259173256070675,432.6598453623064,6881.490202773019,8030.648100708577,68161.57807635984,841.2673860984613,NTP
4.0,2666.6666666666665,0.01,0.3,30.0,5.23099666718678,8.259173256070675,411.98896797262694,5797.876796206377,8067.7156497920505,68372.02437120726,843.8647673413376,NTP
4.0,2666.6666666666665,0.01,0.33333333333333337,33.333333333333336,5.367400439844587,8.259173256070675,394.372453199685,4975.565299703187,8099.172140062516,68550.98770208475,846.0735779032955,NTP
4.0,2666.6666666666665,0.01,0.3666666666666667,36.66666666666667,5.492709440634595,8.259173256070675,379.1125262073947,4333.6905582037025,8126.322226368967,68705.72307358062,847.9833608805833,NTP
4.0,2666.6666666666665,0.01,0.4,40.0,5.608745569976547,8.259173256070675,365.717359892802,3821.0167736467947,8150.080035677437,68841.32977496134,849.6570529873035,NTP
4.0,2833.3333333333335,0.01,0.1,10.0,3.922551820933724,8.012574991777866,694.9072803562462,29225.51405115311,7856.976727555107,65877.16664330405,838.0960569921198,NTP
4.0,2833.3333333333335,0.01,0.13333333333333333,13.333333333333332,4.247519607100944,8.012574991777866,614.8347166674964,19040.24269398538,8002.725664791303,66661.1385536304,848.06982787991,NTP
4.0,2833.3333333333335,0.01,0.16666666666666669,16.666666666666668,4.507426234878473,8.012574991777866,559.5737059329728,13693.633164371155,8101.783317504463,67198.41859270124,854.905159531072,NTP
4.0,2833.3333333333335,0.01,0.2,20.0,4.7254886296500995,8.012574991777866,518.35129223196,10476.176152310132,8174.894590299893,67597.19118511911,859.9783852687776,NTP
4.0,2833.3333333333335,0.01,0.23333333333333336,23.333333333333336,4.914189225811574,8.012574991777866,486.0044040089963,8361.012242354564,8231.809736123338,67908.8956852848,863.9439218248664,NTP
4.0,2833.3333333333335,0.01,0.26666666666666666,26.666666666666664,5.0810556816992065,8.012574991777866,459.7010856974506,6881.490202773019,8277.80259034683,68161.57807635984,867.1585730678074,NTP
4.0,2833.3333333333335,0.01,0.3,30.0,5.23099666718678,8.012574991777866,437.73827847091616,5797.876796206377,8316.01094538531,68372.02437120724,869.8358923714015,NTP
4.0,2833.3333333333335,0.01,0.33333333333333337,33.333333333333336,5.367400439844587,8.012574991777866,419.0207315246654,4975.565299703187,8348.435553384397,68550.98770208476,872.112682184885,NTP
4.0,2833.3333333333335,0.01,0.3666666666666667,36.66666666666667,5.492709440634595,8.012574991777866,402.80705909535686,4333.6905582037025,8376.421221780929,68705.72307358062,874.0812414192259,NTP
4.0,2833.3333333333335,0.01,0.4,40.0,5.608745569976547,8.012574991777866,388.5746948861021,3821.0167736467947,8400.910211083956,68841.32977496134,875.8064437544183,NTP
4.0,3000.0,0.01,0.1,10.0,3.922551820933724,7.786823221816203,735.7841792007313,29225.51405115311,8084.76235363992,65877.16664330405,862.393727925984,NTP
4.0,3000.0,0.01,0.13333333333333333,13.333333333333332,4.247519607100944,7.786823221816203,651.0014647067609,19040.24269398538,8234.73677277211,66661.1385536304,872.6566535007333,NTP
4.0,3000.0,0.01,0.16666666666666669,16.666666666666668,4.507426234878473,7.786823221816203,592.4898062819711,13693.633164371155,8336.666256499182,67198.41859270124,879.6901517436579,NTP
4.0,3000.0,0.01,0.2,20.0,4.7254886296500995,7.786823221816203,548.842544716193,10476.176152310132,8411.897135553487,67597.19118511911,884.9104579604084,NTP
4.0,3000.0,0.01,0.23333333333333336,23.333333333333336,4.914189225811574,7.786823221816203,514.5928983624667,8361.012242354564,8470.46233744489,67908.8956852848,888.9909614126091,NTP
4.0,3000.0,0.01,0.26666666666666666,26.666666666666664,5.0810556816992065,7.786823221816203,486.7423260325947,6881.490202773019,8517.788594000855,68161.57807635984,892.298810251955,NTP
4.0,3000.0,0.01,0.3,30.0,5.23099666718678,7.786823221816203,463.4875889692053,5797.876796206377,8557.104666979187,68372.02437120724,895.0537490872017,NTP
4.0,3000.0,0.01,0.33333333333333337,33.333333333333336,5.367400439844587,7.786823221816203,443.6690098496457,4975.565299703187,8590.469313353049,68550.98770208475,897.3965464772773,NTP
4.0,3000.0,0.01,0.3666666666666667,36.66666666666667,5.492709440634595,7.786823221816203,426.50159198331903,4333.6905582037025,8619.266328558688,68705.72307358064,899.4221772180298,NTP
4.0,3000.0,0.01,0.4,40.0,5.608745569976547,7.786823221816203,411.43202987940225,3821.0167736467947,8644.465290660923,68841.32977496134,901.1973957754499,NTP
4.0,3166.6666666666665,0.01,0.1,10.0,3.922551820933724,7.579137174822285,776.6610780452164,29225.51405115311,8306.303710575723,65877.16664330405,886.0253287499255,NTP
4.0,3166.6666666666665,0.01,0.13333333333333333,13.333333333333332,4.247519607100944,7.579137174822285,687.1682127460253,19040.24269398538,8460.38777880666,66661.13855363042,896.5694824373279,NTP
4.0,3166.6666666666665,0.01,0.16666666666666669,16.666666666666668,4.507426234878473,7.579137174822285,625.4059066309695,13693.633164371155,8565.110368273752,67198.41859270124,903.7957149470847,NTP
4.0,3166.6666666666665,0.01,0.2,20.0,4.7254886296500995,7.579137174822285,579.3337972004258,10476.176152310132,8642.40274899009,67597.19118511911,909.1590697374719,NTP
4.0,3166.6666666666665,0.01,0.23333333333333336,23.333333333333336,4.914189225811574,7.579137174822285,543.181392715937,8361.012242354564,8702.572774094433,67908.8956852848,913.3513885074567,NTP
4.0,3166.6666666666665,0.01,0.26666666666666666,26.666666666666664,5.0810556816992065,7.579137174822285,513.7835663677388,6881.490202773019,8751.195880531382,68161.57807635984,916.7498801249515,NTP
4.0,3166.6666666666665,0.01,0.3,30.0,5.23099666718678,7.579137174822285,489.2368994674945,5797.876796206377,8791.58930566628,68372.02437120726,919.580310713838,NTP
4.0,3166.6666666666665,0.01,0.33333333333333337,33.333333333333336,5.367400439844587,7.579137174822285,468.31728817462596,4975.565299703187,8825.868221218137,68550.98770208475,921.9873062200879,NTP
4.0,3166.6666666666665,0.01,0.3666666666666667,36.66666666666667,5.492709440634595,7.579137174822285,450.1961248712812,4333.6905582037025,8855.454341847695,68705.72307358064,924.0684439706112,NTP
4.0,3166.6666666666665,0.01,0.4,40.0,5.608745569976547,7.579137174822285,434.2893648727024,3821.0167736467947,8881.343814321579,68841.32977496136,925.8923076595598,NTP
4.0,3333.333333333333,0.01,0.1,10.0,3.922551820933724,7.387229135408922,817.5379768897014,29225.51405115311,8522.087792895281,65877.16664330405,909.0428066965557,NTP
4.0,3333.333333333333,0.01,0.13333333333333333,13.333333333333332,4.247519607100944,7.387229135408922,723.3349607852898,19040.24269398538,8680.174711301435,66661.1385536304,919.8608801208892,NTP
4.0,3333.333333333333,0.01,0.16666666666666669,16.666666666666668,4.507426234878473,7.387229135408922,658.3220069799678,13693.633164371155,8787.61782106897,67198.41859270123,927.2748382430336,NTP
4.0,3333.333333333333,0.01,0.2,20.0,4.7254886296500995,7.387229135408922,609.8250496846588,10476.176152310132,8866.918130465057,67597.19118511911,932.7775241525233,NTP
4.0,3333.333333333333,0.01,0.23333333333333336,23.333333333333336,4.914189225811574,7.387229135408922,571.7698870694073,8361.012242354564,8928.651273666534,67908.89568528479,937.0787524555677,NTP
4.0,3333.333333333333,0.01,0.26666666666666666,26.666666666666664,5.0810556816992065,7.387229135408922,540.8248067028829,6881.490202773019,8978.537528281977,68161.57807635983,940.5655312848603,NTP
4.0,3333.333333333333,0.01,0.3,30.0,5.23099666718678,7.387229135408922,514.9862099657836,5797.876796206377,9019.980308036955,68372.02437120724,943.4694917961375,NTP
4.0,3333.333333333333,0.01,0.33333333333333337,33.333333333333336,5.367400439844587,7.387229135408922,492.96556649960627,4975.565299703187,9055.149733326116,68550.98770208475,945.9390170791164,NTP
4.0,3333.333333333333,0.01,0.3666666666666667,36.66666666666667,5.492709440634595,7.387229135408922,473.8906577592433,4333.6905582037025,9085.504452614221,68705.72307358062,948.0742193588602,NTP
4.0,3333.333333333333,0.01,0.4,40.0,5.608745569976547,7.387229135408922,457.14669986600245,3821.0167736467947,9112.066490919331,68841.32977496134,949.9454640208756,NTP
4.0,3500.0,0.01,0.1,10.0,3.922551820933724,7.209197452133098,858.4148757341866,29225.51405115311,8732.541403698324,65877.16664330405,931.4916884369331,NTP
4.0,3500.0,0.01,0.13333333333333333,13.333333333333332,4.247519607100944,7.209197452133098,759.5017088245544,19040.24269398538,8894.532290663336,66661.1385536304,942.5769150131014,NTP
4.0,3500.0,0.01,0.16666666666666669,16.666666666666668,4.507426234878473,7.209197452133098,691.2381073289663,13693.633164371155,9004.628716256291,67198.41859270124,950.1739613989516,NTP
4.0,3500.0,0.01,0.2,20.0,4.7254886296500995,7.209197452133098,640.3163021688918,10476.176152310132,9085.887352866997,67597.19118511913,955.8125365584596,NTP
4.0,3500.0,0.01,0.23333333333333336,23.333333333333336,4.914189225811574,7.209197452133098,600.3583814228778,8361.012242354564,9149.145000768343,67908.8956852848,960.2199840239044,NTP
4.0,3500.0,0.01,0.26666666666666666,26.666666666666664,5.0810556816992065,7.209197452133098,567.8660470380272,6881.490202773019,9200.263200262601,68161.57807635984,963.7928691234596,NTP
4.0,3500.0,0.01,0.3,30.0,5.23099666718678,7.209197452133098,540.7355204640728,5797.876796206377,9242.729412637977,68372.02437120726,966.7685431619944,NTP
4.0,3500.0,0.01,0.33333333333333337,33.333333333333336,5.367400439844587,7.209197452133098,517.6138448245866,4975.565299703187,9278.76734957849,68550.98770208475,969.2990535609919,NTP
4.0,3500.0,0.01,0.3666666666666667,36.66666666666667,5.492709440634595,7.209197452133098,497.58519064720554,4333.6905582037025,9309.871680984463,68705.72307358062,971.4869848245818,NTP
4.0,3500.0,0.01,0.4,40.0,5.608745569976547,7.209197452133098,480.00403485930264,3821.0167736467947,9337.089670860063,68841.32977496136,973.4044400168558,NTP
4.0,3666.6666666666665,0.01,0.1,10.0,3.922551820933724,7.04344661879747,899.2917745786716,29225.51405115311,8938.041082071408,65877.16664330405,953.4121390287761,NTP
4.0,3666.6666666666665,0.01,0.13333333333333333,13.333333333333332,4.247519607100944,7.04344661879747,795.6684568638188,19040.24269398538,9103.844040875734,66661.1385536304,964.7582301563716,NTP
4.0,3666.6666666666665,0.01,0.16666666666666669,16.666666666666668,4.507426234878473,7.04344661879747,724.1542076779647,13693.633164371155,9216.531325074844,67198.41859270123,972.5340550348395,NTP
4.0,3666.6666666666665,0.01,0.2,20.0,4.7254886296500995,7.04344661879747,670.8075546531246,10476.176152310132,9299.70219123209,67597.19118511911,978.3053207054136,NTP
4.0,3666.6666666666665,0.01,0.23333333333333336,23.333333333333336,4.914189225811574,7.04344661879747,628.9468757763481,8361.012242354564,9364.448458047154,67908.8956852848,982.8164870076467,NTP
4.0,3666.6666666666665,0.01,0.26666666666666666,26.666666666666664,5.0810556816992065,7.04344661879747,594.9072873731712,6881.490202773019,9416.7696032899,68161.57807635984,986.473451495421,NTP
4.0,3666.6666666666665,0.01,0.3,30.0,5.23099666718678,7.04344661879747,566.484830962362,5797.876796206377,9460.235157389689,68372.02437120726,989.5191509743853,NTP
4.0,3666.6666666666665,0.01,0.33333333333333337,33.333333333333336,5.367400439844587,7.04344661879747,542.262123149567,4975.565299703187,9497.121161818019,68550.98770208475,992.1092109419533,NTP
4.0,3666.6666666666665,0.01,0.3666666666666667,36.66666666666667,5.492709440634595,7.04344661879747,521.2797235351677,4333.6905582037025,9528.957459991105,68705.72307358062,994.3486299855816,NTP
4.0,3666.6666666666665,0.01,0.4,40.0,5.608745569976547,7.04344661879747,502.8613698526027,3821.0167736467947,9556.815960790938,68841.32977496134,996.3112079441946,NTP
4.0,3833.333333333333,0.01,0.1,10.0,3.922551820933724,6.8886266883417555,940.1686734231566,29225.51405115311,9138.921019589074,65877.16664330405,974.8398063619295,NTP
4.0,3833.333333333333,0.01,0.13333333333333333,13.333333333333332,4.247519607100944,6.8886266883417555,831.8352049030832,19040.24269398538,9308.45035285275,66661.1385536304,986.4408976686306,NTP
4.0,3833.333333333333,0.01,0.16666666666666669,16.666666666666668,4.507426234878473,6.8886266883417555,757.0703080269631,13693.633164371155,9423.670251793848,67198.41859270123,994.3914820051713,NTP
4.0,3833.333333333333,0.01,0.2,20.0,4.7254886296500995,6.8886266883417555,701.2988071373576,10476.176152310132,9508.710359571662,67597.19118511911,1000.2924552343319,NTP
4.0,3833.333333333333,0.01,0.23333333333333336,23.333333333333336,4.914189225811574,6.8886266883417555,657.5353701298185,8361.012242354564,9574.911780364302,67908.89568528479,1004.9050087193494,NTP
4.0,3833.333333333333,0.01,0.26666666666666666,26.666666666666664,5.0810556816992065,6.8886266883417555,621.9485277083154,6881.490202773019,9628.408828502403,68161.57807635983,1008.6441624464732,NTP
4.0,3833.333333333333,0.01,0.3,30.0,5.23099666718678,6.8886266883417555,592.2341414606511,5797.876796206377,9672.851258599017,68372.02437120724,1011.758313157135,NTP
4.0,3833.333333333333,0.01,0.33333333333333337,33.333333333333336,5.367400439844587,6.8886266883417555,566.9104014745473,4975.565299703187,9710.566265511989,68550.98770208475,1014.4065839876512,NTP
4.0,3833.333333333333,0.01,0.3666666666666667,36.66666666666667,5.492709440634595,6.8886266883417555,544.9742564231299,4333.6905582037025,9743.118075454273,68705.72307358062,1016.6963333389419,NTP
4.0,3833.333333333333,0.01,0.4,40.0,5.608745569976547,6.8886266883417555,525.7187048459028,3821.0167736467947,9771.602688155877,68841.32977496134,1018.703019680374,NTP
4.0,4000.0,0.01,0.1,10.0,3.922551820933724,6.74358672487142,981.0455722676418,29225.51405115311,9335.47944241632,65877.16664330405,995.8065019310235,NTP
4.0,4000.0,0.01,0.13333333333333333,13.333333333333332,4.247519607100944,6.74358672487142,868.0019529423478,19040.24269398538,9508.654984931378,66661.13855363042,1007.6571076175331,NTP
4.0,4000.0,0.01,0.16666666666666669,16.666666666666668,4.507426234878473,6.74358672487142,789.9864083759614,13693.633164371155,9626.353014667744,67198.41859270123,1015.7786918253271,NTP
4.0,4000.0,0.01,0.2,20.0,4.7254886296500995,6.74358672487142,731.7900596215906,10476.176152310132,9713.222151214495,67597.19118511911,1021.8065822243137,NTP
4.0,4000.0,0.01,0.23333333333333336,23.333333333333336,4.914189225811574,6.74358672487142,686.1238644832889,8361.012242354564,9780.847421368786,67908.8956852848,1026.5183417574283,NTP
4.0,4000.0,0.01,0.26666666666666666,26.666666666666664,5.0810556816992065,6.74358672487142,648.9897680434597,6881.490202773019,9835.495075293435,68161.57807635984,1030.3379165930983,NTP
4.0,4000.0,0.01,0.3,30.0,5.23099666718678,6.74358672487142,617.9834519589403,5797.876796206377,9880.893365928474,68372.02437120724,1033.5190459493595,NTP
4.0,4000.0,0.01,0.33333333333333337,33.333333333333336,5.367400439844587,6.74358672487142,591.5586797995276,4975.565299703187,9919.419541059206,68550.98770208475,1036.2242753569933,NTP
4.0,4000.0,0.01,0.3666666666666667,36.66666666666667,5.492709440634595,6.74358672487142,568.668789311092,4333.6905582037025,9952.67147002087,68705.72307358062,1038.5632722638975,NTP
4.0,4000.0,0.01,0.4,40.0,5.608745569976547,6.74358672487142,548.576039839203,3821.0167736467947,9981.76872512692,68841.32977496134,1040.6131180878915,NTP
5.0,2500.0,0.01,0.1,10.0,3.922551820933724,10.66254682473447,613.1534826672761,36531.89256394139,7380.34452192857,82346.45830413005,787.2541637267237,NTP
5.0,2500.0,0.01,0.13333333333333333,13.333333333333332,4.247519607100944,10.66254682473447,542.5012205889674,23800.303367481723,7517.2518092742985,83326.42319203801,796.6228901322022,NTP
5.0,2500.0,0.01,0.16666666666666669,16.666666666666668,4.507426234878473,10.66254682473447,493.74150523497593,17117.041455463943,7610.300271794585,83998.02324087654,803.0435662085731,NTP
5.0,2500.0,0.01,0.2,20.0,4.7254886296500995,10.66254682473447,457.3687872634941,13095.220190387665,7678.976354259561,84496.4889813989,807.8090319952379,NTP
5.0,2500.0,0.01,0.23333333333333336,23.333333333333336,4.914189225811574,10.66254682473447,428.82741530205556,10451.265302943204,7732.438824527502,84886.11960660601,811.5340049731511,NTP
5.0,2500.0,0.01,0.26666666666666666,26.666666666666664,5.0810556816992065,10.66254682473447,405.61860502716223,8601.862753466272,7775.641588324135,85201.9725954498,814.5536440166961,NTP
5.0,2500.0,0.01,0.3,30.0,5.23099666718678,10.66254682473447,386.2396574743378,7247.345995257971,7811.532088395389,85465.03046400908,817.0685475910492,NTP
5.0,2500.0,0.01,0.33333333333333337,33.333333333333336,5.367400439844587,10.66254682473447,369.7241748747047,6219.456624628983,7841.989704132301,85688.73462760594,819.2072192213966,NTP
5.0,2500.0,0.01,0.3666666666666667,36.66666666666667,5.492709440634595,10.66254682473447,355.4179933194325,5417.113197754627,7868.277662160546,85882.15384197579,821.0563586378732,NTP
5.0,2500.0,0.01,0.4,40.0,5.608745569976547,10.66254682473447,342.86002489950187,4776.270967058494,7891.281062109067,86051.66221870168,822.6769040518747,NTP
5.0,2666.6666666666665,0.01,0.1,10.0,3.922551820933724,10.323966570088343,654.0303815117611,36531.89256394139,7622.387046053998,82346.45830413005,813.0726040922796,NTP
5.0,2666.6666666666665,0.01,0.13333333333333333,13.333333333333332,4.247519607100944,10.323966570088343,578.6679686282318,23800.303367481723,7763.784284417848,83326.423192038,822.7485831172372,NTP
5.0,2666.6666666666665,0.01,0.16666666666666669,16.666666666666668,4.507426234878473,10.323966570088343,526.6576055839743,17117.041455463943,7859.884323279521,83998.02324087653,829.3798288546177,NTP
5.0,2666.6666666666665,0.01,0.2,20.0,4.7254886296500995,10.323966570088343,487.860039747727,13095.220190387665,7930.812676258087,84496.4889813989,834.3015807555976,NTP
5.0,2666.6666666666665,0.01,0.23333333333333336,23.333333333333336,4.914189225811574,10.323966570088343,457.4159096555259,10451.265302943204,7986.0284781233795,84886.11960660601,838.1487163045391,NTP
5.0,2666.6666666666665,0.01,0.26666666666666666,26.666666666666664,5.0810556816992065,10.323966570088343,432.6598453623064,8601.862753466272,8030.648100708577,85201.9725954498,841.2673860984611,NTP
5.0,2666.6666666666665,0.01,0.3,30.0,5.23099666718678,10.323966570088343,411.98896797262694,7247.345995257971,8067.7156497920505,85465.03046400908,843.8647673413376,NTP
5.0,2666.6666666666665,0.01,0.33333333333333337,33.333333333333336,5.367400439844587,10.323966570088343,394.372453199685,6219.456624628983,8099.172140062516,85688.73462760594,846.0735779032955,NTP
5.0,2666.6666666666665,0.01,0.3666666666666667,36.66666666666667,5.492709440634595,10.323966570088343,379.1125262073947,5417.113197754627,8126.322226368967,85882.15384197579,847.9833608805833,NTP
5.0,2666.6666666666665,0.01,0.4,40.0,5.608745569976547,10.323966570088343,365.717359892802,4776.270967058494,8150.080035677437,86051.66221870166,849.6570529873032,NTP
5.0,2833.3333333333335,0.01,0.1,10.0,3.922551820933724,10.015718739722331,694.9072803562462,36531.89256394139,7856.976727555107,82346.45830413005,838.0960569921198,NTP
5.0,2833.3333333333335,0.01,0.13333333333333333,13.333333333333332,4.247519607100944,10.015718739722331,614.8347166674964,23800.303367481723,8002.725664791303,83326.423192038,848.0698278799101,NTP
5.0,2833.3333333333335,0.01,0.16666666666666669,16.666666666666668,4.507426234878473,10.015718739722331,559.5737059329728,17117.041455463943,8101.783317504463,83998.02324087653,854.9051595310718,NTP
5.0,2833.3333333333335,0.01,0.2,20.0,4.7254886296500995,10.015718739722331,518.35129223196,13095.220190387665,8174.894590299893,84496.48898139888,859.9783852687777,NTP
5.0,2833.3333333333335,0.01,0.23333333333333336,23.333333333333336,4.914189225811574,10.015718739722331,486.0044040089963,10451.265302943204,8231.809736123338,84886.119606606,863.9439218248664,NTP
5.0,2833.3333333333335,0.01,0.26666666666666666,26.666666666666664,5.0810556816992065,10.015718739722331,459.7010856974506,8601.862753466272,8277.80259034683,85201.9725954498,867.1585730678074,NTP
5.0,2833.3333333333335,0.01,0.3,30.0,5.23099666718678,10.015718739722331,437.73827847091616,7247.345995257971,8316.01094538531,85465.03046400905,869.8358923714015,NTP
5.0,2833.3333333333335,0.01,0.33333333333333337,33.333333333333336,5.367400439844587,10.015718739722331,419.0207315246654,6219.456624628983,8348.435553384397,85688.73462760594,872.112682184885,NTP
5.0,2833.3333333333335,0.01,0.3666666666666667,36.66666666666667,5.492709440634595,10.015718739722331,402.80705909535686,5417.113197754627,8376.421221780929,85882.15384197577,874.0812414192259,NTP
5.0,2833.3333333333335,0.01,0.4,40.0,5.608745569976547,10.015718739722331,388.5746948861021,4776.270967058494,8400.910211083956,86051.66221870165,875.8064437544181,NTP
5.0,3000.0,0.01,0.1,10.0,3.922551820933724,9.733529027270253,735.7841792007313,36531.89256394139,8084.76235363992,82346.45830413006,862.393727925984,NTP
5.0,3000.0,0.01,0.13333333333333333,13.333333333333332,4.247519607100944,9.733529027270253,651.0014647067609,23800.303367481723,8234.73677277211,83326.42319203798,872.6566535007332,NTP
5.0,3000.0,0.01,0.16666666666666669,16.666666666666668,4.507426234878473,9.733529027270253,592.4898062819711,17117.041455463943,8336.666256499182,83998.02324087654,879.6901517436578,NTP
5.0,3000.0,0.01,0.2,20.0,4.7254886296500995,9.733529027270253,548.842544716193,13095.220190387665,8411.897135553487,84496.4889813989,884.9104579604086,NTP
5.0,3000.0,0.01,0.23333333333333336,23.333333333333336,4.914189225811574,9.733529027270253,514.5928983624667,10451.265302943204,8470.46233744489,84886.11960660601,888.9909614126091,NTP
5.0,3000.0,0.01,0.26666666666666666,26.666666666666664,5.0810556816992065,9.733529027270253,486.7423260325947,8601.862753466272,8517.788594000855,85201.97259544978,892.2988102519548,NTP
5.0,3000.0,0.01,0.3,30.0,5.23099666718678,9.733529027270253,463.4875889692053,7247.345995257971,8557.104666979187,85465.03046400906,895.0537490872018,NTP
5.0,3000.0,0.01,0.33333333333333337,33.333333333333336,5.367400439844587,9.733529027270253,443.6690098496457,6219.456624628983,8590.469313353049,85688.73462760593,897.3965464772772,NTP
5.0,3000.0,0.01,0.3666666666666667,36.66666666666667,5.492709440634595,9.733529027270253,426.50159198331903,5417.113197754627,8619.266328558688,85882.15384197579,899.4221772180297,NTP
5.0,3000.0,0.01,0.4,40.0,5.608745569976547,9.733529027270253,411.43202987940225,4776.270967058494,8644.465290660923,86051.66221870166,901.1973957754498,NTP
5.0,3166.6666666666665,0.01,0.1,10.0,3.922551820933724,9.473921468527855,776.6610780452164,36531.89256394139,8306.303710575723,82346.45830413006,886.0253287499255,NTP
5.0,3166.6666666666665,0.01,0.13333333333333333,13.333333333333332,4.247519607100944,9.473921468527855,687.1682127460253,23800.303367481723,8460.38777880666,83326.42319203801,896.569482437328,NTP
5.0,3166.6666666666665,0.01,0.16666666666666669,16.666666666666668,4.507426234878473,9.473921468527855,625.4059066309695,17117.041455463943,8565.110368273752,83998.02324087654,903.7957149470847,NTP
5.0,3166.6666666666665,0.01,0.2,20.0,4.7254886296500995,9.473921468527855,579.3337972004258,13095.220190387665,8642.40274899009,84496.4889813989,909.1590697374721,NTP
5.0,3166.6666666666665,0.01,0.23333333333333336,23.333333333333336,4.914189225811574,9.473921468527855,543.181392715937,10451.265302943204,8702.572774094433,84886.11960660601,913.3513885074568,NTP
5.0,3166.6666666666665,0.01,0.26666666666666666,26.666666666666664,5.0810556816992065,9.473921468527855,513.7835663677388,8601.862753466272,8751.195880531382,85201.9725954498,916.7498801249516,NTP
5.0,3166.6666666666665,0.01,0.3,30.0,5.23099666718678,9.473921468527855,489.2368994674945,7247.345995257971,8791.58930566628,85465.03046400908,919.5803107138381,NTP
5.0,3166.6666666666665,0.01,0.33333333333333337,33.333333333333336,5.367400439844587,9.473921468527855,468.31728817462596,6219.456624628983,8825.868221218137,85688.73462760593,921.9873062200879,NTP
5.0,3166.6666666666665,0.01,0.3666666666666667,36.66666666666667,5.492709440634595,9.473921468527855,450.1961248712812,5417.113197754627,8855.454341847695,85882.15384197579,924.0684439706112,NTP
5.0,3166.6666666666665,0.01,0.4,40.0,5.608745569976547,9.473921468527855,434.2893648727024,4776.270967058494,8881.343814321579,86051.66221870168,925.8923076595597,NTP
5.0,3333.333333333333,0.01,0.1,10.0,3.922551820933724,9.234036419261153,817.5379768897014,36531.89256394139,8522.087792895281,82346.45830413006,909.0428066965554,NTP
5.0,3333.333333333333,0.01,0.13333333333333333,13.333333333333332,4.247519607100944,9.234036419261153,723.3349607852898,23800.303367481723,8680.174711301435,83326.42319203801,919.8608801208892,NTP
5.0,3333.333333333333,0.01,0.16666666666666669,16.666666666666668,4.507426234878473,9.234036419261153,658.3220069799678,17117.041455463943,8787.61782106897,83998.02324087654,927.2748382430335,NTP
5.0,3333.333333333333,0.01,0.2,20.0,4.7254886296500995,9.234036419261153,609.8250496846588,13095.220190387665,8866.918130465057,84496.4889813989,932.7775241525231,NTP
5.0,3333.333333333333,0.01,0.23333333333333336,23.333333333333336,4.914189225811574,9.234036419261153,571.7698870694073,10451.265302943204,8928.651273666534,84886.11960660601,937.0787524555677,NTP
5.0,3333.333333333333,0.01,0.26666666666666666,26.666666666666664,5.0810556816992065,9.234036419261153,540.8248067028829,8601.862753466272,8978.537528281977,85201.9725954498,940.5655312848602,NTP
5.0,3333.333333333333,0.01,0.3,30.0,5.23099666718678,9.234036419261153,514.9862099657836,7247.345995257971,9019.980308036955,85465.03046400908,943.4694917961376,NTP
5.0,3333.333333333333,0.01,0.33333333333333337,33.333333333333336,5.367400439844587,9.234036419261153,492.96556649960627,6219.456624628983,9055.149733326116,85688.73462760594,945.9390170791162,NTP
5.0,3333.333333333333,0.01,0.3666666666666667,36.66666666666667,5.492709440634595,9.234036419261153,473.8906577592433,5417.113197754627,9085.504452614221,85882.15384197579,948.0742193588601,NTP
5.0,3333.333333333333,0.01,0.4,40.0,5.608745569976547,9.234036419261153,457.14669986600245,4776.270967058494,9112.066490919331,86051.66221870168,949.9454640208755,NTP
5.0,3500.0,0.01,0.1,10.0,3.922551820933724,9.011496815166373,858.4148757341866,36531.89256394139,8732.541403698324,82346.45830413006,931.491688436933,NTP
5.0,3500.0,0.01,0.13333333333333333,13.333333333333332,4.247519607100944,9.011496815166373,759.5017088245544,23800.303367481723,8894.532290663336,83326.423192038,942.5769150131013,NTP
5.0,3500.0,0.01,0.16666666666666669,16.666666666666668,4.507426234878473,9.011496815166373,691.2381073289663,17117.041455463943,9004.628716256291,83998.02324087656,950.1739613989515,NTP
5.0,3500.0,0.01,0.2,20.0,4.7254886296500995,9.011496815166373,640.3163021688918,13095.220190387665,9085.887352866997,84496.48898139891,955.8125365584596,NTP
5.0,3500.0,0.01,0.23333333333333336,23.333333333333336,4.914189225811574,9.011496815166373,600.3583814228778,10451.265302943204,9149.145000768343,84886.11960660602,960.2199840239045,NTP
5.0,3500.0,0.01,0.26666666666666666,26.666666666666664,5.0810556816992065,9.011496815166373,567.8660470380272,8601.862753466272,9200.263200262601,85201.97259544981,963.7928691234596,NTP
5.0,3500.0,0.01,0.3,30.0,5.23099666718678,9.011496815166373,540.7355204640728,7247.345995257971,9242.729412637977,85465.03046400908,966.7685431619943,NTP
5.0,3500.0,0.01,0.33333333333333337,33.333333333333336,5.367400439844587,9.011496815166373,517.6138448245866,6219.456624628983,9278.76734957849,85688.73462760594,969.2990535609919,NTP
5.0,3500.0,0.01,0.3666666666666667,36.66666666666667,5.492709440634595,9.011496815166373,497.58519064720554,5417.113197754627,9309.871680984463,85882.15384197579,971.4869848245818,NTP
5.0,3500.0,0.01,0.4,40.0,5.608745569976547,9.011496815166373,480.00403485930264,4776.270967058494,9337.089670860063,86051.66221870169,973.4044400168557,NTP
5.0,3666.6666666666665,0.01,0.1,10.0,3.922551820933724,8.804308273496838,899.2917745786716,36531.89256394139,8938.041082071408,82346.45830413006,953.4121390287759,NTP
5.0,3666.6666666666665,0.01,0.13333333333333333,13.333333333333332,4.247519607100944,8.804308273496838,795.6684568638188,23800.303367481723,9103.844040875734,83326.42319203801,964.7582301563715,NTP
5.0,3666.6666666666665,0.01,0.16666666666666669,16.666666666666668,4.507426234878473,8.804308273496838,724.1542076779647,17117.041455463943,9216.531325074844,83998.02324087656,972.5340550348395,NTP
5.0,3666.6666666666665,0.01,0.2,20.0,4.7254886296500995,8.804308273496838,670.8075546531246,13095.220190387665,9299.70219123209,84496.48898139891,978.3053207054136,NTP
5.0,3666.6666666666665,0.01,0.23333333333333336,23.333333333333336,4.914189225811574,8.804308273496838,628.9468757763481,10451.265302943204,9364.448458047154,84886.11960660602,982.8164870076466,NTP
5.0,3666.6666666666665,0.01,0.26666666666666666,26.666666666666664,5.0810556816992065,8.804308273496838,594.9072873731712,8601.862753466272,9416.7696032899,85201.97259544981,986.4734514954209,NTP
5.0,3666.6666666666665,0.01,0.3,30.0,5.23099666718678,8.804308273496838,566.484830962362,7247.345995257971,9460.235157389689,85465.03046400909,989.5191509743853,NTP
5.0,3666.6666666666665,0.01,0.33333333333333337,33.333333333333336,5.367400439844587,8.804308273496838,542.262123149567,6219.456624628983,9497.121161818019,85688.73462760595,992.1092109419533,NTP
5.0,3666.6666666666665,0.01,0.3666666666666667,36.66666666666667,5.492709440634595,8.804308273496838,521.2797235351677,5417.113197754627,9528.957459991105,85882.1538419758,994.3486299855816,NTP
5.0,3666.6666666666665,0.01,0.4,40.0,5.608745569976547,8.804308273496838,502.8613698526027,4776.270967058494,9556.815960790938,86051.66221870169,996.3112079441946,NTP
5.0,3833.333333333333,0.01,0.1,10.0,3.922551820933724,8.610783360427195,940.1686734231566,36531.89256394139,9138.921019589074,82346.45830413006,974.8398063619294,NTP
5.0,3833.333333333333,0.01,0.13333333333333333,13.333333333333332,4.247519607100944,8.610783360427195,831.8352049030832,23800.303367481723,9308.45035285275,83326.423192038,986.4408976686303,NTP
5.0,3833.333333333333,0.01,0.16666666666666669,16.666666666666668,4.507426234878473,8.610783360427195,757.0703080269631,17117.041455463943,9423.670251793848,83998.02324087654,994.3914820051712,NTP
5.0,3833.333333333333,0.01,0.2,20.0,4.7254886296500995,8.610783360427195,701.2988071373576,13095.220190387665,9508.710359571662,84496.4889813989,1000.2924552343319,NTP
5.0,3833.333333333333,0.01,0.23333333333333336,23.333333333333336,4.914189225811574,8.610783360427195,657.5353701298185,10451.265302943204,9574.911780364302,84886.11960660601,1004.9050087193496,NTP
5.0,3833.333333333333,0.01,0.26666666666666666,26.666666666666664,5.0810556816992065,8.610783360427195,621.9485277083154,8601.862753466272,9628.408828502403,85201.9725954498,1008.6441624464732,NTP
5.0,3833.333333333333,0.01,0.3,30.0,5.23099666718678,8.610783360427195,592.2341414606511,7247.345995257971,9672.851258599017,85465.03046400906,1011.758313157135,NTP
5.0,3833.333333333333,0.01,0.33333333333333337,33.333333333333336,5.367400439844587,8.610783360427195,566.9104014745473,6219.456624628983,9710.566265511989,85688.73462760594,1014.4065839876511,NTP
5.0,3833.333333333333,0.01,0.3666666666666667,36.66666666666667,5.492709440634595,8.610783360427195,544.9742564231299,5417.113197754627,9743.118075454273,85882.15384197579,1016.6963333389419,NTP
5.0,3833.333333333333,0.01,0.4,40.0,5.608745569976547,8.610783360427195,525.7187048459028,4776.270967058494,9771.602688155877,86051.66221870168,1018.7030196803738,NTP
5.0,4000.0,0.01,0.1,10.0,3.922551820933724,8.429483406089275,981.0455722676418,36531.89256394139,9335.47944241632,82346.45830413006,995.8065019310234,NTP
5.0,4000.0,0.01,0.13333333333333333,13.333333333333332,4.247519607100944,8.429483406089275,868.0019529423478,23800.303367481723,9508.654984931378,83326.42319203801,1007.6571076175329,NTP
5.0,4000.0,0.01,0.16666666666666669,16.666666666666668,4.507426234878473,8.429483406089275,789.9864083759614,17117.041455463943,9626.353014667744,83998.02324087654,1015.7786918253271,NTP
5.0,4000.0,0.01,0.2,20.0,4.7254886296500995,8.429483406089275,731.7900596215906,13095.220190387665,9713.222151214495,84496.4889813989,1021.8065822243137,NTP
5.0,4000.0,0.01,0.23333333333333336,23.333333333333336,4.914189225811574,8.429483406089275,686.1238644832889,10451.265302943204,9780.847421368786,84886.11960660601,1026.518341757428,NTP
5.0,4000.0,0.01,0.26666666666666666,26.666666666666664,5.0810556816992065,8.429483406089275,648.9897680434597,8601.862753466272,9835.495075293435,85201.9725954498,1030.337916593098,NTP
5.0,4000.0,0.01,0.3,30.0,5.23099666718678,8.429483406089275,617.9834519589403,7247.345995257971,9880.893365928474,85465.03046400908,1033.5190459493597,NTP
5.0,4000.0,0.01,0.33333333333333337,33.333333333333336,5.367400439844587,8.429483406089275,591.5586797995276,6219.456624628983,9919.419541059206,85688.73462760594,1036.224275356993,NTP
5.0,4000.0,0.01,0.3666666666666667,36.66666666666667,5.492709440634595,8.429483406089275,568.668789311092,5417.113197754627,9952.67147002087,85882.15384197577,1038.5632722638973,NTP
5.0,4000.0,0.01,0.4,40.0,5.608745569976547,8.429483406089275,548.576039839203,4776.270967058494,9981.76872512692,86051.66221870166,1040.6131180878913,NTP
6.0,2500.0,0.01,0.1,10.0,3.922551820933724,12.795056189681361,613.1534826672761,43838.27107672967,7380.34452192857,98815.74996495605,787.2541637267238,NTP
6.0,2500.0,0.01,0.13333333333333333,13.333333333333332,4.247519607100944,12.795056189681361,542.5012205889674,28560.364040978067,7517.2518092742985,99991.7078304456,796.6228901322022,NTP
6.0,2500.0,0.01,0.16666666666666669,16.666666666666668,4.507426234878473,12.795056189681361,493.74150523497593,20540.449746556733,7610.300271794585,100797.62788905183,803.0435662085731,NTP
6.0,2500.0,0.01,0.2,20.0,4.7254886296500995,12.795056189681361,457.3687872634941,15714.264228465197,7678.976354259561,101395.78677767864,807.8090319952378,NTP
6.0,2500.0,0.01,0.23333333333333336,23.333333333333336,4.914189225811574,12.795056189681361,428.82741530205556,12541.518363531844,7732.438824527502,101863.34352792718,811.5340049731511,NTP
6.0,2500.0,0.01,0.26666666666666666,26.666666666666664,5.0810556816992065,12.795056189681361,405.61860502716223,10322.235304159527,7775.641588324135,102242.36711453974,814.5536440166962,NTP
6.0,2500.0,0.01,0.3,30.0,5.23099666718678,12.795056189681361,386.2396574743378,8696.815194309564,7811.532088395389,102558.03655681085,817.0685475910491,NTP
6.0,2500.0,0.01,0.33333333333333337,33.333333333333336,5.367400439844587,12.795056189681361,369.7241748747047,7463.34794955478,7841.989704132301,102826.4815531271,819.2072192213966,NTP
6.0,2500.0,0.01,0.3666666666666667,36.66666666666667,5.492709440634595,12.795056189681361,355.4179933194325,6500.535837305553,7868.277662160546,103058.58461037092,821.0563586378732,NTP
6.0,2500.0,0.01,0.4,40.0,5.608745569976547,12.795056189681361,342.86002489950187,5731.5251604701925,7891.281062109067,103261.994662442,822.6769040518748,NTP
6.0,2666.6666666666665,0.01,0.1,10.0,3.922551820933724,12.388759884106012,654.0303815117611,43838.27107672967,7622.387046053998,98815.74996495608,813.0726040922797,NTP
6.0,2666.6666666666665,0.01,0.13333333333333333,13.333333333333332,4.247519607100944,12.388759884106012,578.6679686282318,28560.364040978067,7763.784284417848,99991.7078304456,822.7485831172372,NTP
6.0,2666.6666666666665,0.01,0.16666666666666669,16.666666666666668,4.507426234878473,12.388759884106012,526.6576055839743,20540.449746556733,7859.884323279521,100797.62788905183,829.3798288546177,NTP
6.0,2666.6666666666665,0.01,0.2,20.0,4.7254886296500995,12.388759884106012,487.860039747727,15714.264228465197,7930.812676258087,101395.78677767866,834.3015807555975,NTP
6.0,2666.6666666666665,0.01,0.23333333333333336,23.333333333333336,4.914189225811574,12.388759884106012,457.4159096555259,12541.518363531844,7986.0284781233795,101863.3435279272,838.148716304539,NTP
6.0,2666.6666666666665,0.01,0.26666666666666666,26.666666666666664,5.0810556816992065,12.388759884106012,432.6598453623064,10322.235304159527,8030.648100708577,102242.36711453975,841.2673860984611,NTP
6.0,2666.6666666666665,0.01,0.3,30.0,5.23099666718678,12.388759884106012,411.98896797262694,8696.815194309564,8067.7156497920505,102558.03655681088,843.8647673413375,NTP
6.0,2666.6666666666665,0.01,0.33333333333333337,33.333333333333336,5.367400439844587,12.388759884106012,394.372453199685,7463.34794955478,8099.172140062516,102826.48155312713,846.0735779032955,NTP
6.0,2666.6666666666665,0.01,0.3666666666666667,36.66666666666667,5.492709440634595,12.388759884106012,379.1125262073947,6500.535837305553,8126.322226368967,103058.58461037095,847.9833608805834,NTP
6.0,2666.6666666666665,0.01,0.4,40.0,5.608745569976547,12.388759884106012,365.717359892802,5731.5251604701925,8150.080035677437,103261.994662442,849.6570529873034,NTP
6.0,2833.3333333333335,0.01,0.1,10.0,3.922551820933724,12.018862487666798,694.9072803562462,43838.27107672967,7856.976727555107,98815.74996495608,838.0960569921199,NTP
6.0,2833.3333333333335,0.01,0.13333333333333333,13.333333333333332,4.247519607100944,12.018862487666798,614.8347166674964,28560.364040978067,8002.725664791303,99991.7078304456,848.06982787991,NTP
6.0,2833.3333333333335,0.01,0.16666666666666669,16.666666666666668,4.507426234878473,12.018862487666798,559.5737059329728,20540.449746556733,8101.783317504463,100797.62788905184,854.9051595310718,NTP
6.0,2833.3333333333335,0.01,0.2,20.0,4.7254886296500995,12.018862487666798,518.35129223196,15714.264228465197,8174.894590299893,101395.78677767866,859.9783852687777,NTP
6.0,2833.3333333333335,0.01,0.23333333333333336,23.333333333333336,4.914189225811574,12.018862487666798,486.0044040089963,12541.518363531844,8231.809736123338,101863.3435279272,863.9439218248664,NTP
6.0,2833.3333333333335,0.01,0.26666666666666666,26.666666666666664,5.0810556816992065,12.018862487666798,459.7010856974506,10322.235304159527,8277.80259034683,102242.36711453977,867.1585730678075,NTP
6.0,2833.3333333333335,0.01,0.3,30.0,5.23099666718678,12.018862487666798,437.73827847091616,8696.815194309564,8316.01094538531,102558.03655681087,869.8358923714017,NTP
6.0,2833.3333333333335,0.01,0.33333333333333337,33.333333333333336,5.367400439844587,12.018862487666798,419.0207315246654,7463.34794955478,8348.435553384397,102826.48155312713,872.112682184885,NTP
6.0,2833.3333333333335,0.01,0.3666666666666667,36.66666666666667,5.492709440634595,12.018862487666798,402.80705909535686,6500.535837305553,8376.421221780929,103058.58461037093,874.081241419226,NTP
6.0,2833.3333333333335,0.01,0.4,40.0,5.608745569976547,12.018862487666798,388.5746948861021,5731.5251604701925,8400.910211083956,103261.994662442,875.8064437544183,NTP
6.0,3000.0,0.01,0.1,10.0,3.922551820933724,11.680234832724302,735.7841792007313,43838.27107672967,8084.76235363992,98815.74996495608,862.3937279259841,NTP
6.0,3000.0,0.01,0.13333333333333333,13.333333333333332,4.247519607100944,11.680234832724302,651.0014647067609,28560.364040978067,8234.73677277211,99991.70783044558,872.6566535007333,NTP
6.0,3000.0,0.01,0.16666666666666669,16.666666666666668,4.507426234878473,11.680234832724302,592.4898062819711,20540.449746556733,8336.666256499182,100797.62788905184,879.6901517436578,NTP
6.0,3000.0,0.01,0.2,20.0,4.7254886296500995,11.680234832724302,548.842544716193,15714.264228465197,8411.897135553487,101395.78677767866,884.9104579604085,NTP
6.0,3000.0,0.01,0.23333333333333336,23.333333333333336,4.914189225811574,11.680234832724302,514.5928983624667,12541.518363531844,8470.46233744489,101863.3435279272,888.9909614126091,NTP
6.0,3000.0,0.01,0.26666666666666666,26.666666666666664,5.0810556816992065,11.680234832724302,486.7423260325947,10322.235304159527,8517.788594000855,102242.36711453975,892.298810251955,NTP
6.0,3000.0,0.01,0.3,30.0,5.23099666718678,11.680234832724302,463.4875889692053,8696.815194309564,8557.104666979187,102558.03655681085,895.0537490872018,NTP
6.0,3000.0,0.01,0.33333333333333337,33.333333333333336,5.367400439844587,11.680234832724302,443.6690098496457,7463.34794955478,8590.469313353049,102826.4815531271,897.3965464772773,NTP
6.0,3000.0,0.01,0.3666666666666667,36.66666666666667,5.492709440634595,11.680234832724302,426.50159198331903,6500.535837305553,8619.266328558688,103058.58461037093,899.4221772180298,NTP
6.0,3000.0,0.01,0.4,40.0,5.608745569976547,11.680234832724302,411.43202987940225,5731.5251604701925,8644.465290660923,103261.994662442,901.19739577545,NTP
6.0,3166.6666666666665,0.01,0.1,10.0,3.922551820933724,11.368705762233427,776.6610780452164,43838.27107672967,8306.303710575723,98815.74996495609,886.0253287499256,NTP
6.0,3166.6666666666665,0.01,0.13333333333333333,13.333333333333332,4.247519607100944,11.368705762233427,687.1682127460253,28560.364040978067,8460.38777880666,99991.70783044561,896.5694824373279,NTP
6.0,3166.6666666666665,0.01,0.16666666666666669,16.666666666666668,4.507426234878473,11.368705762233427,625.4059066309695,20540.449746556733,8565.110368273752,100797.62788905186,903.7957149470847,NTP
6.0,3166.6666666666665,0.01,0.2,20.0,4.7254886296500995,11.368705762233427,579.3337972004258,15714.264228465197,8642.40274899009,101395.78677767867,909.159069737472,NTP
6.0,3166.6666666666665,0.01,0.23333333333333336,23.333333333333336,4.914189225811574,11.368705762233427,543.181392715937,12541.518363531844,8702.572774094433,101863.34352792721,913.3513885074567,NTP
6.0,3166.6666666666665,0.01,0.26666666666666666,26.666666666666664,5.0810556816992065,11.368705762233427,513.7835663677388,10322.235304159527,8751.195880531382,102242.36711453977,916.7498801249516,NTP
6.0,3166.6666666666665,0.01,0.3,30.0,5.23099666718678,11.368705762233427,489.2368994674945,8696.815194309564,8791.58930566628,102558.03655681088,919.580310713838,NTP
6.0,3166.6666666666665,0.01,0.33333333333333337,33.333333333333336,5.367400439844587,11.368705762233427,468.31728817462596,7463.34794955478,8825.868221218137,102826.48155312712,921.9873062200879,NTP
6.0,3166.6666666666665,0.01,0.3666666666666667,36.66666666666667,5.492709440634595,11.368705762233427,450.1961248712812,6500.535837305553,8855.454341847695,103058.58461037095,924.0684439706112,NTP
6.0,3166.6666666666665,0.01,0.4,40.0,5.608745569976547,11.368705762233427,434.2893648727024,5731.5251604701925,8881.343814321579,103261.99466244201,925.8923076595597,NTP
6.0,3333.333333333333,0.01,0.1,10.0,3.922551820933724,11.080843703113384,817.5379768897014,43838.27107672967,8522.087792895281,98815.74996495609,909.0428066965555,NTP
6.0,3333.333333333333,0.01,0.13333333333333333,13.333333333333332,4.247519607100944,11.080843703113384,723.3349607852898,28560.364040978067,8680.174711301435,99991.70783044562,919.8608801208892,NTP
6.0,3333.333333333333,0.01,0.16666666666666669,16.666666666666668,4.507426234878473,11.080843703113384,658.3220069799678,20540.449746556733,8787.61782106897,100797.62788905184,927.2748382430334,NTP
6.0,3333.333333333333,0.01,0.2,20.0,4.7254886296500995,11.080843703113384,609.8250496846588,15714.264228465197,8866.918130465057,101395.78677767867,932.7775241525231,NTP
6.0,3333.333333333333,0.01,0.23333333333333336,23.333333333333336,4.914189225811574,11.080843703113384,571.7698870694073,12541.518363531844,8928.651273666534,101863.3435279272,937.0787524555676,NTP
6.0,3333.333333333333,0.01,0.26666666666666666,26.666666666666664,5.0810556816992065,11.080843703113384,540.8248067028829,10322.235304159527,8978.537528281977,102242.36711453975,940.5655312848602,NTP
6.0,3333.333333333333,0.01,0.3,30.0,5.23099666718678,11.080843703113384,514.9862099657836,8696.815194309564,9019.980308036955,102558.03655681088,943.4694917961375,NTP
6.0,3333.333333333333,0.01,0.33333333333333337,33.333333333333336,5.367400439844587,11.080843703113384,492.96556649960627,7463.34794955478,9055.149733326116,102826.48155312713,945.9390170791163,NTP
6.0,3333.333333333333,0.01,0.3666666666666667,36.66666666666667,5.492709440634595,11.080843703113384,473.8906577592433,6500.535837305553,9085.504452614221,103058.58461037093,948.07421935886,NTP
6.0,3333.333333333333,0.01,0.4,40.0,5.608745569976547,11.080843703113384,457.14669986600245,5731.5251604701925,9112.066490919331,103261.99466244201,949.9454640208755,NTP
6.0,3500.0,0.01,0.1,10.0,3.922551820933724,10.813796178199647,858.4148757341866,43838.27107672967,8732.541403698324,98815.74996495609,931.4916884369333,NTP
6.0,3500.0,0.01,0.13333333333333333,13.333333333333332,4.247519607100944,10.813796178199647,759.5017088245544,28560.364040978067,8894.532290663336,99991.7078304456,942.5769150131013,NTP
6.0,3500.0,0.01,0.16666666666666669,16.666666666666668,4.507426234878473,10.813796178199647,691.2381073289663,20540.449746556733,9004.628716256291,100797.62788905186,950.1739613989514,NTP
6.0,3500.0,0.01,0.2,20.0,4.7254886296500995,10.813796178199647,640.3163021688918,15714.264228465197,9085.887352866997,101395.78677767867,955.8125365584594,NTP
6.0,3500.0,0.01,0.23333333333333336,23.333333333333336,4.914189225811574,10.813796178199647,600.3583814228778,12541.518363531844,9149.145000768343,101863.34352792721,960.2199840239044,NTP
6.0,3500.0,0.01,0.26666666666666666,26.666666666666664,5.0810556816992065,10.813796178199647,567.8660470380272,10322.235304159527,9200.263200262601,102242.36711453978,963.7928691234597,NTP
6.0,3500.0,0.01,0.3,30.0,5.23099666718678,10.813796178199647,540.7355204640728,8696.815194309564,9242.729412637977,102558.03655681088,966.7685431619943,NTP
6.0,3500.0,0.01,0.33333333333333337,33.333333333333336,5.367400439844587,10.813796178199647,517.6138448245866,7463.34794955478,9278.76734957849,102826.48155312713,969.299053560992,NTP
6.0,3500.0,0.01,0.3666666666666667,36.66666666666667,5.492709440634595,10.813796178199647,497.58519064720554,6500.535837305553,9309.871680984463,103058.58461037093,971.4869848245818,NTP
6.0,3500.0,0.01,0.4,40.0,5.608745569976547,10.813796178199647,480.00403485930264,5731.5251604701925,9337.089670860063,103261.99466244203,973.4044400168557,NTP
6.0,3666.6666666666665,0.01,0.1,10.0,3.922551820933724,10.565169928196205,899.2917745786716,43838.27107672967,8938.041082071408,98815.74996495608,953.412139028776,NTP
6.0,3666.6666666666665,0.01,0.13333333333333333,13.333333333333332,4.247519607100944,10.565169928196205,795.6684568638188,28560.364040978067,9103.844040875734,99991.70783044561,964.7582301563715,NTP
6.0,3666.6666666666665,0.01,0.16666666666666669,16.666666666666668,4.507426234878473,10.565169928196205,724.1542076779647,20540.449746556733,9216.531325074844,100797.62788905184,972.5340550348394,NTP
6.0,3666.6666666666665,0.01,0.2,20.0,4.7254886296500995,10.565169928196205,670.8075546531246,15714.264228465197,9299.70219123209,101395.78677767867,978.3053207054135,NTP
6.0,3666.6666666666665,0.01,0.23333333333333336,23.333333333333336,4.914189225811574,10.565169928196205,628.9468757763481,12541.518363531844,9364.448458047154,101863.34352792721,982.8164870076465,NTP
6.0,3666.6666666666665,0.01,0.26666666666666666,26.666666666666664,5.0810556816992065,10.565169928196205,594.9072873731712,10322.235304159527,9416.7696032899,102242.36711453977,986.4734514954209,NTP
6.0,3666.6666666666665,0.01,0.3,30.0,5.23099666718678,10.565169928196205,566.484830962362,8696.815194309564,9460.235157389689,102558.0365568109,989.5191509743853,NTP
6.0,3666.6666666666665,0.01,0.33333333333333337,33.333333333333336,5.367400439844587,10.565169928196205,542.262123149567,7463.34794955478,9497.121161818019,102826.48155312713,992.1092109419532,NTP
6.0,3666.6666666666665,0.01,0.3666666666666667,36.66666666666667,5.492709440634595,10.565169928196205,521.2797235351677,6500.535837305553,9528.957459991105,103058.58461037095,994.3486299855816,NTP
6.0,3666.6666666666665,0.01,0.4,40.0,5.608745569976547,10.565169928196205,502.8613698526027,5731.5251604701925,9556.815960790938,103261.99466244203,996.3112079441946,NTP
6.0,3833.333333333333,0.01,0.1,10.0,3.922551820933724,10.332940032512635,940.1686734231566,43838.27107672967,9138.921019589074,98815.74996495609,974.8398063619294,NTP
6.0,3833.333333333333,0.01,0.13333333333333333,13.333333333333332,4.247519607100944,10.332940032512635,831.8352049030832,28560.364040978067,9308.45035285275,99991.70783044561,986.4408976686303,NTP
6.0,3833.333333333333,0.01,0.16666666666666669,16.666666666666668,4.507426234878473,10.332940032512635,757.0703080269631,20540.449746556733,9423.670251793848,100797.62788905186,994.3914820051712,NTP
6.0,3833.333333333333,0.01,0.2,20.0,4.7254886296500995,10.332940032512635,701.2988071373576,15714.264228465197,9508.710359571662,101395.78677767867,1000.2924552343318,NTP
6.0,3833.333333333333,0.01,0.23333333333333336,23.333333333333336,4.914189225811574,10.332940032512635,657.5353701298185,12541.518363531844,9574.911780364302,101863.34352792721,1004.9050087193494,NTP
6.0,3833.333333333333,0.01,0.26666666666666666,26.666666666666664,5.0810556816992065,10.332940032512635,621.9485277083154,10322.235304159527,9628.408828502403,102242.36711453977,1008.6441624464732,NTP
6.0,3833.333333333333,0.01,0.3,30.0,5.23099666718678,10.332940032512635,592.2341414606511,8696.815194309564,9672.851258599017,102558.03655681088,1011.758313157135,NTP
6.0,3833.333333333333,0.01,0.33333333333333337,33.333333333333336,5.367400439844587,10.332940032512635,566.9104014745473,7463.34794955478,9710.566265511989,102826.48155312713,1014.4065839876511,NTP
6.0,3833.333333333333,0.01,0.3666666666666667,36.66666666666667,5.492709440634595,10.332940032512635,544.9742564231299,6500.535837305553,9743.118075454273,103058.58461037095,1016.6963333389419,NTP
6.0,3833.333333333333,0.01,0.4,40.0,5.608745569976547,10.332940032512635,525.7187048459028,5731.5251604701925,9771.602688155877,103261.99466244203,1018.7030196803739,NTP
6.0,4000.0,0.01,0.1,10.0,3.922551820933724,10.11538008730713,981.0455722676418,43838.27107672967,9335.47944241632,98815.74996495608,995.8065019310235,NTP
6.0,4000.0,0.01,0.13333333333333333,13.333333333333332,4.247519607100944,10.11538008730713,868.0019529423478,28560.364040978067,9508.654984931378,99991.70783044561,1007.6571076175329,NTP
6.0,4000.0,0.01,0.16666666666666669,16.666666666666668,4.507426234878473,10.11538008730713,789.9864083759614,20540.449746556733,9626.353014667744,100797.62788905184,1015.7786918253271,NTP
6.0,4000.0,0.01,0.2,20.0,4.7254886296500995,10.11538008730713,731.7900596215906,15714.264228465197,9713.222151214495,101395.78677767867,1021.8065822243138,NTP
6.0,4000.0,0.01,0.23333333333333336,23.333333333333336,4.914189225811574,10.11538008730713,686.1238644832889,12541.518363531844,9780.847421368786,101863.34352792721,1026.5183417574283,NTP
6.0,4000.0,0.01,0.26666666666666666,26.666666666666664,5.0810556816992065,10.11538008730713,648.9897680434597,10322.235304159527,9835.495075293435,102242.36711453977,1030.3379165930983,NTP
6.0,4000.0,0.01,0.3,30.0,5.23099666718678,10.11538008730713,617.9834519589403,8696.815194309564,9880.893365928474,102558.03655681088,1033.5190459493597,NTP
6.0,4000.0,0.01,0.33333333333333337,33.333333333333336,5.367400439844587,10.11538008730713,591.5586797995276,7463.34794955478,9919.419541059206,102826.48155312712,1036.224275356993,NTP
6.0,4000.0,0.01,0.3666666666666667,36.66666666666667,5.492709440634595,10.11538008730713,568.668789311092,6500.535837305553,9952.67147002087,103058.58461037093,1038.5632722638975,NTP
6.0,4000.0,0.01,0.4,40.0,5.608745569976547,10.11538008730713,548.576039839203,5731.5251604701925,9981.76872512692,103261.994662442,1040.6131180878913,NTP
7.0,2500.0,0.01,0.1,10.0,3.922551820933724,14.927565554628256,613.1534826672761,51144.64958951794,7380.34452192857,115285.04162578206,787.2541637267238,NTP
7.0,2500.0,0.01,0.13333333333333333,13.333333333333332,4.247519607100944,14.927565554628256,542.5012205889674,33320.424714474415,7517.2518092742985,116656.99246885322,796.6228901322023,NTP
7.0,2500.0,0.01,0.16666666666666669,16.666666666666668,4.507426234878473,14.927565554628256,493.74150523497593,23963.85803764952,7610.300271794585,117597.23253722714,803.0435662085732,NTP
7.0,2500.0,0.01,0.2,20.0,4.7254886296500995,14.927565554628256,457.3687872634941,18333.308266542732,7678.976354259561,118295.08457395843,807.8090319952379,NTP
7.0,2500.0,0.01,0.23333333333333336,23.333333333333336,4.914189225811574,14.927565554628256,428.82741530205556,14631.771424120487,7732.438824527502,118840.56744924838,811.5340049731511,NTP
7.0,2500.0,0.01,0.26666666666666666,26.666666666666664,5.0810556816992065,14.927565554628256,405.61860502716223,12042.607854852782,7775.641588324135,119282.7616336297,814.5536440166962,NTP
7.0,2500.0,0.01,0.3,30.0,5.23099666718678,14.927565554628256,386.2396574743378,10146.284393361158,7811.532088395389,119651.04264961269,817.0685475910492,NTP
7.0,2500.0,0.01,0.33333333333333337,33.333333333333336,5.367400439844587,14.927565554628256,369.7241748747047,8707.239274480577,7841.989704132301,119964.22847864829,819.2072192213967,NTP
7.0,2500.0,0.01,0.3666666666666667,36.66666666666667,5.492709440634595,14.927565554628256,355.4179933194325,7583.958476856479,7868.277662160546,120235.01537876608,821.0563586378734,NTP
7.0,2500.0,0.01,0.4,40.0,5.608745569976547,14.927565554628256,342.86002489950187,6686.779353881891,7891.281062109067,120472.32710618235,822.6769040518749,NTP
7.0,2666.6666666666665,0.01,0.1,10.0,3.922551820933724,14.45355319812368,654.0303815117611,51144.64958951794,7622.387046053998,115285.04162578208,813.0726040922797,NTP
7.0,2666.6666666666665,0.01,0.13333333333333333,13.333333333333332,4.247519607100944,14.45355319812368,578.6679686282318,33320.424714474415,7763.784284417848,116656.99246885322,822.7485831172374,NTP
7.0,2666.6666666666665,0.01,0.16666666666666669,16.666666666666668,4.507426234878473,14.45355319812368,526.6576055839743,23963.85803764952,7859.884323279521,117597.23253722716,829.3798288546179,NTP
7.0,2666.6666666666665,0.01,0.2,20.0,4.7254886296500995,14.45355319812368,487.860039747727,18333.308266542732,7930.812676258087,118295.08457395845,834.3015807555976,NTP
7.0,2666.6666666666665,0.01,0.23333333333333336,23.333333333333336,4.914189225811574,14.45355319812368,457.4159096555259,14631.771424120487,7986.0284781233795,118840.56744924841,838.1487163045391,NTP
7.0,2666.6666666666665,0.01,0.26666666666666666,26.666666666666664,5.0810556816992065,14.45355319812368,432.6598453623064,12042.607854852782,8030.648100708577,119282.7616336297,841.2673860984611,NTP
7.0,2666.6666666666665,0.01,0.3,30.0,5.23099666718678,14.45355319812368,411.98896797262694,10146.284393361158,8067.7156497920505,119651.04264961272,843.8647673413377,NTP
7.0,2666.6666666666665,0.01,0.33333333333333337,33.333333333333336,5.367400439844587,14.45355319812368,394.372453199685,8707.239274480577,8099.172140062516,119964.2284786483,846.0735779032955,NTP
7.0,2666.6666666666665,0.01,0.3666666666666667,36.66666666666667,5.492709440634595,14.45355319812368,379.1125262073947,7583.958476856479,8126.322226368967,120235.0153787661,847.9833608805834,NTP
7.0,2666.6666666666665,0.01,0.4,40.0,5.608745569976547,14.45355319812368,365.717359892802,6686.779353881891,8150.080035677437,120472.32710618235,849.6570529873035,NTP
7.0,2833.3333333333335,0.01,0.1,10.0,3.922551820933724,14.022006235611263,694.9072803562462,51144.64958951794,7856.976727555107,115285.04162578208,838.0960569921198,NTP
7.0,2833.3333333333335,0.01,0.13333333333333333,13.333333333333332,4.247519607100944,14.022006235611263,614.8347166674964,33320.424714474415,8002.725664791303,116656.99246885319,848.0698278799101,NTP
7.0,2833.3333333333335,0.01,0.16666666666666669,16.666666666666668,4.507426234878473,14.022006235611263,559.5737059329728,23963.85803764952,8101.783317504463,117597.23253722714,854.9051595310718,NTP
7.0,2833.3333333333335,0.01,0.2,20.0,4.7254886296500995,14.022006235611263,518.35129223196,18333.308266542732,8174.894590299893,118295.08457395843,859.9783852687777,NTP
7.0,2833.3333333333335,0.01,0.23333333333333336,23.333333333333336,4.914189225811574,14.022006235611263,486.0044040089963,14631.771424120487,8231.809736123338,118840.5674492484,863.9439218248664,NTP
7.0,2833.3333333333335,0.01,0.26666666666666666,26.666666666666664,5.0810556816992065,14.022006235611263,459.7010856974506,12042.607854852782,8277.80259034683,119282.76163362972,867.1585730678075,NTP
7.0,2833.3333333333335,0.01,0.3,30.0,5.23099666718678,14.022006235611263,437.73827847091616,10146.284393361158,8316.01094538531,119651.04264961267,869.8358923714017,NTP
7.0,2833.3333333333335,0.01,0.33333333333333337,33.333333333333336,5.367400439844587,14.022006235611263,419.0207315246654,8707.239274480577,8348.435553384397,119964.2284786483,872.112682184885,NTP
7.0,2833.3333333333335,0.01,0.3666666666666667,36.66666666666667,5.492709440634595,14.022006235611263,402.80705909535686,7583.958476856479,8376.421221780929,120235.01537876607,874.0812414192259,NTP
7.0,2833.3333333333335,0.01,0.4,40.0,5.608745569976547,14.022006235611263,388.5746948861021,6686.779353881891,8400.910211083956,120472.32710618232,875.8064437544183,NTP
7.0,3000.0,0.01,0.1,10.0,3.922551820933724,13.626940638178356,735.7841792007313,51144.64958951794,8084.76235363992,115285.0416257821,862.3937279259841,NTP
7.0,3000.0,0.01,0.13333333333333333,13.333333333333332,4.247519607100944,13.626940638178356,651.0014647067609,33320.424714474415,8234.73677277211,116656.99246885322,872.6566535007335,NTP
7.0,3000.0,0.01,0.16666666666666669,16.666666666666668,4.507426234878473,13.626940638178356,592.4898062819711,23963.85803764952,8336.666256499182,117597.23253722719,879.6901517436579,NTP
7.0,3000.0,0.01,0.2,20.0,4.7254886296500995,13.626940638178356,548.842544716193,18333.308266542732,8411.897135553487,118295.08457395846,884.9104579604085,NTP
7.0,3000.0,0.01,0.23333333333333336,23.333333333333336,4.914189225811574,13.626940638178356,514.5928983624667,14631.771424120487,8470.46233744489,118840.56744924844,888.9909614126093,NTP
7.0,3000.0,0.01,0.26666666666666666,26.666666666666664,5.0810556816992065,13.626940638178356,486.7423260325947,12042.607854852782,8517.788594000855,119282.76163362972,892.2988102519549,NTP
7.0,3000.0,0.01,0.3,30.0,5.23099666718678,13.626940638178356,463.4875889692053,10146.284393361158,8557.104666979187,119651.0426496127,895.0537490872019,NTP
7.0,3000.0,0.01,0.33333333333333337,33.333333333333336,5.367400439844587,13.626940638178356,443.6690098496457,8707.239274480577,8590.469313353049,119964.2284786483,897.3965464772773,NTP
7.0,3000.0,0.01,0.3666666666666667,36.66666666666667,5.492709440634595,13.626940638178356,426.50159198331903,7583.958476856479,8619.266328558688,120235.01537876611,899.4221772180297,NTP
7.0,3000.0,0.01,0.4,40.0,5.608745569976547,13.626940638178356,411.43202987940225,6686.779353881891,8644.465290660923,120472.32710618236,901.19739577545,NTP
7.0,3166.6666666666665,0.01,0.1,10.0,3.922551820933724,13.263490055938998,776.6610780452164,51144.64958951794,8306.303710575723,115285.0416257821,886.0253287499255,NTP
7.0,3166.6666666666665,0.01,0.13333333333333333,13.333333333333332,4.247519607100944,13.263490055938998,687.1682127460253,33320.424714474415,8460.38777880666,116656.99246885322,896.5694824373278,NTP
7.0,3166.6666666666665,0.01,0.16666666666666669,16.666666666666668,4.507426234878473,13.263490055938998,625.4059066309695,23963.85803764952,8565.110368273752,117597.23253722717,903.7957149470845,NTP
7.0,3166.6666666666665,0.01,0.2,20.0,4.7254886296500995,13.263490055938998,579.3337972004258,18333.308266542732,8642.40274899009,118295.08457395846,909.1590697374719,NTP
7.0,3166.6666666666665,0.01,0.23333333333333336,23.333333333333336,4.914189225811574,13.263490055938998,543.181392715937,14631.771424120487,8702.572774094433,118840.56744924842,913.3513885074567,NTP
7.0,3166.6666666666665,0.01,0.26666666666666666,26.666666666666664,5.0810556816992065,13.263490055938998,513.7835663677388,12042.607854852782,8751.195880531382,119282.76163362972,916.7498801249513,NTP
7.0,3166.6666666666665,0.01,0.3,30.0,5.23099666718678,13.263490055938998,489.2368994674945,10146.284393361158,8791.58930566628,119651.04264961272,919.5803107138381,NTP
7.0,3166.6666666666665,0.01,0.33333333333333337,33.333333333333336,5.367400439844587,13.263490055938998,468.31728817462596,8707.239274480577,8825.868221218137,119964.2284786483,921.9873062200878,NTP
7.0,3166.6666666666665,0.01,0.3666666666666667,36.66666666666667,5.492709440634595,13.263490055938998,450.1961248712812,7583.958476856479,8855.454341847695,120235.0153787661,924.0684439706109,NTP
7.0,3166.6666666666665,0.01,0.4,40.0,5.608745569976547,13.263490055938998,434.2893648727024,6686.779353881891,8881.343814321579,120472.32710618236,925.8923076595596,NTP
7.0,3333.333333333333,0.01,0.1,10.0,3.922551820933724,12.927650986965615,817.5379768897014,51144.64958951794,8522.087792895281,115285.04162578209,909.0428066965554,NTP
7.0,3333.333333333333,0.01,0.13333333333333333,13.333333333333332,4.247519607100944,12.927650986965615,723.3349607852898,33320.424714474415,8680.174711301435,116656.99246885322,919.8608801208892,NTP
7.0,3333.333333333333,0.01,0.16666666666666669,16.666666666666668,4.507426234878473,12.927650986965615,658.3220069799678,23963.85803764952,8787.61782106897,117597.23253722716,927.2748382430335,NTP
7.0,3333.333333333333,0.01,0.2,20.0,4.7254886296500995,12.927650986965615,609.8250496846588,18333.308266542732,8866.918130465057,118295.08457395845,932.7775241525231,NTP
7.0,3333.333333333333,0.01,0.23333333333333336,23.333333333333336,4.914189225811574,12.927650986965615,571.7698870694073,14631.771424120487,8928.651273666534,118840.56744924841,937.0787524555677,NTP
7.0,3333.333333333333,0.01,0.26666666666666666,26.666666666666664,5.0810556816992065,12.927650986965615,540.8248067028829,12042.607854852782,8978.537528281977,119282.7616336297,940.5655312848602,NTP
7.0,3333.333333333333,0.01,0.3,30.0,5.23099666718678,12.927650986965615,514.9862099657836,10146.284393361158,9019.980308036955,119651.0426496127,943.4694917961375,NTP
7.0,3333.333333333333,0.01,0.33333333333333337,33.333333333333336,5.367400439844587,12.927650986965615,492.96556649960627,8707.239274480577,9055.149733326116,119964.2284786483,945.9390170791162,NTP
7.0,3333.333333333333,0.01,0.3666666666666667,36.66666666666667,5.492709440634595,12.927650986965615,473.8906577592433,7583.958476856479,9085.504452614221,120235.0153787661,948.07421935886,NTP
7.0,3333.333333333333,0.01,0.4,40.0,5.608745569976547,12.927650986965615,457.14669986600245,6686.779353881891,9112.066490919331,120472.32710618236,949.9454640208756,NTP
7.0,3500.0,0.01,0.1,10.0,3.922551820933724,12.616095541232921,858.4148757341866,51144.64958951794,8732.541403698324,115285.04162578209,931.4916884369331,NTP
7.0,3500.0,0.01,0.13333333333333333,13.333333333333332,4.247519607100944,12.616095541232921,759.5017088245544,33320.424714474415,8894.532290663336,116656.99246885319,942.5769150131013,NTP
7.0,3500.0,0.01,0.16666666666666669,16.666666666666668,4.507426234878473,12.616095541232921,691.2381073289663,23963.85803764952,9004.628716256291,117597.23253722717,950.1739613989515,NTP
7.0,3500.0,0.01,0.2,20.0,4.7254886296500995,12.616095541232921,640.3163021688918,18333.308266542732,9085.887352866997,118295.08457395846,955.8125365584596,NTP
7.0,3500.0,0.01,0.23333333333333336,23.333333333333336,4.914189225811574,12.616095541232921,600.3583814228778,14631.771424120487,9149.145000768343,118840.56744924841,960.2199840239044,NTP
7.0,3500.0,0.01,0.26666666666666666,26.666666666666664,5.0810556816992065,12.616095541232921,567.8660470380272,12042.607854852782,9200.263200262601,119282.76163362974,963.7928691234596,NTP
7.0,3500.0,0.01,0.3,30.0,5.23099666718678,12.616095541232921,540.7355204640728,10146.284393361158,9242.729412637977,119651.0426496127,966.7685431619944,NTP
7.0,3500.0,0.01,0.33333333333333337,33.333333333333336,5.367400439844587,12.616095541232921,517.6138448245866,8707.239274480577,9278.76734957849,119964.2284786483,969.2990535609919,NTP
7.0,3500.0,0.01,0.3666666666666667,36.66666666666667,5.492709440634595,12.616095541232921,497.58519064720554,7583.958476856479,9309.871680984463,120235.0153787661,971.4869848245819,NTP
7.0,3500.0,0.01,0.4,40.0,5.608745569976547,12.616095541232921,480.00403485930264,6686.779353881891,9337.089670860063,120472.32710618236,973.4044400168557,NTP
7.0,3666.6666666666665,0.01,0.1,10.0,3.922551820933724,12.326031582895572,899.2917745786716,51144.64958951794,8938.041082071408,115285.04162578208,953.412139028776,NTP
7.0,3666.6666666666665,0.01,0.13333333333333333,13.333333333333332,4.247519607100944,12.326031582895572,795.6684568638188,33320.424714474415,9103.844040875734,116656.99246885319,964.7582301563715,NTP
7.0,3666.6666666666665,0.01,0.16666666666666669,16.666666666666668,4.507426234878473,12.326031582895572,724.1542076779647,23963.85803764952,9216.531325074844,117597.23253722716,972.5340550348395,NTP
7.0,3666.6666666666665,0.01,0.2,20.0,4.7254886296500995,12.326031582895572,670.8075546531246,18333.308266542732,9299.70219123209,118295.08457395845,978.3053207054135,NTP
7.0,3666.6666666666665,0.01,0.23333333333333336,23.333333333333336,4.914189225811574,12.326031582895572,628.9468757763481,14631.771424120487,9364.448458047154,118840.56744924841,982.8164870076466,NTP
7.0,3666.6666666666665,0.01,0.26666666666666666,26.666666666666664,5.0810556816992065,12.326031582895572,594.9072873731712,12042.607854852782,9416.7696032899,119282.76163362972,986.4734514954209,NTP
7.0,3666.6666666666665,0.01,0.3,30.0,5.23099666718678,12.326031582895572,566.484830962362,10146.284393361158,9460.235157389689,119651.04264961272,989.5191509743854,NTP
7.0,3666.6666666666665,0.01,0.33333333333333337,33.333333333333336,5.367400439844587,12.326031582895572,542.262123149567,8707.239274480577,9497.121161818019,119964.2284786483,992.1092109419532,NTP
7.0,3666.6666666666665,0.01,0.3666666666666667,36.66666666666667,5.492709440634595,12.326031582895572,521.2797235351677,7583.958476856479,9528.957459991105,120235.0153787661,994.3486299855816,NTP
7.0,3666.6666666666665,0.01,0.4,40.0,5.608745569976547,12.326031582895572,502.8613698526027,6686.779353881891,9556.815960790938,120472.32710618236,996.3112079441947,NTP
7.0,3833.333333333333,0.01,0.1,10.0,3.922551820933724,12.055096704598073,940.1686734231566,51144.64958951794,9138.921019589074,115285.04162578209,974.8398063619294,NTP
7.0,3833.333333333333,0.01,0.13333333333333333,13.333333333333332,4.247519607100944,12.055096704598073,831.8352049030832,33320.424714474415,9308.45035285275,116656.99246885319,986.4408976686302,NTP
7.0,3833.333333333333,0.01,0.16666666666666669,16.666666666666668,4.507426234878473,12.055096704598073,757.0703080269631,23963.85803764952,9423.670251793848,117597.23253722717,994.3914820051713,NTP
7.0,3833.333333333333,0.01,0.2,20.0,4.7254886296500995,12.055096704598073,701.2988071373576,18333.308266542732,9508.710359571662,118295.08457395845,1000.2924552343318,NTP
7.0,3833.333333333333,0.01,0.23333333333333336,23.333333333333336,4.914189225811574,12.055096704598073,657.5353701298185,14631.771424120487,9574.911780364302,118840.56744924841,1004.9050087193496,NTP
7.0,3833.333333333333,0.01,0.26666666666666666,26.666666666666664,5.0810556816992065,12.055096704598073,621.9485277083154,12042.607854852782,9628.408828502403,119282.7616336297,1008.644162446473,NTP
7.0,3833.333333333333,0.01,0.3,30.0,5.23099666718678,12.055096704598073,592.2341414606511,10146.284393361158,9672.851258599017,119651.04264961269,1011.758313157135,NTP
7.0,3833.333333333333,0.01,0.33333333333333337,33.333333333333336,5.367400439844587,12.055096704598073,566.9104014745473,8707.239274480577,9710.566265511989,119964.2284786483,1014.4065839876511,NTP
7.0,3833.333333333333,0.01,0.3666666666666667,36.66666666666667,5.492709440634595,12.055096704598073,544.9742564231299,7583.958476856479,9743.118075454273,120235.0153787661,1016.6963333389418,NTP
7.0,3833.333333333333,0.01,0.4,40.0,5.608745569976547,12.055096704598073,525.7187048459028,6686.779353881891,9771.602688155877,120472.32710618235,1018.7030196803738,NTP
7.0,4000.0,0.01,0.1,10.0,3.922551820933724,11.801276768524986,981.0455722676418,51144.64958951794,9335.47944241632,115285.04162578209,995.8065019310235,NTP
7.0,4000.0,0.01,0.13333333333333333,13.333333333333332,4.247519607100944,11.801276768524986,868.0019529423478,33320.424714474415,9508.654984931378,116656.99246885322,1007.6571076175329,NTP
7.0,4000.0,0.01,0.16666666666666669,16.666666666666668,4.507426234878473,11.801276768524986,789.9864083759614,23963.85803764952,9626.353014667744,117597.23253722716,1015.7786918253271,NTP
7.0,4000.0,0.01,0.2,20.0,4.7254886296500995,11.801276768524986,731.7900596215906,18333.308266542732,9713.222151214495,118295.08457395845,1021.8065822243137,NTP
7.0,4000.0,0.01,0.23333333333333336,23.333333333333336,4.914189225811574,11.801276768524986,686.1238644832889,14631.771424120487,9780.847421368786,118840.56744924841,1026.518341757428,NTP
7.0,4000.0,0.01,0.26666666666666666,26.666666666666664,5.0810556816992065,11.801276768524986,648.9897680434597,12042.607854852782,9835.495075293435,119282.76163362972,1030.337916593098,NTP
7.0,4000.0,0.01,0.3,30.0,5.23099666718678,11.801276768524986,617.9834519589403,10146.284393361158,9880.893365928474,119651.0426496127,1033.5190459493597,NTP
7.0,4000.0,0.01,0.33333333333333337,33.333333333333336,5.367400439844587,11.801276768524986,591.5586797995276,8707.239274480577,9919.419541059206,119964.2284786483,1036.224275356993,NTP
7.0,4000.0,0.01,0.3666666666666667,36.66666666666667,5.492709440634595,11.801276768524986,568.668789311092,7583.958476856479,9952.67147002087,120235.01537876608,1038.5632722638973,NTP
7.0,4000.0,0.01,0.4,40.0,5.608745569976547,11.801276768524986,548.576039839203,6686.779353881891,9981.76872512692,120472.32710618235,1040.6131180878915,NTP
8.0,2500.0,0.01,0.1,10.0,3.922551820933724,17.06007491957515,613.1534826672761,58451.02810230622,7380.34452192857,131754.33328660807,787.2541637267237,NTP
8.0,2500.0,0.01,0.13333333333333333,13.333333333333332,4.247519607100944,17.06007491957515,542.5012205889674,38080.48538797076,7517.2518092742985,133322.2771072608,796.6228901322022,NTP
8.0,2500.0,0.01,0.16666666666666669,16.666666666666668,4.507426234878473,17.06007491957515,493.74150523497593,27387.26632874231,7610.300271794585,134396.83718540246,803.0435662085731,NTP
8.0,2500.0,0.01,0.2,20.0,4.7254886296500995,17.06007491957515,457.3687872634941,20952.352304620264,7678.976354259561,135194.38237023822,807.8090319952379,NTP
8.0,2500.0,0.01,0.23333333333333336,23.333333333333336,4.914189225811574,17.06007491957515,428.82741530205556,16722.024484709127,7732.438824527502,135817.79137056958,811.534004973151,NTP
8.0,2500.0,0.01,0.26666666666666666,26.666666666666664,5.0810556816992065,17.06007491957515,405.61860502716223,13762.980405546037,7775.641588324135,136323.1561527197,814.5536440166964,NTP
8.0,2500.0,0.01,0.3,30.0,5.23099666718678,17.06007491957515,386.2396574743378,11595.753592412753,7811.532088395389,136744.04874241448,817.0685475910491,NTP
8.0,2500.0,0.01,0.33333333333333337,33.333333333333336,5.367400439844587,17.06007491957515,369.7241748747047,9951.130599406373,7841.989704132301,137101.9754041695,819.2072192213967,NTP
8.0,2500.0,0.01,0.3666666666666667,36.66666666666667,5.492709440634595,17.06007491957515,355.4179933194325,8667.381116407405,7868.277662160546,137411.44614716124,821.0563586378732,NTP
8.0,2500.0,0.01,0.4,40.0,5.608745569976547,17.06007491957515,342.86002489950187,7642.033547293589,7891.281062109067,137682.65954992268,822.6769040518748,NTP
8.0,2666.6666666666665,0.01,0.1,10.0,3.922551820933724,16.51834651214135,654.0303815117611,58451.02810230622,7622.387046053998,131754.33328660807,813.0726040922796,NTP
8.0,2666.6666666666665,0.01,0.13333333333333333,13.333333333333332,4.247519607100944,16.51834651214135,578.6679686282318,38080.48538797076,7763.784284417848,133322.2771072608,822.7485831172373,NTP
8.0,2666.6666666666665,0.01,0.16666666666666669,16.666666666666668,4.507426234878473,16.51834651214135,526.6576055839743,27387.26632874231,7859.884323279521,134396.83718540246,829.3798288546179,NTP
8.0,2666.6666666666665,0.01,0.2,20.0,4.7254886296500995,16.51834651214135,487.860039747727,20952.352304620264,7930.812676258087,135194.38237023822,834.3015807555976,NTP
8.0,2666.6666666666665,0.01,0.23333333333333336,23.333333333333336,4.914189225811574,16.51834651214135,457.4159096555259,16722.024484709127,7986.0284781233795,135817.7913705696,838.1487163045391,NTP
8.0,2666.6666666666665,0.01,0.26666666666666666,26.666666666666664,5.0810556816992065,16.51834651214135,432.6598453623064,13762.980405546037,8030.648100708577,136323.1561527197,841.2673860984613,NTP
8.0,2666.6666666666665,0.01,0.3,30.0,5.23099666718678,16.51834651214135,411.98896797262694,11595.753592412753,8067.7156497920505,136744.0487424145,843.8647673413376,NTP
8.0,2666.6666666666665,0.01,0.33333333333333337,33.333333333333336,5.367400439844587,16.51834651214135,394.372453199685,9951.130599406373,8099.172140062516,137101.9754041695,846.0735779032955,NTP
8.0,2666.6666666666665,0.01,0.3666666666666667,36.66666666666667,5.492709440634595,16.51834651214135,379.1125262073947,8667.381116407405,8126.322226368967,137411.44614716124,847.9833608805833,NTP
8.0,2666.6666666666665,0.01,0.4,40.0,5.608745569976547,16.51834651214135,365.717359892802,7642.033547293589,8150.080035677437,137682.65954992268,849.6570529873035,NTP
8.0,2833.3333333333335,0.01,0.1,10.0,3.922551820933724,16.025149983555732,694.9072803562462,58451.02810230622,7856.976727555107,131754.3332866081,838.0960569921198,NTP
8.0,2833.3333333333335,0.01,0.13333333333333333,13.333333333333332,4.247519607100944,16.025149983555732,614.8347166674964,38080.48538797076,8002.725664791303,133322.2771072608,848.06982787991,NTP
8.0,2833.3333333333335,0.01,0.16666666666666669,16.666666666666668,4.507426234878473,16.025149983555732,559.5737059329728,27387.26632874231,8101.783317504463,134396.8371854025,854.905159531072,NTP
8.0,2833.3333333333335,0.01,0.2,20.0,4.7254886296500995,16.025149983555732,518.35129223196,20952.352304620264,8174.894590299893,135194.38237023822,859.9783852687776,NTP
8.0,2833.3333333333335,0.01,0.23333333333333336,23.333333333333336,4.914189225811574,16.025149983555732,486.0044040089963,16722.024484709127,8231.809736123338,135817.7913705696,863.9439218248664,NTP
8.0,2833.3333333333335,0.01,0.26666666666666666,26.666666666666664,5.0810556816992065,16.025149983555732,459.7010856974506,13762.980405546037,8277.80259034683,136323.1561527197,867.1585730678074,NTP
8.0,2833.3333333333335,0.01,0.3,30.0,5.23099666718678,16.025149983555732,437.73827847091616,11595.753592412753,8316.01094538531,136744.04874241448,869.8358923714015,NTP
8.0,2833.3333333333335,0.01,0.33333333333333337,33.333333333333336,5.367400439844587,16.025149983555732,419.0207315246654,9951.130599406373,8348.435553384397,137101.97540416953,872.112682184885,NTP
8.0,2833.3333333333335,0.01,0.3666666666666667,36.66666666666667,5.492709440634595,16.025149983555732,402.80705909535686,8667.381116407405,8376.421221780929,137411.44614716124,874.0812414192259,NTP
8.0,2833.3333333333335,0.01,0.4,40.0,5.608745569976547,16.025149983555732,388.5746948861021,7642.033547293589,8400.910211083956,137682.65954992268,875.8064437544183,NTP
8.0,3000.0,0.01,0.1,10.0,3.922551820933724,15.573646443632406,735.7841792007313,58451.02810230622,8084.76235363992,131754.3332866081,862.393727925984,NTP
8.0,3000.0,0.01,0.13333333333333333,13.333333333333332,4.247519607100944,15.573646443632406,651.0014647067609,38080.48538797076,8234.73677277211,133322.2771072608,872.6566535007333,NTP
8.0,3000.0,0.01,0.16666666666666669,16.666666666666668,4.507426234878473,15.573646443632406,592.4898062819711,27387.26632874231,8336.666256499182,134396.8371854025,879.6901517436579,NTP
8.0,3000.0,0.01,0.2,20.0,4.7254886296500995,15.573646443632406,548.842544716193,20952.352304620264,8411.897135553487,135194.38237023822,884.9104579604084,NTP
8.0,3000.0,0.01,0.23333333333333336,23.333333333333336,4.914189225811574,15.573646443632406,514.5928983624667,16722.024484709127,8470.46233744489,135817.7913705696,888.9909614126091,NTP
8.0,3000.0,0.01,0.26666666666666666,26.666666666666664,5.0810556816992065,15.573646443632406,486.7423260325947,13762.980405546037,8517.788594000855,136323.1561527197,892.298810251955,NTP
8.0,3000.0,0.01,0.3,30.0,5.23099666718678,15.573646443632406,463.4875889692053,11595.753592412753,8557.104666979187,136744.04874241448,895.0537490872017,NTP
8.0,3000.0,0.01,0.33333333333333337,33.333333333333336,5.367400439844587,15.573646443632406,443.6690098496457,9951.130599406373,8590.469313353049,137101.9754041695,897.3965464772773,NTP
8.0,3000.0,0.01,0.3666666666666667,36.66666666666667,5.492709440634595,15.573646443632406,426.50159198331903,8667.381116407405,8619.266328558688,137411.44614716127,899.4221772180298,NTP
8.0,3000.0,0.01,0.4,40.0,5.608745569976547,15.573646443632406,411.43202987940225,7642.033547293589,8644.465290660923,137682.65954992268,901.1973957754499,NTP
8.0,3166.6666666666665,0.01,0.1,10.0,3.922551820933724,15.15827434964457,776.6610780452164,58451.02810230622,8306.303710575723,131754.3332866081,886.0253287499255,NTP
8.0,3166.6666666666665,0.01,0.13333333333333333,13.333333333333332,4.247519607100944,15.15827434964457,687.1682127460253,38080.48538797076,8460.38777880666,133322.27710726083,896.5694824373279,NTP
8.0,3166.6666666666665,0.01,0.16666666666666669,16.666666666666668,4.507426234878473,15.15827434964457,625.4059066309695,27387.26632874231,8565.110368273752,134396.8371854025,903.7957149470847,NTP
8.0,3166.6666666666665,0.01,0.2,20.0,4.7254886296500995,15.15827434964457,579.3337972004258,20952.352304620264,8642.40274899009,135194.38237023822,909.1590697374719,NTP
8.0,3166.6666666666665,0.01,0.23333333333333336,23.333333333333336,4.914189225811574,15.15827434964457,543.181392715937,16722.024484709127,8702.572774094433,135817.7913705696,913.3513885074567,NTP
8.0,3166.6666666666665,0.01,0.26666666666666666,26.666666666666664,5.0810556816992065,15.15827434964457,513.7835663677388,13762.980405546037,8751.195880531382,136323.1561527197,916.7498801249515,NTP
8.0,3166.6666666666665,0.01,0.3,30.0,5.23099666718678,15.15827434964457,489.2368994674945,11595.753592412753,8791.58930566628,136744.0487424145,919.580310713838,NTP
8.0,3166.6666666666665,0.01,0.33333333333333337,33.333333333333336,5.367400439844587,15.15827434964457,468.31728817462596,9951.130599406373,8825.868221218137,137101.9754041695,921.9873062200879,NTP
8.0,3166.6666666666665,0.01,0.3666666666666667,36.66666666666667,5.492709440634595,15.15827434964457,450.1961248712812,8667.381116407405,8855.454341847695,137411.44614716127,924.0684439706112,NTP
8.0,3166.6666666666665,0.01,0.4,40.0,5.608745569976547,15.15827434964457,434.2893648727024,7642.033547293589,8881.343814321579,137682.6595499227,925.8923076595598,NTP
8.0,3333.333333333333,0.01,0.1,10.0,3.922551820933724,14.774458270817844,817.5379768897014,58451.02810230622,8522.087792895281,131754.3332866081,909.0428066965557,NTP
8.0,3333.333333333333,0.01,0.13333333333333333,13.333333333333332,4.247519607100944,14.774458270817844,723.3349607852898,38080.48538797076,8680.174711301435,133322.2771072608,919.8608801208892,NTP
8.0,3333.333333333333,0.01,0.16666666666666669,16.666666666666668,4.507426234878473,14.774458270817844,658.3220069799678,27387.26632874231,8787.61782106897,134396.83718540246,927.2748382430336,NTP
8.0,3333.333333333333,0.01,0.2,20.0,4.7254886296500995,14.774458270817844,609.8250496846588,20952.352304620264,8866.918130465057,135194.38237023822,932.7775241525233,NTP
8.0,3333.333333333333,0.01,0.23333333333333336,23.333333333333336,4.914189225811574,14.774458270817844,571.7698870694073,16722.024484709127,8928.651273666534,135817.79137056958,937.0787524555677,NTP
8.0,3333.333333333333,0.01,0.26666666666666666,26.666666666666664,5.0810556816992065,14.774458270817844,540.8248067028829,13762.980405546037,8978.537528281977,136323.15615271966,940.5655312848603,NTP
8.0,3333.333333333333,0.01,0.3,30.0,5.23099666718678,14.774458270817844,514.9862099657836,11595.753592412753,9019.980308036955,136744.04874241448,943.4694917961375,NTP
8.0,3333.333333333333,0.01,0.33333333333333337,33.333333333333336,5.367400439844587,14.774458270817844,492.96556649960627,9951.130599406373,9055.149733326116,137101.9754041695,945.9390170791164,NTP
8.0,3333.333333333333,0.01,0.3666666666666667,36.66666666666667,5.492709440634595,14.774458270817844,473.8906577592433,8667.381116407405,9085.504452614221,137411.44614716124,948.0742193588602,NTP
8.0,3333.333333333333,0.01,0.4,40.0,5.608745569976547,14.774458270817844,457.14669986600245,7642.033547293589,9112.066490919331,137682.65954992268,949.9454640208756,NTP
8.0,3500.0,0.01,0.1,10.0,3.922551820933724,14.418394904266195,858.4148757341866,58451.02810230622,8732.541403698324,131754.3332866081,931.4916884369331,NTP
8.0,3500.0,0.01,0.13333333333333333,13.333333333333332,4.247519607100944,14.418394904266195,759.5017088245544,38080.48538797076,8894.532290663336,133322.2771072608,942.5769150131014,NTP
8.0,3500.0,0.01,0.16666666666666669,16.666666666666668,4.507426234878473,14.418394904266195,691.2381073289663,27387.26632874231,9004.628716256291,134396.8371854025,950.1739613989516,NTP
8.0,3500.0,0.01,0.2,20.0,4.7254886296500995,14.418394904266195,640.3163021688918,20952.352304620264,9085.887352866997,135194.38237023825,955.8125365584596,NTP
8.0,3500.0,0.01,0.23333333333333336,23.333333333333336,4.914189225811574,14.418394904266195,600.3583814228778,16722.024484709127,9149.145000768343,135817.7913705696,960.2199840239044,NTP
8.0,3500.0,0.01,0.26666666666666666,26.666666666666664,5.0810556816992065,14.418394904266195,567.8660470380272,13762.980405546037,9200.263200262601,136323.1561527197,963.7928691234596,NTP
8.0,3500.0,0.01,0.3,30.0,5.23099666718678,14.418394904266195,540.7355204640728,11595.753592412753,9242.729412637977,136744.0487424145,966.7685431619944,NTP
8.0,3500.0,0.01,0.33333333333333337,33.333333333333336,5.367400439844587,14.418394904266195,517.6138448245866,9951.130599406373,9278.76734957849,137101.9754041695,969.2990535609919,NTP
8.0,3500.0,0.01,0.3666666666666667,36.66666666666667,5.492709440634595,14.418394904266195,497.58519064720554,8667.381116407405,9309.871680984463,137411.44614716124,971.4869848245818,NTP
8.0,3500.0,0.01,0.4,40.0,5.608745569976547,14.418394904266195,480.00403485930264,7642.033547293589,9337.089670860063,137682.6595499227,973.4044400168558,NTP
8.0,3666.6666666666665,0.01,0.1,10.0,3.922551820933724,14.08689323759494,899.2917745786716,58451.02810230622,8938.041082071408,131754.3332866081,953.4121390287761,NTP
8.0,3666.6666666666665,0.01,0.13333333333333333,13.333333333333332,4.247519607100944,14.08689323759494,795.6684568638188,38080.48538797076,9103.844040875734,133322.2771072608,964.7582301563716,NTP
8.0,3666.6666666666665,0.01,0.16666666666666669,16.666666666666668,4.507426234878473,14.08689323759494,724.1542076779647,27387.26632874231,9216.531325074844,134396.83718540246,972.5340550348395,NTP
8.0,3666.6666666666665,0.01,0.2,20.0,4.7254886296500995,14.08689323759494,670.8075546531246,20952.352304620264,9299.70219123209,135194.38237023822,978.3053207054136,NTP
8.0,3666.6666666666665,0.01,0.23333333333333336,23.333333333333336,4.914189225811574,14.08689323759494,628.9468757763481,16722.024484709127,9364.448458047154,135817.7913705696,982.8164870076467,NTP
8.0,3666.6666666666665,0.01,0.26666666666666666,26.666666666666664,5.0810556816992065,14.08689323759494,594.9072873731712,13762.980405546037,9416.7696032899,136323.1561527197,986.473451495421,NTP
8.0,3666.6666666666665,0.01,0.3,30.0,5.23099666718678,14.08689323759494,566.484830962362,11595.753592412753,9460.235157389689,136744.0487424145,989.5191509743853,NTP
8.0,3666.6666666666665,0.01,0.33333333333333337,33.333333333333336,5.367400439844587,14.08689323759494,542.262123149567,9951.130599406373,9497.121161818019,137101.9754041695,992.1092109419533,NTP
8.0,3666.6666666666665,0.01,0.3666666666666667,36.66666666666667,5.492709440634595,14.08689323759494,521.2797235351677,8667.381116407405,9528.957459991105,137411.44614716124,994.3486299855816,NTP
8.0,3666.6666666666665,0.01,0.4,40.0,5.608745569976547,14.08689323759494,502.8613698526027,7642.033547293589,9556.815960790938,137682.65954992268,996.3112079441946,NTP
8.0,3833.333333333333,0.01,0.1,10.0,3.922551820933724,13.777253376683511,940.1686734231566,58451.02810230622,9138.921019589074,131754.3332866081,974.8398063619295,NTP
8.0,3833.333333333333,0.01,0.13333333333333333,13.333333333333332,4.247519607100944,13.777253376683511,831.8352049030832,38080.48538797076,9308.45035285275,133322.2771072608,986.4408976686306,NTP
8.0,3833.333333333333,0.01,0.16666666666666669,16.666666666666668,4.507426234878473,13.777253376683511,757.0703080269631,27387.26632874231,9423.670251793848,134396.83718540246,994.3914820051713,NTP
8.0,3833.333333333333,0.01,0.2,20.0,4.7254886296500995,13.777253376683511,701.2988071373576,20952.352304620264,9508.710359571662,135194.38237023822,1000.2924552343319,NTP
8.0,3833.333333333333,0.01,0.23333333333333336,23.333333333333336,4.914189225811574,13.777253376683511,657.5353701298185,16722.024484709127,9574.911780364302,135817.79137056958,1004.9050087193494,NTP
8.0,3833.333333333333,0.01,0.26666666666666666,26.666666666666664,5.0810556816992065,13.777253376683511,621.9485277083154,13762.980405546037,9628.408828502403,136323.15615271966,1008.6441624464732,NTP
8.0,3833.333333333333,0.01,0.3,30.0,5.23099666718678,13.777253376683511,592.2341414606511,11595.753592412753,9672.851258599017,136744.04874241448,1011.758313157135,NTP
8.0,3833.333333333333,0.01,0.33333333333333337,33.333333333333336,5.367400439844587,13.777253376683511,566.9104014745473,9951.130599406373,9710.566265511989,137101.9754041695,1014.4065839876512,NTP
8.0,3833.333333333333,0.01,0.3666666666666667,36.66666666666667,5.492709440634595,13.777253376683511,544.9742564231299,8667.381116407405,9743.118075454273,137411.44614716124,1016.6963333389419,NTP
8.0,3833.333333333333,0.01,0.4,40.0,5.608745569976547,13.777253376683511,525.7187048459028,7642.033547293589,9771.602688155877,137682.65954992268,1018.703019680374,NTP
8.0,4000.0,0.01,0.1,10.0,3.922551820933724,13.48717344974284,981.0455722676418,58451.02810230622,9335.47944241632,131754.3332866081,995.8065019310235,NTP
8.0,4000.0,0.01,0.13333333333333333,13.333333333333332,4.247519607100944,13.48717344974284,868.0019529423478,38080.48538797076,9508.654984931378,133322.27710726083,1007.6571076175331,NTP
8.0,4000.0,0.01,0.16666666666666669,16.666666666666668,4.507426234878473,13.48717344974284,789.9864083759614,27387.26632874231,9626.353014667744,134396.83718540246,1015.7786918253271,NTP
8.0,4000.0,0.01,0.2,20.0,4.7254886296500995,13.48717344974284,731.7900596215906,20952.352304620264,9713.222151214495,135194.38237023822,1021.8065822243137,NTP
8.0,4000.0,0.01,0.23333333333333336,23.333333333333336,4.914189225811574,13.48717344974284,686.1238644832889,16722.024484709127,9780.847421368786,135817.7913705696,1026.5183417574283,NTP
8.0,4000.0,0.01,0.26666666666666666,26.666666666666664,5.0810556816992065,13.48717344974284,648.9897680434597,13762.980405546037,9835.495075293435,136323.1561527197,1030.3379165930983,NTP
8.0,4000.0,0.01,0.3,30.0,5.23099666718678,13.48717344974284,617.9834519589403,11595.753592412753,9880.893365928474,136744.04874241448,1033.5190459493595,NTP
8.0,4000.0,0.01,0.33333333333333337,33.333333333333336,5.367400439844587,13.48717344974284,591.5586797995276,9951.130599406373,9919.419541059206,137101.9754041695,1036.2242753569933,NTP
8.0,4000.0,0.01,0.3666666666666667,36.66666666666667,5.492709440634595,13.48717344974284,568.668789311092,8667.381116407405,9952.67147002087,137411.44614716124,1038.5632722638975,NTP
8.0,4000.0,0.01,0.4,40.0,5.608745569976547,13.48717344974284,548.576039839203,7642.033547293589,9981.76872512692,137682.65954992268,1040.6131180878915,NTP
9.0,2500.0,0.01,0.1,10.0,3.922551820933724,19.192584284522045,613.1534826672761,65757.4066150945,7380.34452192857,148223.6249474341,787.2541637267237,NTP
9.0,2500.0,0.01,0.13333333333333333,13.333333333333332,4.247519607100944,19.192584284522045,542.5012205889674,42840.5460614671,7517.2518092742985,149987.5617456684,796.6228901322022,NTP
9.0,2500.0,0.01,0.16666666666666669,16.666666666666668,4.507426234878473,19.192584284522045,493.74150523497593,30810.674619835096,7610.300271794585,151196.44183357776,803.0435662085731,NTP
9.0,2500.0,0.01,0.2,20.0,4.7254886296500995,19.192584284522045,457.3687872634941,23571.396342697797,7678.976354259561,152093.680166518,807.8090319952378,NTP
9.0,2500.0,0.01,0.23333333333333336,23.333333333333336,4.914189225811574,19.192584284522045,428.82741530205556,18812.277545297766,7732.438824527502,152795.0152918908,811.5340049731511,NTP
9.0,2500.0,0.01,0.26666666666666666,26.666666666666664,5.0810556816992065,19.192584284522045,405.61860502716223,15483.35295623929,7775.641588324135,153363.55067180964,814.5536440166962,NTP
9.0,2500.0,0.01,0.3,30.0,5.23099666718678,19.192584284522045,386.2396574743378,13045.222791464346,7811.532088395389,153837.05483521632,817.0685475910491,NTP
9.0,2500.0,0.01,0.33333333333333337,33.333333333333336,5.367400439844587,19.192584284522045,369.7241748747047,11195.02192433217,7841.989704132301,154239.72232969067,819.2072192213966,NTP
9.0,2500.0,0.01,0.3666666666666667,36.66666666666667,5.492709440634595,19.192584284522045,355.4179933194325,9750.80375595833,7868.277662160546,154587.8769155564,821.0563586378732,NTP
9.0,2500.0,0.01,0.4,40.0,5.608745569976547,19.192584284522045,342.86002489950187,8597.28774070529,7891.281062109067,154892.99199366302,822.6769040518747,NTP
9.0,2666.6666666666665,0.01,0.1,10.0,3.922551820933724,18.58313982615902,654.0303815117611,65757.4066150945,7622.387046053998,148223.62494743412,813.0726040922797,NTP
9.0,2666.6666666666665,0.01,0.13333333333333333,13.333333333333332,4.247519607100944,18.58313982615902,578.6679686282318,42840.5460614671,7763.784284417848,149987.5617456684,822.7485831172372,NTP
9.0,2666.6666666666665,0.01,0.16666666666666669,16.666666666666668,4.507426234878473,18.58313982615902,526.6576055839743,30810.674619835096,7859.884323279521,151196.44183357776,829.3798288546177,NTP
9.0,2666.6666666666665,0.01,0.2,20.0,4.7254886296500995,18.58313982615902,487.860039747727,23571.396342697797,7930.812676258087,152093.68016651802,834.3015807555976,NTP
9.0,2666.6666666666665,0.01,0.23333333333333336,23.333333333333336,4.914189225811574,18.58313982615902,457.4159096555259,18812.277545297766,7986.0284781233795,152795.01529189083,838.1487163045391,NTP
9.0,2666.6666666666665,0.01,0.26666666666666666,26.666666666666664,5.0810556816992065,18.58313982615902,432.6598453623064,15483.35295623929,8030.648100708577,153363.55067180967,841.2673860984613,NTP
9.0,2666.6666666666665,0.01,0.3,30.0,5.23099666718678,18.58313982615902,411.98896797262694,13045.222791464346,8067.7156497920505,153837.05483521635,843.8647673413376,NTP
9.0,2666.6666666666665,0.01,0.33333333333333337,33.333333333333336,5.367400439844587,18.58313982615902,394.372453199685,11195.02192433217,8099.172140062516,154239.7223296907,846.0735779032955,NTP
9.0,2666.6666666666665,0.01,0.3666666666666667,36.66666666666667,5.492709440634595,18.58313982615902,379.1125262073947,9750.80375595833,8126.322226368967,154587.87691555644,847.9833608805834,NTP
9.0,2666.6666666666665,0.01,0.4,40.0,5.608745569976547,18.58313982615902,365.717359892802,8597.28774070529,8150.080035677437,154892.99199366302,849.6570529873034,NTP
9.0,2833.3333333333335,0.01,0.1,10.0,3.922551820933724,18.028293731500195,694.9072803562462,65757.4066150945,7856.976727555107,148223.6249474341,838.0960569921198,NTP
9.0,2833.3333333333335,0.01,0.13333333333333333,13.333333333333332,4.247519607100944,18.028293731500195,614.8347166674964,42840.5460614671,8002.725664791303,149987.56174566838,848.06982787991,NTP
9.0,2833.3333333333335,0.01,0.16666666666666669,16.666666666666668,4.507426234878473,18.028293731500195,559.5737059329728,30810.674619835096,8101.783317504463,151196.44183357776,854.9051595310718,NTP
9.0,2833.3333333333335,0.01,0.2,20.0,4.7254886296500995,18.028293731500195,518.35129223196,23571.396342697797,8174.894590299893,152093.680166518,859.9783852687777,NTP
9.0,2833.3333333333335,0.01,0.23333333333333336,23.333333333333336,4.914189225811574,18.028293731500195,486.0044040089963,18812.277545297766,8231.809736123338,152795.0152918908,863.9439218248664,NTP
9.0,2833.3333333333335,0.01,0.26666666666666666,26.666666666666664,5.0810556816992065,18.028293731500195,459.7010856974506,15483.35295623929,8277.80259034683,153363.55067180964,867.1585730678075,NTP
9.0,2833.3333333333335,0.01,0.3,30.0,5.23099666718678,18.028293731500195,437.73827847091616,13045.222791464346,8316.01094538531,153837.0548352163,869.8358923714017,NTP
9.0,2833.3333333333335,0.01,0.33333333333333337,33.333333333333336,5.367400439844587,18.028293731500195,419.0207315246654,11195.02192433217,8348.435553384397,154239.7223296907,872.112682184885,NTP
9.0,2833.3333333333335,0.01,0.3666666666666667,36.66666666666667,5.492709440634595,18.028293731500195,402.80705909535686,9750.80375595833,8376.421221780929,154587.8769155564,874.081241419226,NTP
9.0,2833.3333333333335,0.01,0.4,40.0,5.608745569976547,18.028293731500195,388.5746948861021,8597.28774070529,8400.910211083956,154892.991993663,875.8064437544183,NTP
9.0,3000.0,0.01,0.1,10.0,3.922551820933724,17.520352249086457,735.7841792007313,65757.4066150945,8084.76235363992,148223.62494743415,862.3937279259841,NTP
9.0,3000.0,0.01,0.13333333333333333,13.333333333333332,4.247519607100944,17.520352249086457,651.0014647067609,42840.5460614671,8234.73677277211,149987.5617456684,872.6566535007335,NTP
9.0,3000.0,0.01,0.16666666666666669,16.666666666666668,4.507426234878473,17.520352249086457,592.4898062819711,30810.674619835096,8336.666256499182,151196.4418335778,879.6901517436578,NTP
9.0,3000.0,0.01,0.2,20.0,4.7254886296500995,17.520352249086457,548.842544716193,23571.396342697797,8411.897135553487,152093.68016651802,884.9104579604086,NTP
9.0,3000.0,0.01,0.23333333333333336,23.333333333333336,4.914189225811574,17.520352249086457,514.5928983624667,18812.277545297766,8470.46233744489,152795.01529189086,888.9909614126093,NTP
9.0,3000.0,0.01,0.26666666666666666,26.666666666666664,5.0810556816992065,17.520352249086457,486.7423260325947,15483.35295623929,8517.788594000855,153363.55067180967,892.2988102519552,NTP
9.0,3000.0,0.01,0.3,30.0,5.23099666718678,17.520352249086457,463.4875889692053,13045.222791464346,8557.104666979187,153837.05483521632,895.0537490872019,NTP
9.0,3000.0,0.01,0.33333333333333337,33.333333333333336,5.367400439844587,17.520352249086457,443.6690098496457,11195.02192433217,8590.469313353049,154239.72232969067,897.3965464772773,NTP
9.0,3000.0,0.01,0.3666666666666667,36.66666666666667,5.492709440634595,17.520352249086457,426.50159198331903,9750.80375595833,8619.266328558688,154587.87691555644,899.4221772180298,NTP
9.0,3000.0,0.01,0.4,40.0,5.608745569976547,17.520352249086457,411.43202987940225,8597.28774070529,8644.465290660923,154892.99199366302,901.1973957754499,NTP
9.0,3166.6666666666665,0.01,0.1,10.0,3.922551820933724,17.053058643350138,776.6610780452164,65757.4066150945,8306.303710575723,148223.62494743412,886.0253287499256,NTP
9.0,3166.6666666666665,0.01,0.13333333333333333,13.333333333333332,4.247519607100944,17.053058643350138,687.1682127460253,42840.5460614671,8460.38777880666,149987.56174566838,896.5694824373279,NTP
9.0,3166.6666666666665,0.01,0.16666666666666669,16.666666666666668,4.507426234878473,17.053058643350138,625.4059066309695,30810.674619835096,8565.110368273752,151196.44183357776,903.7957149470847,NTP
9.0,3166.6666666666665,0.01,0.2,20.0,4.7254886296500995,17.053058643350138,579.3337972004258,23571.396342697797,8642.40274899009,152093.680166518,909.159069737472,NTP
9.0,3166.6666666666665,0.01,0.23333333333333336,23.333333333333336,4.914189225811574,17.053058643350138,543.181392715937,18812.277545297766,8702.572774094433,152795.01529189083,913.3513885074569,NTP
9.0,3166.6666666666665,0.01,0.26666666666666666,26.666666666666664,5.0810556816992065,17.053058643350138,513.7835663677388,15483.35295623929,8751.195880531382,153363.55067180964,916.7498801249517,NTP
9.0,3166.6666666666665,0.01,0.3,30.0,5.23099666718678,17.053058643350138,489.2368994674945,13045.222791464346,8791.58930566628,153837.05483521632,919.5803107138381,NTP
9.0,3166.6666666666665,0.01,0.33333333333333337,33.333333333333336,5.367400439844587,17.053058643350138,468.31728817462596,11195.02192433217,8825.868221218137,154239.72232969067,921.9873062200882,NTP
9.0,3166.6666666666665,0.01,0.3666666666666667,36.66666666666667,5.492709440634595,17.053058643350138,450.1961248712812,9750.80375595833,8855.454341847695,154587.8769155564,924.0684439706112,NTP
9.0,3166.6666666666665,0.01,0.4,40.0,5.608745569976547,17.053058643350138,434.2893648727024,8597.28774070529,8881.343814321579,154892.991993663,925.8923076595597,NTP
9.0,3333.333333333333,0.01,0.1,10.0,3.922551820933724,16.621265554670074,817.5379768897014,65757.4066150945,8522.087792895281,148223.62494743412,909.0428066965555,NTP
9.0,3333.333333333333,0.01,0.13333333333333333,13.333333333333332,4.247519607100944,16.621265554670074,723.3349607852898,42840.5460614671,8680.174711301435,149987.5617456684,919.8608801208892,NTP
9.0,3333.333333333333,0.01,0.16666666666666669,16.666666666666668,4.507426234878473,16.621265554670074,658.3220069799678,30810.674619835096,8787.61782106897,151196.44183357776,927.2748382430334,NTP
9.0,3333.333333333333,0.01,0.2,20.0,4.7254886296500995,16.621265554670074,609.8250496846588,23571.396342697797,8866.918130465057,152093.680166518,932.7775241525231,NTP
9.0,3333.333333333333,0.01,0.23333333333333336,23.333333333333336,4.914189225811574,16.621265554670074,571.7698870694073,18812.277545297766,8928.651273666534,152795.0152918908,937.0787524555677,NTP
9.0,3333.333333333333,0.01,0.26666666666666666,26.666666666666664,5.0810556816992065,16.621265554670074,540.8248067028829,15483.35295623929,8978.537528281977,153363.55067180964,940.5655312848603,NTP
9.0,3333.333333333333,0.01,0.3,30.0,5.23099666718678,16.621265554670074,514.9862099657836,13045.222791464346,9019.980308036955,153837.05483521632,943.4694917961375,NTP
9.0,3333.333333333333,0.01,0.33333333333333337,33.333333333333336,5.367400439844587,16.621265554670074,492.96556649960627,11195.02192433217,9055.149733326116,154239.72232969067,945.9390170791162,NTP
9.0,3333.333333333333,0.01,0.3666666666666667,36.66666666666667,5.492709440634595,16.621265554670074,473.8906577592433,9750.80375595833,9085.504452614221,154587.8769155564,948.0742193588601,NTP
9.0,3333.333333333333,0.01,0.4,40.0,5.608745569976547,16.621265554670074,457.14669986600245,8597.28774070529,9112.066490919331,154892.99199366302,949.9454640208755,NTP
9.0,3500.0,0.01,0.1,10.0,3.922551820933724,16.220694267299468,858.4148757341866,65757.4066150945,8732.541403698324,148223.6249474341,931.4916884369331,NTP
9.0,3500.0,0.01,0.13333333333333333,13.333333333333332,4.247519607100944,16.220694267299468,759.5017088245544,42840.5460614671,8894.532290663336,149987.56174566838,942.5769150131015,NTP
9.0,3500.0,0.01,0.16666666666666669,16.666666666666668,4.507426234878473,16.220694267299468,691.2381073289663,30810.674619835096,9004.628716256291,151196.44183357776,950.1739613989515,NTP
9.0,3500.0,0.01,0.2,20.0,4.7254886296500995,16.220694267299468,640.3163021688918,23571.396342697797,9085.887352866997,152093.68016651802,955.8125365584598,NTP
9.0,3500.0,0.01,0.23333333333333336,23.333333333333336,4.914189225811574,16.220694267299468,600.3583814228778,18812.277545297766,9149.145000768343,152795.0152918908,960.2199840239045,NTP
9.0,3500.0,0.01,0.26666666666666666,26.666666666666664,5.0810556816992065,16.220694267299468,567.8660470380272,15483.35295623929,9200.263200262601,153363.55067180964,963.7928691234597,NTP
9.0,3500.0,0.01,0.3,30.0,5.23099666718678,16.220694267299468,540.7355204640728,13045.222791464346,9242.729412637977,153837.05483521632,966.7685431619946,NTP
9.0,3500.0,0.01,0.33333333333333337,33.333333333333336,5.367400439844587,16.220694267299468,517.6138448245866,11195.02192433217,9278.76734957849,154239.72232969067,969.2990535609921,NTP
9.0,3500.0,0.01,0.3666666666666667,36.66666666666667,5.492709440634595,16.220694267299468,497.58519064720554,9750.80375595833,9309.871680984463,154587.8769155564,971.4869848245821,NTP
9.0,3500.0,0.01,0.4,40.0,5.608745569976547,16.220694267299468,480.00403485930264,8597.28774070529,9337.089670860063,154892.99199366302,973.4044400168558,NTP
9.0,3666.6666666666665,0.01,0.1,10.0,3.922551820933724,15.847754892294306,899.2917745786716,65757.4066150945,8938.041082071408,148223.6249474341,953.4121390287759,NTP
9.0,3666.6666666666665,0.01,0.13333333333333333,13.333333333333332,4.247519607100944,15.847754892294306,795.6684568638188,42840.5460614671,9103.844040875734,149987.56174566838,964.7582301563714,NTP
9.0,3666.6666666666665,0.01,0.16666666666666669,16.666666666666668,4.507426234878473,15.847754892294306,724.1542076779647,30810.674619835096,9216.531325074844,151196.44183357776,972.5340550348394,NTP
9.0,3666.6666666666665,0.01,0.2,20.0,4.7254886296500995,15.847754892294306,670.8075546531246,23571.396342697797,9299.70219123209,152093.68016651802,978.3053207054137,NTP
9.0,3666.6666666666665,0.01,0.23333333333333336,23.333333333333336,4.914189225811574,15.847754892294306,628.9468757763481,18812.277545297766,9364.448458047154,152795.01529189083,982.8164870076467,NTP
9.0,3666.6666666666665,0.01,0.26666666666666666,26.666666666666664,5.0810556816992065,15.847754892294306,594.9072873731712,15483.35295623929,9416.7696032899,153363.55067180964,986.473451495421,NTP
9.0,3666.6666666666665,0.01,0.3,30.0,5.23099666718678,15.847754892294306,566.484830962362,13045.222791464346,9460.235157389689,153837.05483521635,989.5191509743854,NTP
9.0,3666.6666666666665,0.01,0.33333333333333337,33.333333333333336,5.367400439844587,15.847754892294306,542.262123149567,11195.02192433217,9497.121161818019,154239.72232969067,992.1092109419532,NTP
9.0,3666.6666666666665,0.01,0.3666666666666667,36.66666666666667,5.492709440634595,15.847754892294306,521.2797235351677,9750.80375595833,9528.957459991105,154587.8769155564,994.3486299855816,NTP
9.0,3666.6666666666665,0.01,0.4,40.0,5.608745569976547,15.847754892294306,502.8613698526027,8597.28774070529,9556.815960790938,154892.99199366302,996.3112079441946,NTP
9.0,3833.333333333333,0.01,0.1,10.0,3.922551820933724,15.499410048768953,940.1686734231566,65757.4066150945,9138.921019589074,148223.62494743415,974.8398063619294,NTP
9.0,3833.333333333333,0.01,0.13333333333333333,13.333333333333332,4.247519607100944,15.499410048768953,831.8352049030832,42840.5460614671,9308.45035285275,149987.5617456684,986.4408976686303,NTP
9.0,3833.333333333333,0.01,0.16666666666666669,16.666666666666668,4.507426234878473,15.499410048768953,757.0703080269631,30810.674619835096,9423.670251793848,151196.4418335778,994.3914820051712,NTP
9.0,3833.333333333333,0.01,0.2,20.0,4.7254886296500995,15.499410048768953,701.2988071373576,23571.396342697797,9508.710359571662,152093.68016651802,1000.2924552343318,NTP
9.0,3833.333333333333,0.01,0.23333333333333336,23.333333333333336,4.914189225811574,15.499410048768953,657.5353701298185,18812.277545297766,9574.911780364302,152795.01529189086,1004.9050087193497,NTP
9.0,3833.333333333333,0.01,0.26666666666666666,26.666666666666664,5.0810556816992065,15.499410048768953,621.9485277083154,15483.35295623929,9628.408828502403,153363.55067180964,1008.644162446473,NTP
9.0,3833.333333333333,0.01,0.3,30.0,5.23099666718678,15.499410048768953,592.2341414606511,13045.222791464346,9672.851258599017,153837.05483521635,1011.7583131571351,NTP
9.0,3833.333333333333,0.01,0.33333333333333337,33.333333333333336,5.367400439844587,15.499410048768953,566.9104014745473,11195.02192433217,9710.566265511989,154239.7223296907,1014.4065839876511,NTP
9.0,3833.333333333333,0.01,0.3666666666666667,36.66666666666667,5.492709440634595,15.499410048768953,544.9742564231299,9750.80375595833,9743.118075454273,154587.87691555644,1016.6963333389419,NTP
9.0,3833.333333333333,0.01,0.4,40.0,5.608745569976547,15.499410048768953,525.7187048459028,8597.28774070529,9771.602688155877,154892.99199366302,1018.7030196803737,NTP
9.0,4000.0,0.01,0.1,10.0,3.922551820933724,15.173070130960694,981.0455722676418,65757.4066150945,9335.47944241632,148223.6249474341,995.8065019310235,NTP
9.0,4000.0,0.01,0.13333333333333333,13.333333333333332,4.247519607100944,15.173070130960694,868.0019529423478,42840.5460614671,9508.654984931378,149987.5617456684,1007.657107617533,NTP
9.0,4000.0,0.01,0.16666666666666669,16.666666666666668,4.507426234878473,15.173070130960694,789.9864083759614,30810.674619835096,9626.353014667744,151196.44183357776,1015.7786918253272,NTP
9.0,4000.0,0.01,0.2,20.0,4.7254886296500995,15.173070130960694,731.7900596215906,23571.396342697797,9713.222151214495,152093.680166518,1021.8065822243138,NTP
9.0,4000.0,0.01,0.23333333333333336,23.333333333333336,4.914189225811574,15.173070130960694,686.1238644832889,18812.277545297766,9780.847421368786,152795.0152918908,1026.5183417574283,NTP
9.0,4000.0,0.01,0.26666666666666666,26.666666666666664,5.0810556816992065,15.173070130960694,648.9897680434597,15483.35295623929,9835.495075293435,153363.55067180964,1030.3379165930983,NTP
9.0,4000.0,0.01,0.3,30.0,5.23099666718678,15.173070130960694,617.9834519589403,13045.222791464346,9880.893365928474,153837.05483521632,1033.5190459493597,NTP
9.0,4000.0,0.01,0.33333333333333337,33.333333333333336,5.367400439844587,15.173070130960694,591.5586797995276,11195.02192433217,9919.419541059206,154239.72232969067,1036.2242753569933,NTP
9.0,4000.0,0.01,0.3666666666666667,36.66666666666667,5.492709440634595,15.173070130960694,568.668789311092,9750.80375595833,9952.67147002087,154587.8769155564,1038.5632722638977,NTP
9.0,4000.0,0.01,0.4,40.0,5.608745569976547,15.173070130960694,548.576039839203,8597.28774070529,9981.76872512692,154892.991993663,1040.6131180878915,NTP
10.0,2500.0,0.01,0.1,10.0,3.922551820933724,21.32509364946894,613.1534826672761,73063.78512788277,7380.34452192857,164692.9166082601,787.2541637267237,NTP
10.0,2500.0,0.01,0.13333333333333333,13.333333333333332,4.247519607100944,21.32509364946894,542.5012205889674,47600.60673496345,7517.2518092742985,166652.84638407602,796.6228901322022,NTP
10.0,2500.0,0.01,0.16666666666666669,16.666666666666668,4.507426234878473,21.32509364946894,493.74150523497593,34234.082910927886,7610.300271794585,167996.0464817531,803.0435662085731,NTP
10.0,2500.0,0.01,0.2,20.0,4.7254886296500995,21.32509364946894,457.3687872634941,26190.44038077533,7678.976354259561,168992.9779627978,807.8090319952379,NTP
10.0,2500.0,0.01,0.23333333333333336,23.333333333333336,4.914189225811574,21.32509364946894,428.82741530205556,20902.530605886408,7732.438824527502,169772.23921321201,811.5340049731511,NTP
10.0,2500.0,0.01,0.26666666666666666,26.666666666666664,5.0810556816992065,21.32509364946894,405.61860502716223,17203.725506932544,7775.641588324135,170403.9451908996,814.5536440166961,NTP
10.0,2500.0,0.01,0.3,30.0,5.23099666718678,21.32509364946894,386.2396574743378,14494.691990515941,7811.532088395389,170930.06092801815,817.0685475910492,NTP
10.0,2500.0,0.01,0.33333333333333337,33.333333333333336,5.367400439844587,21.32509364946894,369.7241748747047,12438.913249257967,7841.989704132301,171377.46925521188,819.2072192213966,NTP
10.0,2500.0,0.01,0.3666666666666667,36.66666666666667,5.492709440634595,21.32509364946894,355.4179933194325,10834.226395509255,7868.277662160546,171764.30768395157,821.0563586378732,NTP
10.0,2500.0,0.01,0.4,40.0,5.608745569976547,21.32509364946894,342.86002489950187,9552.541934116987,7891.281062109067,172103.32443740335,822.6769040518747,NTP
10.0,2666.6666666666665,0.01,0.1,10.0,3.922551820933724,20.647933140176686,654.0303815117611,73063.78512788277,7622.387046053998,164692.9166082601,813.0726040922796,NTP
10.0,2666.6666666666665,0.01,0.13333333333333333,13.333333333333332,4.247519607100944,20.647933140176686,578.6679686282318,47600.60673496345,7763.784284417848,166652.846384076,822.7485831172372,NTP
10.0,2666.6666666666665,0.01,0.16666666666666669,16.666666666666668,4.507426234878473,20.647933140176686,526.6576055839743,34234.082910927886,7859.884323279521,167996.04648175306,829.3798288546177,NTP
10.0,2666.6666666666665,0.01,0.2,20.0,4.7254886296500995,20.647933140176686,487.860039747727,26190.44038077533,7930.812676258087,168992.9779627978,834.3015807555976,NTP
10.0,2666.6666666666665,0.01,0.23333333333333336,23.333333333333336,4.914189225811574,20.647933140176686,457.4159096555259,20902.530605886408,7986.0284781233795,169772.23921321201,838.1487163045391,NTP
10.0,2666.6666666666665,0.01,0.26666666666666666,26.666666666666664,5.0810556816992065,20.647933140176686,432.6598453623064,17203.725506932544,8030.648100708577,170403.9451908996,841.2673860984611,NTP
10.0,2666.6666666666665,0.01,0.3,30.0,5.23099666718678,20.647933140176686,411.98896797262694,14494.691990515941,8067.7156497920505,170930.06092801815,843.8647673413376,NTP
10.0,2666.6666666666665,0.01,0.33333333333333337,33.333333333333336,5.367400439844587,20.647933140176686,394.372453199685,12438.913249257967,8099.172140062516,171377.46925521188,846.0735779032955,NTP
10.0,2666.6666666666665,0.01,0.3666666666666667,36.66666666666667,5.492709440634595,20.647933140176686,379.1125262073947,10834.226395509255,8126.322226368967,171764.30768395157,847.9833608805833,NTP
10.0,2666.6666666666665,0.01,0.4,40.0,5.608745569976547,20.647933140176686,365.717359892802,9552.541934116987,8150.080035677437,172103.32443740332,849.6570529873032,NTP
10.0,2833.3333333333335,0.01,0.1,10.0,3.922551820933724,20.031437479444662,694.9072803562462,73063.78512788277,7856.976727555107,164692.9166082601,838.0960569921198,NTP
10.0,2833.3333333333335,0.01,0.13333333333333333,13.333333333333332,4.247519607100944,20.031437479444662,614.8347166674964,47600.60673496345,8002.725664791303,166652.846384076,848.0698278799101,NTP
10.0,2833.3333333333335,0.01,0.16666666666666669,16.666666666666668,4.507426234878473,20.031437479444662,559.5737059329728,34234.082910927886,8101.783317504463,167996.04648175306,854.9051595310718,NTP
10.0,2833.3333333333335,0.01,0.2,20.0,4.7254886296500995,20.031437479444662,518.35129223196,26190.44038077533,8174.894590299893,168992.97796279777,859.9783852687777,NTP
10.0,2833.3333333333335,0.01,0.23333333333333336,23.333333333333336,4.914189225811574,20.031437479444662,486.0044040089963,20902.530605886408,8231.809736123338,169772.239213212,863.9439218248664,NTP
10.0,2833.3333333333335,0.01,0.26666666666666666,26.666666666666664,5.0810556816992065,20.031437479444662,459.7010856974506,17203.725506932544,8277.80259034683,170403.9451908996,867.1585730678074,NTP
10.0,2833.3333333333335,0.01,0.3,30.0,5.23099666718678,20.031437479444662,437.73827847091616,14494.691990515941,8316.01094538531,170930.0609280181,869.8358923714015,NTP
10.0,2833.3333333333335,0.01,0.33333333333333337,33.333333333333336,5.367400439844587,20.031437479444662,419.0207315246654,12438.913249257967,8348.435553384397,171377.46925521188,872.112682184885,NTP
10.0,2833.3333333333335,0.01,0.3666666666666667,36.66666666666667,5.492709440634595,20.031437479444662,402.80705909535686,10834.226395509255,8376.421221780929,171764.30768395154,874.0812414192259,NTP
10.0,2833.3333333333335,0.01,0.4,40.0,5.608745569976547,20.031437479444662,388.5746948861021,9552.541934116987,8400.910211083956,172103.3244374033,875.8064437544181,NTP
10.0,3000.0,0.01,0.1,10.0,3.922551820933724,19.467058054540505,735.7841792007313,73063.78512788277,8084.76235363992,164692.91660826013,862.393727925984,NTP
10.0,3000.0,0.01,0.13333333333333333,13.333333333333332,4.247519607100944,19.467058054540505,651.0014647067609,47600.60673496345,8234.73677277211,166652.84638407597,872.6566535007332,NTP
10.0,3000.0,0.01,0.16666666666666669,16.666666666666668,4.507426234878473,19.467058054540505,592.4898062819711,34234.082910927886,8336.666256499182,167996.0464817531,879.6901517436578,NTP
10.0,3000.0,0.01,0.2,20.0,4.7254886296500995,19.467058054540505,548.842544716193,26190.44038077533,8411.897135553487,168992.9779627978,884.9104579604086,NTP
10.0,3000.0,0.01,0.23333333333333336,23.333333333333336,4.914189225811574,19.467058054540505,514.5928983624667,20902.530605886408,8470.46233744489,169772.23921321201,888.9909614126091,NTP
10.0,3000.0,0.01,0.26666666666666666,26.666666666666664,5.0810556816992065,19.467058054540505,486.7423260325947,17203.725506932544,8517.788594000855,170403.94519089957,892.2988102519548,NTP
10.0,3000.0,0.01,0.3,30.0,5.23099666718678,19.467058054540505,463.4875889692053,14494.691990515941,8557.104666979187,170930.06092801812,895.0537490872018,NTP
10.0,3000.0,0.01,0.33333333333333337,33.333333333333336,5.367400439844587,19.467058054540505,443.6690098496457,12438.913249257967,8590.469313353049,171377.46925521185,897.3965464772772,NTP
10.0,3000.0,0.01,0.3666666666666667,36.66666666666667,5.492709440634595,19.467058054540505,426.50159198331903,10834.226395509255,8619.266328558688,171764.30768395157,899.4221772180297,NTP
10.0,3000.0,0.01,0.4,40.0,5.608745569976547,19.467058054540505,411.43202987940225,9552.541934116987,8644.465290660923,172103.32443740332,901.1973957754498,NTP
10.0,3166.6666666666665,0.01,0.1,10.0,3.922551820933724,18.94784293705571,776.6610780452164,73063.78512788277,8306.303710575723,164692.91660826013,886.0253287499255,NTP
10.0,3166.6666666666665,0.01,0.13333333333333333,13.333333333333332,4.247519607100944,18.94784293705571,687.1682127460253,47600.60673496345,8460.38777880666,166652.84638407602,896.569482437328,NTP
10.0,3166.6666666666665,0.01,0.16666666666666669,16.666666666666668,4.507426234878473,18.94784293705571,625.4059066309695,34234.082910927886,8565.110368273752,167996.0464817531,903.7957149470847,NTP
10.0,3166.6666666666665,0.01,0.2,20.0,4.7254886296500995,18.94784293705571,579.3337972004258,26190.44038077533,8642.40274899009,168992.9779627978,909.1590697374721,NTP
10.0,3166.6666666666665,0.01,0.23333333333333336,23.333333333333336,4.914189225811574,18.94784293705571,543.181392715937,20902.530605886408,8702.572774094433,169772.23921321201,913.3513885074568,NTP
10.0,3166.6666666666665,0.01,0.26666666666666666,26.666666666666664,5.0810556816992065,18.94784293705571,513.7835663677388,17203.725506932544,8751.195880531382,170403.9451908996,916.7498801249516,NTP
10.0,3166.6666666666665,0.01,0.3,30.0,5.23099666718678,18.94784293705571,489.2368994674945,14494.691990515941,8791.58930566628,170930.06092801815,919.5803107138381,NTP
10.0,3166.6666666666665,0.01,0.33333333333333337,33.333333333333336,5.367400439844587,18.94784293705571,468.31728817462596,12438.913249257967,8825.868221218137,171377.46925521185,921.9873062200879,NTP
10.0,3166.6666666666665,0.01,0.3666666666666667,36.66666666666667,5.492709440634595,18.94784293705571,450.1961248712812,10834.226395509255,8855.454341847695,171764.30768395157,924.0684439706112,NTP
10.0,3166.6666666666665,0.01,0.4,40.0,5.608745569976547,18.94784293705571,434.2893648727024,9552.541934116987,8881.343814321579,172103.32443740335,925.8923076595597,NTP
10.0,3333.333333333333,0.01,0.1,10.0,3.922551820933724,18.468072838522307,817.5379768897014,73063.78512788277,8522.087792895281,164692.91660826013,909.0428066965554,NTP
10.0,3333.333333333333,0.01,0.13333333333333333,13.333333333333332,4.247519607100944,18.468072838522307,723.3349607852898,47600.60673496345,8680.174711301435,166652.84638407602,919.8608801208892,NTP
10.0,3333.333333333333,0.01,0.16666666666666669,16.666666666666668,4.507426234878473,18.468072838522307,658.3220069799678,34234.082910927886,8787.61782106897,167996.0464817531,927.2748382430335,NTP
10.0,3333.333333333333,0.01,0.2,20.0,4.7254886296500995,18.468072838522307,609.8250496846588,26190.44038077533,8866.918130465057,168992.9779627978,932.7775241525231,NTP
10.0,3333.333333333333,0.01,0.23333333333333336,23.333333333333336,4.914189225811574,18.468072838522307,571.7698870694073,20902.530605886408,8928.651273666534,169772.23921321201,937.0787524555677,NTP
10.0,3333.333333333333,0.01,0.26666666666666666,26.666666666666664,5.0810556816992065,18.468072838522307,540.8248067028829,17203.725506932544,8978.537528281977,170403.9451908996,940.5655312848602,NTP
10.0,3333.333333333333,0.01,0.3,30.0,5.23099666718678,18.468072838522307,514.9862099657836,14494.691990515941,9019.980308036955,170930.06092801815,943.4694917961376,NTP
10.0,3333.333333333333,0.01,0.33333333333333337,33.333333333333336,5.367400439844587,18.468072838522307,492.96556649960627,12438.913249257967,9055.149733326116,171377.46925521188,945.9390170791162,NTP
10.0,3333.333333333333,0.01,0.3666666666666667,36.66666666666667,5.492709440634595,18.468072838522307,473.8906577592433,10834.226395509255,9085.504452614221,171764.30768395157,948.0742193588601,NTP
10.0,3333.333333333333,0.01,0.4,40.0,5.608745569976547,18.468072838522307,457.14669986600245,9552.541934116987,9112.066490919331,172103.32443740335,949.9454640208755,NTP
10.0,3500.0,0.01,0.1,10.0,3.922551820933724,18.022993630332746,858.4148757341866,73063.78512788277,8732.541403698324,164692.91660826013,931.491688436933,NTP
10.0,3500.0,0.01,0.13333333333333333,13.333333333333332,4.247519607100944,18.022993630332746,759.5017088245544,47600.60673496345,8894.532290663336,166652.846384076,942.5769150131013,NTP
10.0,3500.0,0.01,0.16666666666666669,16.666666666666668,4.507426234878473,18.022993630332746,691.2381073289663,34234.082910927886,9004.628716256291,167996.04648175312,950.1739613989515,NTP
10.0,3500.0,0.01,0.2,20.0,4.7254886296500995,18.022993630332746,640.3163021688918,26190.44038077533,9085.887352866997,168992.97796279783,955.8125365584596,NTP
10.0,3500.0,0.01,0.23333333333333336,23.333333333333336,4.914189225811574,18.022993630332746,600.3583814228778,20902.530605886408,9149.145000768343,169772.23921321204,960.2199840239045,NTP
10.0,3500.0,0.01,0.26666666666666666,26.666666666666664,5.0810556816992065,18.022993630332746,567.8660470380272,17203.725506932544,9200.263200262601,170403.94519089963,963.7928691234596,NTP
10.0,3500.0,0.01,0.3,30.0,5.23099666718678,18.022993630332746,540.7355204640728,14494.691990515941,9242.729412637977,170930.06092801815,966.7685431619943,NTP
10.0,3500.0,0.01,0.33333333333333337,33.333333333333336,5.367400439844587,18.022993630332746,517.6138448245866,12438.913249257967,9278.76734957849,171377.46925521188,969.2990535609919,NTP
10.0,3500.0,0.01,0.3666666666666667,36.66666666666667,5.492709440634595,18.022993630332746,497.58519064720554,10834.226395509255,9309.871680984463,171764.30768395157,971.4869848245818,NTP
10.0,3500.0,0.01,0.4,40.0,5.608745569976547,18.022993630332746,480.00403485930264,9552.541934116987,9337.089670860063,172103.32443740338,973.4044400168557,NTP
10.0,3666.6666666666665,0.01,0.1,10.0,3.922551820933724,17.608616546993677,899.2917745786716,73063.78512788277,8938.041082071408,164692.91660826013,953.4121390287759,NTP
10.0,3666.6666666666665,0.01,0.13333333333333333,13.333333333333332,4.247519607100944,17.608616546993677,795.6684568638188,47600.60673496345,9103.844040875734,166652.84638407602,964.7582301563715,NTP
10.0,3666.6666666666665,0.01,0.16666666666666669,16.666666666666668,4.507426234878473,17.608616546993677,724.1542076779647,34234.082910927886,9216.531325074844,167996.04648175312,972.5340550348395,NTP
10.0,3666.6666666666665,0.01,0.2,20.0,4.7254886296500995,17.608616546993677,670.8075546531246,26190.44038077533,9299.70219123209,168992.97796279783,978.3053207054136,NTP
10.0,3666.6666666666665,0.01,0.23333333333333336,23.333333333333336,4.914189225811574,17.608616546993677,628.9468757763481,20902.530605886408,9364.448458047154,169772.23921321204,982.8164870076466,NTP
10.0,3666.6666666666665,0.01,0.26666666666666666,26.666666666666664,5.0810556816992065,17.608616546993677,594.9072873731712,17203.725506932544,9416.7696032899,170403.94519089963,986.4734514954209,NTP
10.0,3666.6666666666665,0.01,0.3,30.0,5.23099666718678,17.608616546993677,566.484830962362,14494.691990515941,9460.235157389689,170930.06092801818,989.5191509743853,NTP
10.0,3666.6666666666665,0.01,0.33333333333333337,33.333333333333336,5.367400439844587,17.608616546993677,542.262123149567,12438.913249257967,9497.121161818019,171377.4692552119,992.1092109419533,NTP
10.0,3666.6666666666665,0.01,0.3666666666666667,36.66666666666667,5.492709440634595,17.608616546993677,521.2797235351677,10834.226395509255,9528.957459991105,171764.3076839516,994.3486299855816,NTP
10.0,3666.6666666666665,0.01,0.4,40.0,5.608745569976547,17.608616546993677,502.8613698526027,9552.541934116987,9556.815960790938,172103.32443740338,996.3112079441946,NTP
10.0,3833.333333333333,0.01,0.1,10.0,3.922551820933724,17.22156672085439,940.1686734231566,73063.78512788277,9138.921019589074,164692.91660826013,974.8398063619294,NTP
10.0,3833.333333333333,0.01,0.13333333333333333,13.333333333333332,4.247519607100944,17.22156672085439,831.8352049030832,47600.60673496345,9308.45035285275,166652.846384076,986.4408976686303,NTP
10.0,3833.333333333333,0.01,0.16666666666666669,16.666666666666668,4.507426234878473,17.22156672085439,757.0703080269631,34234.082910927886,9423.670251793848,167996.0464817531,994.3914820051712,NTP
10.0,3833.333333333333,0.01,0.2,20.0,4.7254886296500995,17.22156672085439,701.2988071373576,26190.44038077533,9508.710359571662,168992.9779627978,1000.2924552343319,NTP
10.0,3833.333333333333,0.01,0.23333333333333336,23.333333333333336,4.914189225811574,17.22156672085439,657.5353701298185,20902.530605886408,9574.911780364302,169772.23921321201,1004.9050087193496,NTP
10.0,3833.333333333333,0.01,0.26666666666666666,26.666666666666664,5.0810556816992065,17.22156672085439,621.9485277083154,17203.725506932544,9628.408828502403,170403.9451908996,1008.6441624464732,NTP
10.0,3833.333333333333,0.01,0.3,30.0,5.23099666718678,17.22156672085439,592.2341414606511,14494.691990515941,9672.851258599017,170930.06092801812,1011.758313157135,NTP
10.0,3833.333333333333,0.01,0.33333333333333337,33.333333333333336,5.367400439844587,17.22156672085439,566.9104014745473,12438.913249257967,9710.566265511989,171377.46925521188,1014.4065839876511,NTP
10.0,3833.333333333333,0.01,0.3666666666666667,36.66666666666667,5.492709440634595,17.22156672085439,544.9742564231299,10834.226395509255,9743.118075454273,171764.30768395157,1016.6963333389419,NTP
10.0,3833.333333333333,0.01,0.4,40.0,5.608745569976547,17.22156672085439,525.7187048459028,9552.541934116987,9771.602688155877,172103.32443740335,1018.7030196803738,NTP
10.0,4000.0,0.01,0.1,10.0,3.922551820933724,16.85896681217855,981.0455722676418,73063.78512788277,9335.47944241632,164692.91660826013,995.8065019310234,NTP
10.0,4000.0,0.01,0.13333333333333333,13.333333333333332,4.247519607100944,16.85896681217855,868.0019529423478,47600.60673496345,9508.654984931378,166652.84638407602,1007.6571076175329,NTP
10.0,4000.0,0.01,0.16666666666666669,16.666666666666668,4.507426234878473,16.85896681217855,789.9864083759614,34234.082910927886,9626.353014667744,167996.0464817531,1015.7786918253271,NTP
10.0,4000.0,0.01,0.2,20.0,4.7254886296500995,16.85896681217855,731.7900596215906,26190.44038077533,9713.222151214495,168992.9779627978,1021.8065822243137,NTP
10.0,4000.0,0.01,0.23333333333333336,23.333333333333336,4.914189225811574,16.85896681217855,686.1238644832889,20902.530605886408,9780.847421368786,169772.23921321201,1026.518341757428,NTP
10.0,4000.0,0.01,0.26666666666666666,26.666666666666664,5.0810556816992065,16.85896681217855,648.9897680434597,17203.725506932544,9835.495075293435,170403.9451908996,1030.337916593098,NTP
10.0,4000.0,0.01,0.3,30.0,5.23099666718678,16.85896681217855,617.9834519589403,14494.691990515941,9880.893365928474,170930.06092801815,1033.5190459493597,NTP
10.0,4000.0,0.01,0.33333333333333337,33.333333333333336,5.367400439844587,16.85896681217855,591.5586797995276,12438.913249257967,9919.419541059206,171377.46925521188,1036.224275356993,NTP
10.0,4000.0,0.01,0.3666666666666667,36.66666666666667,5.492709440634595,16.85896681217855,568.668789311092,10834.226395509255,9952.67147002087,171764.30768395154,1038.5632722638973,NTP
10.0,4000.0,0.01,0.4,40.0,5.608745569976547,16.85896681217855,548.576039839203,9552.541934116987,9981.76872512692,172103.32443740332,1040.6131180878913,NTP
11.0,2500.0,0.01,0.1,10.0,3.922551820933724,23.457603014415835,613.1534826672761,80370.16364067105,7380.34452192857,181162.2082690861,787.2541637267236,NTP
11.0,2500.0,0.01,0.13333333333333333,13.333333333333332,4.247519607100944,23.457603014415835,542.5012205889674,52360.66740845979,7517.2518092742985,183318.13102248363,796.6228901322022,NTP
11.0,2500.0,0.01,0.16666666666666669,16.666666666666668,4.507426234878473,23.457603014415835,493.74150523497593,37657.491202020676,7610.300271794585,184795.65112992842,803.0435662085731,NTP
11.0,2500.0,0.01,0.2,20.0,4.7254886296500995,23.457603014415835,457.3687872634941,28809.484418852862,7678.976354259561,185892.27575907754,807.8090319952377,NTP
11.0,2500.0,0.01,0.23333333333333336,23.333333333333336,4.914189225811574,23.457603014415835,428.82741530205556,22992.78366647505,7732.438824527502,186749.4631345332,811.534004973151,NTP
11.0,2500.0,0.01,0.26666666666666666,26.666666666666664,5.0810556816992065,23.457603014415835,405.61860502716223,18924.0980576258,7775.641588324135,187444.33970998958,814.5536440166962,NTP
11.0,2500.0,0.01,0.3,30.0,5.23099666718678,23.457603014415835,386.2396574743378,15944.161189567534,7811.532088395389,188023.06702081996,817.0685475910491,NTP
11.0,2500.0,0.01,0.33333333333333337,33.333333333333336,5.367400439844587,23.457603014415835,369.7241748747047,13682.804574183763,7841.989704132301,188515.21618073306,819.2072192213966,NTP
11.0,2500.0,0.01,0.3666666666666667,36.66666666666667,5.492709440634595,23.457603014415835,355.4179933194325,11917.649035060182,7868.277662160546,188940.73845234673,821.0563586378732,NTP
11.0,2500.0,0.01,0.4,40.0,5.608745569976547,23.457603014415835,342.86002489950187,10507.796127528685,7891.281062109067,189313.65688114372,822.6769040518748,NTP
11.0,2666.6666666666665,0.01,0.1,10.0,3.922551820933724,22.712726454194357,654.0303815117611,80370.16364067105,7622.387046053998,181162.2082690861,813.0726040922794,NTP
11.0,2666.6666666666665,0.01,0.13333333333333333,13.333333333333332,4.247519607100944,22.712726454194357,578.6679686282318,52360.66740845979,7763.784284417848,183318.1310224836,822.7485831172371,NTP
11.0,2666.6666666666665,0.01,0.16666666666666669,16.666666666666668,4.507426234878473,22.712726454194357,526.6576055839743,37657.491202020676,7859.884323279521,184795.6511299284,829.3798288546177,NTP
11.0,2666.6666666666665,0.01,0.2,20.0,4.7254886296500995,22.712726454194357,487.860039747727,28809.484418852862,7930.812676258087,185892.27575907754,834.3015807555973,NTP
11.0,2666.6666666666665,0.01,0.23333333333333336,23.333333333333336,4.914189225811574,22.712726454194357,457.4159096555259,22992.78366647505,7986.0284781233795,186749.46313453323,838.148716304539,NTP
11.0,2666.6666666666665,0.01,0.26666666666666666,26.666666666666664,5.0810556816992065,22.712726454194357,432.6598453623064,18924.0980576258,8030.648100708577,187444.33970998955,841.267386098461,NTP
11.0,2666.6666666666665,0.01,0.3,30.0,5.23099666718678,22.712726454194357,411.98896797262694,15944.161189567534,8067.7156497920505,188023.06702082,843.8647673413376,NTP
11.0,2666.6666666666665,0.01,0.33333333333333337,33.333333333333336,5.367400439844587,22.712726454194357,394.372453199685,13682.804574183763,8099.172140062516,188515.21618073308,846.0735779032955,NTP
11.0,2666.6666666666665,0.01,0.3666666666666667,36.66666666666667,5.492709440634595,22.712726454194357,379.1125262073947,11917.649035060182,8126.322226368967,188940.73845234676,847.9833608805834,NTP
11.0,2666.6666666666665,0.01,0.4,40.0,5.608745569976547,22.712726454194357,365.717359892802,10507.796127528685,8150.080035677437,189313.6568811437,849.6570529873032,NTP
11.0,2833.3333333333335,0.01,0.1,10.0,3.922551820933724,22.03458122738913,694.9072803562462,80370.16364067105,7856.976727555107,181162.2082690861,838.0960569921198,NTP
11.0,2833.3333333333335,0.01,0.13333333333333333,13.333333333333332,4.247519607100944,22.03458122738913,614.8347166674964,52360.66740845979,8002.725664791303,183318.13102248358,848.06982787991,NTP
11.0,2833.3333333333335,0.01,0.16666666666666669,16.666666666666668,4.507426234878473,22.03458122738913,559.5737059329728,37657.491202020676,8101.783317504463,184795.6511299284,854.905159531072,NTP
11.0,2833.3333333333335,0.01,0.2,20.0,4.7254886296500995,22.03458122738913,518.35129223196,28809.484418852862,8174.894590299893,185892.27575907754,859.9783852687777,NTP
11.0,2833.3333333333335,0.01,0.23333333333333336,23.333333333333336,4.914189225811574,22.03458122738913,486.0044040089963,22992.78366647505,8231.809736123338,186749.4631345332,863.9439218248664,NTP
11.0,2833.3333333333335,0.01,0.26666666666666666,26.666666666666664,5.0810556816992065,22.03458122738913,459.7010856974506,18924.0980576258,8277.80259034683,187444.33970998955,867.1585730678074,NTP
11.0,2833.3333333333335,0.01,0.3,30.0,5.23099666718678,22.03458122738913,437.73827847091616,15944.161189567534,8316.01094538531,188023.06702081993,869.8358923714017,NTP
11.0,2833.3333333333335,0.01,0.33333333333333337,33.333333333333336,5.367400439844587,22.03458122738913,419.0207315246654,13682.804574183763,8348.435553384397,188515.21618073308,872.112682184885,NTP
11.0,2833.3333333333335,0.01,0.3666666666666667,36.66666666666667,5.492709440634595,22.03458122738913,402.80705909535686,11917.649035060182,8376.421221780929,188940.7384523467,874.081241419226,NTP
11.0,2833.3333333333335,0.01,0.4,40.0,5.608745569976547,22.03458122738913,388.5746948861021,10507.796127528685,8400.910211083956,189313.65688114366,875.8064437544183,NTP
11.0,3000.0,0.01,0.1,10.0,3.922551820933724,21.413763859994557,735.7841792007313,80370.16364067105,8084.76235363992,181162.20826908614,862.393727925984,NTP
11.0,3000.0,0.01,0.13333333333333333,13.333333333333332,4.247519607100944,21.413763859994557,651.0014647067609,52360.66740845979,8234.73677277211,183318.13102248358,872.6566535007333,NTP
11.0,3000.0,0.01,0.16666666666666669,16.666666666666668,4.507426234878473,21.413763859994557,592.4898062819711,37657.491202020676,8336.666256499182,184795.65112992842,879.6901517436579,NTP
11.0,3000.0,0.01,0.2,20.0,4.7254886296500995,21.413763859994557,548.842544716193,28809.484418852862,8411.897135553487,185892.27575907754,884.9104579604084,NTP
11.0,3000.0,0.01,0.23333333333333336,23.333333333333336,4.914189225811574,21.413763859994557,514.5928983624667,22992.78366647505,8470.46233744489,186749.46313453323,888.9909614126092,NTP
11.0,3000.0,0.01,0.26666666666666666,26.666666666666664,5.0810556816992065,21.413763859994557,486.7423260325947,18924.0980576258,8517.788594000855,187444.33970998955,892.2988102519549,NTP
11.0,3000.0,0.01,0.3,30.0,5.23099666718678,21.413763859994557,463.4875889692053,15944.161189567534,8557.104666979187,188023.06702081993,895.0537490872018,NTP
11.0,3000.0,0.01,0.33333333333333337,33.333333333333336,5.367400439844587,21.413763859994557,443.6690098496457,13682.804574183763,8590.469313353049,188515.21618073303,897.3965464772772,NTP
11.0,3000.0,0.01,0.3666666666666667,36.66666666666667,5.492709440634595,21.413763859994557,426.50159198331903,11917.649035060182,8619.266328558688,188940.73845234673,899.4221772180298,NTP
11.0,3000.0,0.01,0.4,40.0,5.608745569976547,21.413763859994557,411.43202987940225,10507.796127528685,8644.465290660923,189313.6568811437,901.19739577545,NTP
11.0,3166.6666666666665,0.01,0.1,10.0,3.922551820933724,20.842627230761284,776.6610780452164,80370.16364067105,8306.303710575723,181162.20826908614,886.0253287499255,NTP
11.0,3166.6666666666665,0.01,0.13333333333333333,13.333333333333332,4.247519607100944,20.842627230761284,687.1682127460253,52360.66740845979,8460.38777880666,183318.13102248363,896.5694824373279,NTP
11.0,3166.6666666666665,0.01,0.16666666666666669,16.666666666666668,4.507426234878473,20.842627230761284,625.4059066309695,37657.491202020676,8565.110368273752,184795.65112992845,903.7957149470848,NTP
11.0,3166.6666666666665,0.01,0.2,20.0,4.7254886296500995,20.842627230761284,579.3337972004258,28809.484418852862,8642.40274899009,185892.27575907757,909.159069737472,NTP
11.0,3166.6666666666665,0.01,0.23333333333333336,23.333333333333336,4.914189225811574,20.842627230761284,543.181392715937,22992.78366647505,8702.572774094433,186749.46313453323,913.3513885074567,NTP
11.0,3166.6666666666665,0.01,0.26666666666666666,26.666666666666664,5.0810556816992065,20.842627230761284,513.7835663677388,18924.0980576258,8751.195880531382,187444.33970998958,916.7498801249516,NTP
11.0,3166.6666666666665,0.01,0.3,30.0,5.23099666718678,20.842627230761284,489.2368994674945,15944.161189567534,8791.58930566628,188023.06702081996,919.580310713838,NTP
11.0,3166.6666666666665,0.01,0.33333333333333337,33.333333333333336,5.367400439844587,20.842627230761284,468.31728817462596,13682.804574183763,8825.868221218137,188515.21618073306,921.9873062200879,NTP
11.0,3166.6666666666665,0.01,0.3666666666666667,36.66666666666667,5.492709440634595,20.842627230761284,450.1961248712812,11917.649035060182,8855.454341847695,188940.73845234676,924.0684439706112,NTP
11.0,3166.6666666666665,0.01,0.4,40.0,5.608745569976547,20.842627230761284,434.2893648727024,10507.796127528685,8881.343814321579,189313.65688114372,925.8923076595598,NTP
11.0,3333.333333333333,0.01,0.1,10.0,3.922551820933724,20.314880122374536,817.5379768897014,80370.16364067105,8522.087792895281,181162.2082690861,909.0428066965553,NTP
11.0,3333.333333333333,0.01,0.13333333333333333,13.333333333333332,4.247519607100944,20.314880122374536,723.3349607852898,52360.66740845979,8680.174711301435,183318.1310224836,919.8608801208891,NTP
11.0,3333.333333333333,0.01,0.16666666666666669,16.666666666666668,4.507426234878473,20.314880122374536,658.3220069799678,37657.491202020676,8787.61782106897,184795.6511299284,927.2748382430335,NTP
11.0,3333.333333333333,0.01,0.2,20.0,4.7254886296500995,20.314880122374536,609.8250496846588,28809.484418852862,8866.918130465057,185892.27575907754,932.7775241525231,NTP
11.0,3333.333333333333,0.01,0.23333333333333336,23.333333333333336,4.914189225811574,20.314880122374536,571.7698870694073,22992.78366647505,8928.651273666534,186749.46313453317,937.0787524555676,NTP
11.0,3333.333333333333,0.01,0.26666666666666666,26.666666666666664,5.0810556816992065,20.314880122374536,540.8248067028829,18924.0980576258,8978.537528281977,187444.33970998952,940.5655312848601,NTP
11.0,3333.333333333333,0.01,0.3,30.0,5.23099666718678,20.314880122374536,514.9862099657836,15944.161189567534,9019.980308036955,188023.06702081993,943.4694917961374,NTP
11.0,3333.333333333333,0.01,0.33333333333333337,33.333333333333336,5.367400439844587,20.314880122374536,492.96556649960627,13682.804574183763,9055.149733326116,188515.21618073306,945.9390170791163,NTP
11.0,3333.333333333333,0.01,0.3666666666666667,36.66666666666667,5.492709440634595,20.314880122374536,473.8906577592433,11917.649035060182,9085.504452614221,188940.73845234673,948.0742193588601,NTP
11.0,3333.333333333333,0.01,0.4,40.0,5.608745569976547,20.314880122374536,457.14669986600245,10507.796127528685,9112.066490919331,189313.6568811437,949.9454640208755,NTP
11.0,3500.0,0.01,0.1,10.0,3.922551820933724,19.82529299336602,858.4148757341866,80370.16364067105,8732.541403698324,181162.20826908614,931.4916884369331,NTP
11.0,3500.0,0.01,0.13333333333333333,13.333333333333332,4.247519607100944,19.82529299336602,759.5017088245544,52360.66740845979,8894.532290663336,183318.1310224836,942.5769150131014,NTP
11.0,3500.0,0.01,0.16666666666666669,16.666666666666668,4.507426234878473,19.82529299336602,691.2381073289663,37657.491202020676,9004.628716256291,184795.65112992842,950.1739613989515,NTP
11.0,3500.0,0.01,0.2,20.0,4.7254886296500995,19.82529299336602,640.3163021688918,28809.484418852862,9085.887352866997,185892.27575907757,955.8125365584594,NTP
11.0,3500.0,0.01,0.23333333333333336,23.333333333333336,4.914189225811574,19.82529299336602,600.3583814228778,22992.78366647505,9149.145000768343,186749.46313453323,960.2199840239044,NTP
11.0,3500.0,0.01,0.26666666666666666,26.666666666666664,5.0810556816992065,19.82529299336602,567.8660470380272,18924.0980576258,9200.263200262601,187444.33970998958,963.7928691234596,NTP
11.0,3500.0,0.01,0.3,30.0,5.23099666718678,19.82529299336602,540.7355204640728,15944.161189567534,9242.729412637977,188023.06702081996,966.7685431619943,NTP
11.0,3500.0,0.01,0.33333333333333337,33.333333333333336,5.367400439844587,19.82529299336602,517.6138448245866,13682.804574183763,9278.76734957849,188515.21618073308,969.299053560992,NTP
11.0,3500.0,0.01,0.3666666666666667,36.66666666666667,5.492709440634595,19.82529299336602,497.58519064720554,11917.649035060182,9309.871680984463,188940.73845234673,971.4869848245819,NTP
11.0,3500.0,0.01,0.4,40.0,5.608745569976547,19.82529299336602,480.00403485930264,10507.796127528685,9337.089670860063,189313.65688114372,973.4044400168557,NTP
11.0,3666.6666666666665,0.01,0.1,10.0,3.922551820933724,19.369478201693042,899.2917745786716,80370.16364067105,8938.041082071408,181162.2082690861,953.4121390287759,NTP
11.0,3666.6666666666665,0.01,0.13333333333333333,13.333333333333332,4.247519607100944,19.369478201693042,795.6684568638188,52360.66740845979,9103.844040875734,183318.1310224836,964.7582301563715,NTP
11.0,3666.6666666666665,0.01,0.16666666666666669,16.666666666666668,4.507426234878473,19.369478201693042,724.1542076779647,37657.491202020676,9216.531325074844,184795.6511299284,972.5340550348395,NTP
11.0,3666.6666666666665,0.01,0.2,20.0,4.7254886296500995,19.369478201693042,670.8075546531246,28809.484418852862,9299.70219123209,185892.27575907754,978.3053207054134,NTP
11.0,3666.6666666666665,0.01,0.23333333333333336,23.333333333333336,4.914189225811574,19.369478201693042,628.9468757763481,22992.78366647505,9364.448458047154,186749.4631345332,982.8164870076465,NTP
11.0,3666.6666666666665,0.01,0.26666666666666666,26.666666666666664,5.0810556816992065,19.369478201693042,594.9072873731712,18924.0980576258,9416.7696032899,187444.33970998955,986.4734514954208,NTP
11.0,3666.6666666666665,0.01,0.3,30.0,5.23099666718678,19.369478201693042,566.484830962362,15944.161189567534,9460.235157389689,188023.06702082,989.5191509743854,NTP
11.0,3666.6666666666665,0.01,0.33333333333333337,33.333333333333336,5.367400439844587,19.369478201693042,542.262123149567,13682.804574183763,9497.121161818019,188515.21618073306,992.1092109419532,NTP
11.0,3666.6666666666665,0.01,0.3666666666666667,36.66666666666667,5.492709440634595,19.369478201693042,521.2797235351677,11917.649035060182,9528.957459991105,188940.73845234673,994.3486299855816,NTP
11.0,3666.6666666666665,0.01,0.4,40.0,5.608745569976547,19.369478201693042,502.8613698526027,10507.796127528685,9556.815960790938,189313.65688114372,996.3112079441947,NTP
11.0,3833.333333333333,0.01,0.1,10.0,3.922551820933724,18.943723392939827,940.1686734231566,80370.16364067105,9138.921019589074,181162.2082690861,974.8398063619293,NTP
11.0,3833.333333333333,0.01,0.13333333333333333,13.333333333333332,4.247519607100944,18.943723392939827,831.8352049030832,52360.66740845979,9308.45035285275,183318.13102248358,986.4408976686303,NTP
11.0,3833.333333333333,0.01,0.16666666666666669,16.666666666666668,4.507426234878473,18.943723392939827,757.0703080269631,37657.491202020676,9423.670251793848,184795.6511299284,994.3914820051713,NTP
11.0,3833.333333333333,0.01,0.2,20.0,4.7254886296500995,18.943723392939827,701.2988071373576,28809.484418852862,9508.710359571662,185892.2757590775,1000.2924552343317,NTP
11.0,3833.333333333333,0.01,0.23333333333333336,23.333333333333336,4.914189225811574,18.943723392939827,657.5353701298185,22992.78366647505,9574.911780364302,186749.4631345332,1004.9050087193496,NTP
11.0,3833.333333333333,0.01,0.26666666666666666,26.666666666666664,5.0810556816992065,18.943723392939827,621.9485277083154,18924.0980576258,9628.408828502403,187444.33970998952,1008.644162446473,NTP
11.0,3833.333333333333,0.01,0.3,30.0,5.23099666718678,18.943723392939827,592.2341414606511,15944.161189567534,9672.851258599017,188023.0670208199,1011.7583131571349,NTP
11.0,3833.333333333333,0.01,0.33333333333333337,33.333333333333336,5.367400439844587,18.943723392939827,566.9104014745473,13682.804574183763,9710.566265511989,188515.21618073306,1014.4065839876512,NTP
11.0,3833.333333333333,0.01,0.3666666666666667,36.66666666666667,5.492709440634595,18.943723392939827,544.9742564231299,11917.649035060182,9743.118075454273,188940.7384523467,1016.6963333389419,NTP
11.0,3833.333333333333,0.01,0.4,40.0,5.608745569976547,18.943723392939827,525.7187048459028,10507.796127528685,9771.602688155877,189313.65688114366,1018.7030196803738,NTP
11.0,4000.0,0.01,0.1,10.0,3.922551820933724,18.544863493396406,981.0455722676418,80370.16364067105,9335.47944241632,181162.2082690861,995.8065019310233,NTP
11.0,4000.0,0.01,0.13333333333333333,13.333333333333332,4.247519607100944,18.544863493396406,868.0019529423478,52360.66740845979,9508.654984931378,183318.13102248363,1007.6571076175329,NTP
11.0,4000.0,0.01,0.16666666666666669,16.666666666666668,4.507426234878473,18.544863493396406,789.9864083759614,37657.491202020676,9626.353014667744,184795.6511299284,1015.778691825327,NTP
11.0,4000.0,0.01,0.2,20.0,4.7254886296500995,18.544863493396406,731.7900596215906,28809.484418852862,9713.222151214495,185892.27575907754,1021.8065822243135,NTP
11.0,4000.0,0.01,0.23333333333333336,23.333333333333336,4.914189225811574,18.544863493396406,686.1238644832889,22992.78366647505,9780.847421368786,186749.4631345332,1026.518341757428,NTP
11.0,4000.0,0.01,0.26666666666666666,26.666666666666664,5.0810556816992065,18.544863493396406,648.9897680434597,18924.0980576258,9835.495075293435,187444.33970998955,1030.337916593098,NTP
11.0,4000.0,0.01,0.3,30.0,5.23099666718678,18.544863493396406,617.9834519589403,15944.161189567534,9880.893365928474,188023.06702081996,1033.5190459493597,NTP
11.0,4000.0,0.01,0.33333333333333337,33.333333333333336,5.367400439844587,18.544863493396406,591.5586797995276,13682.804574183763,9919.419541059206,188515.21618073306,1036.224275356993,NTP
11.0,4000.0,0.01,0.3666666666666667,36.66666666666667,5.492709440634595,18.544863493396406,568.668789311092,11917.649035060182,9952.67147002087,188940.73845234673,1038.5632722638975,NTP
11.0,4000.0,0.01,0.4,40.0,5.608745569976547,18.544863493396406,548.576039839203,10507.796127528685,9981.76872512692,189313.6568811437,1040.6131180878915,NTP
12.0,2500.0,0.01,0.1,10.0,3.922551820933724,25.590112379362722,613.1534826672761,87676.54215345933,7380.34452192857,197631.4999299121,787.2541637267238,NTP
12.0,2500.0,0.01,0.13333333333333333,13.333333333333332,4.247519607100944,25.590112379362722,542.5012205889674,57120.728081956135,7517.2518092742985,199983.4156608912,796.6228901322022,NTP
12.0,2500.0,0.01,0.16666666666666669,16.666666666666668,4.507426234878473,25.590112379362722,493.74150523497593,41080.899493113466,7610.300271794585,201595.25577810366,803.0435662085731,NTP
12.0,2500.0,0.01,0.2,20.0,4.7254886296500995,25.590112379362722,457.3687872634941,31428.528456930395,7678.976354259561,202791.5735553573,807.8090319952378,NTP
12.0,2500.0,0.01,0.23333333333333336,23.333333333333336,4.914189225811574,25.590112379362722,428.82741530205556,25083.03672706369,7732.438824527502,203726.68705585436,811.5340049731511,NTP
12.0,2500.0,0.01,0.26666666666666666,26.666666666666664,5.0810556816992065,25.590112379362722,405.61860502716223,20644.470608319054,7775.641588324135,204484.73422907948,814.5536440166962,NTP
12.0,2500.0,0.01,0.3,30.0,5.23099666718678,25.590112379362722,386.2396574743378,17393.630388619127,7811.532088395389,205116.0731136217,817.0685475910491,NTP
12.0,2500.0,0.01,0.33333333333333337,33.333333333333336,5.367400439844587,25.590112379362722,369.7241748747047,14926.69589910956,7841.989704132301,205652.9631062542,819.2072192213966,NTP
12.0,2500.0,0.01,0.3666666666666667,36.66666666666667,5.492709440634595,25.590112379362722,355.4179933194325,13001.071674611107,7868.277662160546,206117.16922074184,821.0563586378732,NTP
12.0,2500.0,0.01,0.4,40.0,5.608745569976547,25.590112379362722,342.86002489950187,11463.050320940385,7891.281062109067,206523.989324884,822.6769040518748,NTP
12.0,2666.6666666666665,0.01,0.1,10.0,3.922551820933724,24.777519768212024,654.0303815117611,87676.54215345933,7622.387046053998,197631.49992991216,813.0726040922797,NTP
12.0,2666.6666666666665,0.01,0.13333333333333333,13.333333333333332,4.247519607100944,24.777519768212024,578.6679686282318,57120.728081956135,7763.784284417848,199983.4156608912,822.7485831172372,NTP
12.0,2666.6666666666665,0.01,0.16666666666666669,16.666666666666668,4.507426234878473,24.777519768212024,526.6576055839743,41080.899493113466,7859.884323279521,201595.25577810366,829.3798288546177,NTP
12.0,2666.6666666666665,0.01,0.2,20.0,4.7254886296500995,24.777519768212024,487.860039747727,31428.528456930395,7930.812676258087,202791.57355535732,834.3015807555975,NTP
12.0,2666.6666666666665,0.01,0.23333333333333336,23.333333333333336,4.914189225811574,24.777519768212024,457.4159096555259,25083.03672706369,7986.0284781233795,203726.6870558544,838.148716304539,NTP
12.0,2666.6666666666665,0.01,0.26666666666666666,26.666666666666664,5.0810556816992065,24.777519768212024,432.6598453623064,20644.470608319054,8030.648100708577,204484.7342290795,841.2673860984611,NTP
12.0,2666.6666666666665,0.01,0.3,30.0,5.23099666718678,24.777519768212024,411.98896797262694,17393.630388619127,8067.7156497920505,205116.07311362177,843.8647673413375,NTP
12.0,2666.6666666666665,0.01,0.33333333333333337,33.333333333333336,5.367400439844587,24.777519768212024,394.372453199685,14926.69589910956,8099.172140062516,205652.96310625426,846.0735779032955,NTP
12.0,2666.6666666666665,0.01,0.3666666666666667,36.66666666666667,5.492709440634595,24.777519768212024,379.1125262073947,13001.071674611107,8126.322226368967,206117.1692207419,847.9833608805834,NTP
12.0,2666.6666666666665,0.01,0.4,40.0,5.608745569976547,24.777519768212024,365.717359892802,11463.050320940385,8150.080035677437,206523.989324884,849.6570529873034,NTP
12.0,2833.3333333333335,0.01,0.1,10.0,3.922551820933724,24.037724975333596,694.9072803562462,87676.54215345933,7856.976727555107,197631.49992991216,838.0960569921199,NTP
12.0,2833.3333333333335,0.01,0.13333333333333333,13.333333333333332,4.247519607100944,24.037724975333596,614.8347166674964,57120.728081956135,8002.725664791303,199983.4156608912,848.06982787991,NTP
12.0,2833.3333333333335,0.01,0.16666666666666669,16.666666666666668,4.507426234878473,24.037724975333596,559.5737059329728,41080.899493113466,8101.783317504463,201595.2557781037,854.9051595310718,NTP
12.0,2833.3333333333335,0.01,0.2,20.0,4.7254886296500995,24.037724975333596,518.35129223196,31428.528456930395,8174.894590299893,202791.57355535732,859.9783852687777,NTP
12.0,2833.3333333333335,0.01,0.23333333333333336,23.333333333333336,4.914189225811574,24.037724975333596,486.0044040089963,25083.03672706369,8231.809736123338,203726.6870558544,863.9439218248664,NTP
12.0,2833.3333333333335,0.01,0.26666666666666666,26.666666666666664,5.0810556816992065,24.037724975333596,459.7010856974506,20644.470608319054,8277.80259034683,204484.73422907953,867.1585730678075,NTP
12.0,2833.3333333333335,0.01,0.3,30.0,5.23099666718678,24.037724975333596,437.73827847091616,17393.630388619127,8316.01094538531,205116.07311362174,869.8358923714017,NTP
12.0,2833.3333333333335,0.01,0.33333333333333337,33.333333333333336,5.367400439844587,24.037724975333596,419.0207315246654,14926.69589910956,8348.435553384397,205652.96310625426,872.112682184885,NTP
12.0,2833.3333333333335,0.01,0.3666666666666667,36.66666666666667,5.492709440634595,24.037724975333596,402.80705909535686,13001.071674611107,8376.421221780929,206117.16922074187,874.081241419226,NTP
12.0,2833.3333333333335,0.01,0.4,40.0,5.608745569976547,24.037724975333596,388.5746948861021,11463.050320940385,8400.910211083956,206523.989324884,875.8064437544183,NTP
12.0,3000.0,0.01,0.1,10.0,3.922551820933724,23.360469665448605,735.7841792007313,87676.54215345933,8084.76235363992,197631.49992991216,862.3937279259841,NTP
12.0,3000.0,0.01,0.13333333333333333,13.333333333333332,4.247519607100944,23.360469665448605,651.0014647067609,57120.728081956135,8234.73677277211,199983.41566089116,872.6566535007333,NTP
12.0,3000.0,0.01,0.16666666666666669,16.666666666666668,4.507426234878473,23.360469665448605,592.4898062819711,41080.899493113466,8336.666256499182,201595.2557781037,879.6901517436578,NTP
12.0,3000.0,0.01,0.2,20.0,4.7254886296500995,23.360469665448605,548.842544716193,31428.528456930395,8411.897135553487,202791.57355535732,884.9104579604085,NTP
12.0,3000.0,0.01,0.23333333333333336,23.333333333333336,4.914189225811574,23.360469665448605,514.5928983624667,25083.03672706369,8470.46233744489,203726.6870558544,888.9909614126091,NTP
12.0,3000.0,0.01,0.26666666666666666,26.666666666666664,5.0810556816992065,23.360469665448605,486.7423260325947,20644.470608319054,8517.788594000855,204484.7342290795,892.298810251955,NTP
12.0,3000.0,0.01,0.3,30.0,5.23099666718678,23.360469665448605,463.4875889692053,17393.630388619127,8557.104666979187,205116.0731136217,895.0537490872018,NTP
12.0,3000.0,0.01,0.33333333333333337,33.333333333333336,5.367400439844587,23.360469665448605,443.6690098496457,14926.69589910956,8590.469313353049,205652.9631062542,897.3965464772773,NTP
12.0,3000.0,0.01,0.3666666666666667,36.66666666666667,5.492709440634595,23.360469665448605,426.50159198331903,13001.071674611107,8619.266328558688,206117.16922074187,899.4221772180298,NTP
12.0,3000.0,0.01,0.4,40.0,5.608745569976547,23.360469665448605,411.43202987940225,11463.050320940385,8644.465290660923,206523.989324884,901.19739577545,NTP
12.0,3166.6666666666665,0.01,0.1,10.0,3.922551820933724,22.737411524466854,776.6610780452164,87676.54215345933,8306.303710575723,197631.49992991218,886.0253287499256,NTP
12.0,3166.6666666666665,0.01,0.13333333333333333,13.333333333333332,4.247519607100944,22.737411524466854,687.1682127460253,57120.728081956135,8460.38777880666,199983.41566089122,896.5694824373279,NTP
12.0,3166.6666666666665,0.01,0.16666666666666669,16.666666666666668,4.507426234878473,22.737411524466854,625.4059066309695,41080.899493113466,8565.110368273752,201595.25577810372,903.7957149470847,NTP
12.0,3166.6666666666665,0.01,0.2,20.0,4.7254886296500995,22.737411524466854,579.3337972004258,31428.528456930395,8642.40274899009,202791.57355535735,909.159069737472,NTP
12.0,3166.6666666666665,0.01,0.23333333333333336,23.333333333333336,4.914189225811574,22.737411524466854,543.181392715937,25083.03672706369,8702.572774094433,203726.68705585442,913.3513885074567,NTP
12.0,3166.6666666666665,0.01,0.26666666666666666,26.666666666666664,5.0810556816992065,22.737411524466854,513.7835663677388,20644.470608319054,8751.195880531382,204484.73422907953,916.7498801249516,NTP
12.0,3166.6666666666665,0.01,0.3,30.0,5.23099666718678,22.737411524466854,489.2368994674945,17393.630388619127,8791.58930566628,205116.07311362177,919.580310713838,NTP
12.0,3166.6666666666665,0.01,0.33333333333333337,33.333333333333336,5.367400439844587,22.737411524466854,468.31728817462596,14926.69589910956,8825.868221218137,205652.96310625423,921.9873062200879,NTP
12.0,3166.6666666666665,0.01,0.3666666666666667,36.66666666666667,5.492709440634595,22.737411524466854,450.1961248712812,13001.071674611107,8855.454341847695,206117.1692207419,924.0684439706112,NTP
12.0,3166.6666666666665,0.01,0.4,40.0,5.608745569976547,22.737411524466854,434.2893648727024,11463.050320940385,8881.343814321579,206523.98932488402,925.8923076595597,NTP
12.0,3333.333333333333,0.01,0.1,10.0,3.922551820933724,22.16168740622677,817.5379768897014,87676.54215345933,8522.087792895281,197631.49992991218,909.0428066965555,NTP
12.0,3333.333333333333,0.01,0.13333333333333333,13.333333333333332,4.247519607100944,22.16168740622677,723.3349607852898,57120.728081956135,8680.174711301435,199983.41566089125,919.8608801208892,NTP
12.0,3333.333333333333,0.01,0.16666666666666669,16.666666666666668,4.507426234878473,22.16168740622677,658.3220069799678,41080.899493113466,8787.61782106897,201595.2557781037,927.2748382430334,NTP
12.0,3333.333333333333,0.01,0.2,20.0,4.7254886296500995,22.16168740622677,609.8250496846588,31428.528456930395,8866.918130465057,202791.57355535735,932.7775241525231,NTP
12.0,3333.333333333333,0.01,0.23333333333333336,23.333333333333336,4.914189225811574,22.16168740622677,571.7698870694073,25083.03672706369,8928.651273666534,203726.6870558544,937.0787524555676,NTP
12.0,3333.333333333333,0.01,0.26666666666666666,26.666666666666664,5.0810556816992065,22.16168740622677,540.8248067028829,20644.470608319054,8978.537528281977,204484.7342290795,940.5655312848602,NTP
12.0,3333.333333333333,0.01,0.3,30.0,5.23099666718678,22.16168740622677,514.9862099657836,17393.630388619127,9019.980308036955,205116.07311362177,943.4694917961375,NTP
12.0,3333.333333333333,0.01,0.33333333333333337,33.333333333333336,5.367400439844587,22.16168740622677,492.96556649960627,14926.69589910956,9055.149733326116,205652.96310625426,945.9390170791163,NTP
12.0,3333.333333333333,0.01,0.3666666666666667,36.66666666666667,5.492709440634595,22.16168740622677,473.8906577592433,13001.071674611107,9085.504452614221,206117.16922074187,948.07421935886,NTP
12.0,3333.333333333333,0.01,0.4,40.0,5.608745569976547,22.16168740622677,457.14669986600245,11463.050320940385,9112.066490919331,206523.98932488402,949.9454640208755,NTP
12.0,3500.0,0.01,0.1,10.0,3.922551820933724,21.627592356399294,858.4148757341866,87676.54215345933,8732.541403698324,197631.49992991218,931.4916884369333,NTP
12.0,3500.0,0.01,0.13333333333333333,13.333333333333332,4.247519607100944,21.627592356399294,759.5017088245544,57120.728081956135,8894.532290663336,199983.4156608912,942.5769150131013,NTP
12.0,3500.0,0.01,0.16666666666666669,16.666666666666668,4.507426234878473,21.627592356399294,691.2381073289663,41080.899493113466,9004.628716256291,201595.25577810372,950.1739613989514,NTP
12.0,3500.0,0.01,0.2,20.0,4.7254886296500995,21.627592356399294,640.3163021688918,31428.528456930395,9085.887352866997,202791.57355535735,955.8125365584594,NTP
12.0,3500.0,0.01,0.23333333333333336,23.333333333333336,4.914189225811574,21.627592356399294,600.3583814228778,25083.03672706369,9149.145000768343,203726.68705585442,960.2199840239044,NTP
12.0,3500.0,0.01,0.26666666666666666,26.666666666666664,5.0810556816992065,21.627592356399294,567.8660470380272,20644.470608319054,9200.263200262601,204484.73422907956,963.7928691234597,NTP
12.0,3500.0,0.01,0.3,30.0,5.23099666718678,21.627592356399294,540.7355204640728,17393.630388619127,9242.729412637977,205116.07311362177,966.7685431619943,NTP
12.0,3500.0,0.01,0.33333333333333337,33.333333333333336,5.367400439844587,21.627592356399294,517.6138448245866,14926.69589910956,9278.76734957849,205652.96310625426,969.299053560992,NTP
12.0,3500.0,0.01,0.3666666666666667,36.66666666666667,5.492709440634595,21.627592356399294,497.58519064720554,13001.071674611107,9309.871680984463,206117.16922074187,971.4869848245818,NTP
12.0,3500.0,0.01,0.4,40.0,5.608745569976547,21.627592356399294,480.00403485930264,11463.050320940385,9337.089670860063,206523.98932488405,973.4044400168557,NTP
12.0,3666.6666666666665,0.01,0.1,10.0,3.922551820933724,21.13033985639241,899.2917745786716,87676.54215345933,8938.041082071408,197631.49992991216,953.412139028776,NTP
12.0,3666.6666666666665,0.01,0.13333333333333333,13.333333333333332,4.247519607100944,21.13033985639241,795.6684568638188,57120.728081956135,9103.844040875734,199983.41566089122,964.7582301563715,NTP
12.0,3666.6666666666665,0.01,0.16666666666666669,16.666666666666668,4.507426234878473,21.13033985639241,724.1542076779647,41080.899493113466,9216.531325074844,201595.2557781037,972.5340550348394,NTP
12.0,3666.6666666666665,0.01,0.2,20.0,4.7254886296500995,21.13033985639241,670.8075546531246,31428.528456930395,9299.70219123209,202791.57355535735,978.3053207054135,NTP
12.0,3666.6666666666665,0.01,0.23333333333333336,23.333333333333336,4.914189225811574,21.13033985639241,628.9468757763481,25083.03672706369,9364.448458047154,203726.68705585442,982.8164870076465,NTP
12.0,3666.6666666666665,0.01,0.26666666666666666,26.666666666666664,5.0810556816992065,21.13033985639241,594.9072873731712,20644.470608319054,9416.7696032899,204484.73422907953,986.4734514954209,NTP
12.0,3666.6666666666665,0.01,0.3,30.0,5.23099666718678,21.13033985639241,566.484830962362,17393.630388619127,9460.235157389689,205116.0731136218,989.5191509743853,NTP
12.0,3666.6666666666665,0.01,0.33333333333333337,33.333333333333336,5.367400439844587,21.13033985639241,542.262123149567,14926.69589910956,9497.121161818019,205652.96310625426,992.1092109419532,NTP
12.0,3666.6666666666665,0.01,0.3666666666666667,36.66666666666667,5.492709440634595,21.13033985639241,521.2797235351677,13001.071674611107,9528.957459991105,206117.1692207419,994.3486299855816,NTP
12.0,3666.6666666666665,0.01,0.4,40.0,5.608745569976547,21.13033985639241,502.8613698526027,11463.050320940385,9556.815960790938,206523.98932488405,996.3112079441946,NTP
12.0,3833.333333333333,0.01,0.1,10.0,3.922551820933724,20.66588006502527,940.1686734231566,87676.54215345933,9138.921019589074,197631.49992991218,974.8398063619294,NTP
12.0,3833.333333333333,0.01,0.13333333333333333,13.333333333333332,4.247519607100944,20.66588006502527,831.8352049030832,57120.728081956135,9308.45035285275,199983.41566089122,986.4408976686303,NTP
12.0,3833.333333333333,0.01,0.16666666666666669,16.666666666666668,4.507426234878473,20.66588006502527,757.0703080269631,41080.899493113466,9423.670251793848,201595.25577810372,994.3914820051712,NTP
12.0,3833.333333333333,0.01,0.2,20.0,4.7254886296500995,20.66588006502527,701.2988071373576,31428.528456930395,9508.710359571662,202791.57355535735,1000.2924552343318,NTP
12.0,3833.333333333333,0.01,0.23333333333333336,23.333333333333336,4.914189225811574,20.66588006502527,657.5353701298185,25083.03672706369,9574.911780364302,203726.68705585442,1004.9050087193494,NTP
12.0,3833.333333333333,0.01,0.26666666666666666,26.666666666666664,5.0810556816992065,20.66588006502527,621.9485277083154,20644.470608319054,9628.408828502403,204484.73422907953,1008.6441624464732,NTP
12.0,3833.333333333333,0.01,0.3,30.0,5.23099666718678,20.66588006502527,592.2341414606511,17393.630388619127,9672.851258599017,205116.07311362177,1011.758313157135,NTP
12.0,3833.333333333333,0.01,0.33333333333333337,33.333333333333336,5.367400439844587,20.66588006502527,566.9104014745473,14926.69589910956,9710.566265511989,205652.96310625426,1014.4065839876511,NTP
12.0,3833.333333333333,0.01,0.3666666666666667,36.66666666666667,5.492709440634595,20.66588006502527,544.9742564231299,13001.071674611107,9743.118075454273,206117.1692207419,1016.6963333389419,NTP
12.0,3833.333333333333,0.01,0.4,40.0,5.608745569976547,20.66588006502527,525.7187048459028,11463.050320940385,9771.602688155877,206523.98932488405,1018.7030196803739,NTP
12.0,4000.0,0.01,0.1,10.0,3.922551820933724,20.23076017461426,981.0455722676418,87676.54215345933,9335.47944241632,197631.49992991216,995.8065019310235,NTP
12.0,4000.0,0.01,0.13333333333333333,13.333333333333332,4.247519607100944,20.23076017461426,868.0019529423478,57120.728081956135,9508.654984931378,199983.41566089122,1007.6571076175329,NTP
12.0,4000.0,0.01,0.16666666666666669,16.666666666666668,4.507426234878473,20.23076017461426,789.9864083759614,41080.899493113466,9626.353014667744,201595.2557781037,1015.7786918253271,NTP
12.0,4000.0,0.01,0.2,20.0,4.7254886296500995,20.23076017461426,731.7900596215906,31428.528456930395,9713.222151214495,202791.57355535735,1021.8065822243138,NTP
12.0,4000.0,0.01,0.23333333333333336,23.333333333333336,4.914189225811574,20.23076017461426,686.1238644832889,25083.03672706369,9780.847421368786,203726.68705585442,1026.5183417574283,NTP
12.0,4000.0,0.01,0.26666666666666666,26.666666666666664,5.0810556816992065,20.23076017461426,648.9897680434597,20644.470608319054,9835.495075293435,204484.73422907953,1030.3379165930983,NTP
12.0,4000.0,0.01,0.3,30.0,5.23099666718678,20.23076017461426,617.9834519589403,17393.630388619127,9880.893365928474,205116.07311362177,1033.5190459493597,NTP
12.0,4000.0,0.01,0.33333333333333337,33.333333333333336,5.367400439844587,20.23076017461426,591.5586797995276,14926.69589910956,9919.419541059206,205652.96310625423,1036.224275356993,NTP
12.0,4000.0,0.01,0.3666666666666667,36.66666666666667,5.492709440634595,20.23076017461426,568.668789311092,13001.071674611107,9952.67147002087,206117.16922074187,1038.5632722638975,NTP
12.0,4000.0,0.01,0.4,40.0,5.608745569976547,20.23076017461426,548.576039839203,11463.050320940385,9981.76872512692,206523.989324884,1040.6131180878913,NTP
